day,seed,budget,method,gt,k,precision,recall,total_divergence,aux_recall
tuesday,42,250,dual_gain,GT1,5,0.0,0.0,0.6426500335051509,0.9534883720930233
tuesday,42,250,dual_gain,GT1,10,0.0,0.0,0.6426500335051509,0.9534883720930233
tuesday,42,250,dual_gain,GT1,20,0.1,0.13333333333333333,0.6426500335051509,0.9534883720930233
tuesday,42,250,dual_gain,GT2,5,0.0,0.0,0.6426500335051509,0.9534883720930233
tuesday,42,250,dual_gain,GT2,10,0.0,0.0,0.6426500335051509,0.9534883720930233
tuesday,42,250,dual_gain,GT2,20,0.15,0.2,0.6426500335051509,0.9534883720930233
tuesday,42,250,dual_abs,GT1,5,0.2,0.06666666666666667,0.6426500335051509,0.9534883720930233
tuesday,42,250,dual_abs,GT1,10,0.4,0.26666666666666666,0.6426500335051509,0.9534883720930233
tuesday,42,250,dual_abs,GT1,20,0.3,0.4,0.6426500335051509,0.9534883720930233
tuesday,42,250,dual_abs,GT2,5,0.2,0.06666666666666667,0.6426500335051509,0.9534883720930233
tuesday,42,250,dual_abs,GT2,10,0.3,0.2,0.6426500335051509,0.9534883720930233
tuesday,42,250,dual_abs,GT2,20,0.25,0.3333333333333333,0.6426500335051509,0.9534883720930233
tuesday,42,250,aux_only,GT1,5,0.0,0.0,0.6426500335051509,0.9534883720930233
tuesday,42,250,aux_only,GT1,10,0.0,0.0,0.6426500335051509,0.9534883720930233
tuesday,42,250,aux_only,GT1,20,0.35,0.4666666666666667,0.6426500335051509,0.9534883720930233
tuesday,42,250,aux_only,GT2,5,0.0,0.0,0.6426500335051509,0.9534883720930233
tuesday,42,250,aux_only,GT2,10,0.0,0.0,0.6426500335051509,0.9534883720930233
tuesday,42,250,aux_only,GT2,20,0.25,0.3333333333333333,0.6426500335051509,0.9534883720930233
tuesday,42,250,main_only,GT1,5,0.0,0.0,0.6426500335051509,0.9534883720930233
tuesday,42,250,main_only,GT1,10,0.2,0.13333333333333333,0.6426500335051509,0.9534883720930233
tuesday,42,250,main_only,GT1,20,0.5,0.6666666666666666,0.6426500335051509,0.9534883720930233
tuesday,42,250,main_only,GT2,5,0.0,0.0,0.6426500335051509,0.9534883720930233
tuesday,42,250,main_only,GT2,10,0.1,0.06666666666666667,0.6426500335051509,0.9534883720930233
tuesday,42,250,main_only,GT2,20,0.4,0.5333333333333333,0.6426500335051509,0.9534883720930233
tuesday,42,250,perm_disagree,GT1,5,0.0,0.0,0.6426500335051509,0.9534883720930233
tuesday,42,250,perm_disagree,GT1,10,0.3,0.2,0.6426500335051509,0.9534883720930233
tuesday,42,250,perm_disagree,GT1,20,0.35,0.4666666666666667,0.6426500335051509,0.9534883720930233
tuesday,42,250,perm_disagree,GT2,5,0.0,0.0,0.6426500335051509,0.9534883720930233
tuesday,42,250,perm_disagree,GT2,10,0.3,0.2,0.6426500335051509,0.9534883720930233
tuesday,42,250,perm_disagree,GT2,20,0.25,0.3333333333333333,0.6426500335051509,0.9534883720930233
tuesday,42,250,random,GT1,5,0.2,0.06666666666666667,0.6426500335051509,0.9534883720930233
tuesday,42,250,random,GT1,10,0.3,0.2,0.6426500335051509,0.9534883720930233
tuesday,42,250,random,GT1,20,0.3,0.4,0.6426500335051509,0.9534883720930233
tuesday,42,250,random,GT2,5,0.2,0.06666666666666667,0.6426500335051509,0.9534883720930233
tuesday,42,250,random,GT2,10,0.3,0.2,0.6426500335051509,0.9534883720930233
tuesday,42,250,random,GT2,20,0.25,0.3333333333333333,0.6426500335051509,0.9534883720930233
tuesday,42,1000,dual_gain,GT1,5,0.0,0.0,0.622466740639915,0.9534883720930233
tuesday,42,1000,dual_gain,GT1,10,0.0,0.0,0.622466740639915,0.9534883720930233
tuesday,42,1000,dual_gain,GT1,20,0.15,0.2,0.622466740639915,0.9534883720930233
tuesday,42,1000,dual_gain,GT2,5,0.0,0.0,0.622466740639915,0.9534883720930233
tuesday,42,1000,dual_gain,GT2,10,0.1,0.06666666666666667,0.622466740639915,0.9534883720930233
tuesday,42,1000,dual_gain,GT2,20,0.2,0.26666666666666666,0.622466740639915,0.9534883720930233
tuesday,42,1000,dual_abs,GT1,5,0.0,0.0,0.622466740639915,0.9534883720930233
tuesday,42,1000,dual_abs,GT1,10,0.2,0.13333333333333333,0.622466740639915,0.9534883720930233
tuesday,42,1000,dual_abs,GT1,20,0.4,0.5333333333333333,0.622466740639915,0.9534883720930233
tuesday,42,1000,dual_abs,GT2,5,0.0,0.0,0.622466740639915,0.9534883720930233
tuesday,42,1000,dual_abs,GT2,10,0.1,0.06666666666666667,0.622466740639915,0.9534883720930233
tuesday,42,1000,dual_abs,GT2,20,0.25,0.3333333333333333,0.622466740639915,0.9534883720930233
tuesday,42,1000,aux_only,GT1,5,0.0,0.0,0.622466740639915,0.9534883720930233
tuesday,42,1000,aux_only,GT1,10,0.1,0.06666666666666667,0.622466740639915,0.9534883720930233
tuesday,42,1000,aux_only,GT1,20,0.25,0.3333333333333333,0.622466740639915,0.9534883720930233
tuesday,42,1000,aux_only,GT2,5,0.0,0.0,0.622466740639915,0.9534883720930233
tuesday,42,1000,aux_only,GT2,10,0.1,0.06666666666666667,0.622466740639915,0.9534883720930233
tuesday,42,1000,aux_only,GT2,20,0.3,0.4,0.622466740639915,0.9534883720930233
tuesday,42,1000,main_only,GT1,5,0.0,0.0,0.622466740639915,0.9534883720930233
tuesday,42,1000,main_only,GT1,10,0.2,0.13333333333333333,0.622466740639915,0.9534883720930233
tuesday,42,1000,main_only,GT1,20,0.5,0.6666666666666666,0.622466740639915,0.9534883720930233
tuesday,42,1000,main_only,GT2,5,0.0,0.0,0.622466740639915,0.9534883720930233
tuesday,42,1000,main_only,GT2,10,0.1,0.06666666666666667,0.622466740639915,0.9534883720930233
tuesday,42,1000,main_only,GT2,20,0.4,0.5333333333333333,0.622466740639915,0.9534883720930233
tuesday,42,1000,perm_disagree,GT1,5,0.0,0.0,0.622466740639915,0.9534883720930233
tuesday,42,1000,perm_disagree,GT1,10,0.3,0.2,0.622466740639915,0.9534883720930233
tuesday,42,1000,perm_disagree,GT1,20,0.35,0.4666666666666667,0.622466740639915,0.9534883720930233
tuesday,42,1000,perm_disagree,GT2,5,0.0,0.0,0.622466740639915,0.9534883720930233
tuesday,42,1000,perm_disagree,GT2,10,0.3,0.2,0.622466740639915,0.9534883720930233
tuesday,42,1000,perm_disagree,GT2,20,0.25,0.3333333333333333,0.622466740639915,0.9534883720930233
tuesday,42,1000,random,GT1,5,0.2,0.06666666666666667,0.622466740639915,0.9534883720930233
tuesday,42,1000,random,GT1,10,0.3,0.2,0.622466740639915,0.9534883720930233
tuesday,42,1000,random,GT1,20,0.3,0.4,0.622466740639915,0.9534883720930233
tuesday,42,1000,random,GT2,5,0.2,0.06666666666666667,0.622466740639915,0.9534883720930233
tuesday,42,1000,random,GT2,10,0.3,0.2,0.622466740639915,0.9534883720930233
tuesday,42,1000,random,GT2,20,0.25,0.3333333333333333,0.622466740639915,0.9534883720930233
tuesday,42,5000,dual_gain,GT1,5,0.0,0.0,0.5934191024719269,0.9534883720930233
tuesday,42,5000,dual_gain,GT1,10,0.1,0.06666666666666667,0.5934191024719269,0.9534883720930233
tuesday,42,5000,dual_gain,GT1,20,0.05,0.06666666666666667,0.5934191024719269,0.9534883720930233
tuesday,42,5000,dual_gain,GT2,5,0.0,0.0,0.5934191024719269,0.9534883720930233
tuesday,42,5000,dual_gain,GT2,10,0.1,0.06666666666666667,0.5934191024719269,0.9534883720930233
tuesday,42,5000,dual_gain,GT2,20,0.15,0.2,0.5934191024719269,0.9534883720930233
tuesday,42,5000,dual_abs,GT1,5,0.2,0.06666666666666667,0.5934191024719269,0.9534883720930233
tuesday,42,5000,dual_abs,GT1,10,0.3,0.2,0.5934191024719269,0.9534883720930233
tuesday,42,5000,dual_abs,GT1,20,0.35,0.4666666666666667,0.5934191024719269,0.9534883720930233
tuesday,42,5000,dual_abs,GT2,5,0.2,0.06666666666666667,0.5934191024719269,0.9534883720930233
tuesday,42,5000,dual_abs,GT2,10,0.2,0.13333333333333333,0.5934191024719269,0.9534883720930233
tuesday,42,5000,dual_abs,GT2,20,0.25,0.3333333333333333,0.5934191024719269,0.9534883720930233
tuesday,42,5000,aux_only,GT1,5,0.0,0.0,0.5934191024719269,0.9534883720930233
tuesday,42,5000,aux_only,GT1,10,0.1,0.06666666666666667,0.5934191024719269,0.9534883720930233
tuesday,42,5000,aux_only,GT1,20,0.3,0.4,0.5934191024719269,0.9534883720930233
tuesday,42,5000,aux_only,GT2,5,0.0,0.0,0.5934191024719269,0.9534883720930233
tuesday,42,5000,aux_only,GT2,10,0.1,0.06666666666666667,0.5934191024719269,0.9534883720930233
tuesday,42,5000,aux_only,GT2,20,0.3,0.4,0.5934191024719269,0.9534883720930233
tuesday,42,5000,main_only,GT1,5,0.0,0.0,0.5934191024719269,0.9534883720930233
tuesday,42,5000,main_only,GT1,10,0.2,0.13333333333333333,0.5934191024719269,0.9534883720930233
tuesday,42,5000,main_only,GT1,20,0.5,0.6666666666666666,0.5934191024719269,0.9534883720930233
tuesday,42,5000,main_only,GT2,5,0.0,0.0,0.5934191024719269,0.9534883720930233
tuesday,42,5000,main_only,GT2,10,0.1,0.06666666666666667,0.5934191024719269,0.9534883720930233
tuesday,42,5000,main_only,GT2,20,0.4,0.5333333333333333,0.5934191024719269,0.9534883720930233
tuesday,42,5000,perm_disagree,GT1,5,0.0,0.0,0.5934191024719269,0.9534883720930233
tuesday,42,5000,perm_disagree,GT1,10,0.3,0.2,0.5934191024719269,0.9534883720930233
tuesday,42,5000,perm_disagree,GT1,20,0.35,0.4666666666666667,0.5934191024719269,0.9534883720930233
tuesday,42,5000,perm_disagree,GT2,5,0.0,0.0,0.5934191024719269,0.9534883720930233
tuesday,42,5000,perm_disagree,GT2,10,0.3,0.2,0.5934191024719269,0.9534883720930233
tuesday,42,5000,perm_disagree,GT2,20,0.25,0.3333333333333333,0.5934191024719269,0.9534883720930233
tuesday,42,5000,random,GT1,5,0.2,0.06666666666666667,0.5934191024719269,0.9534883720930233
tuesday,42,5000,random,GT1,10,0.3,0.2,0.5934191024719269,0.9534883720930233
tuesday,42,5000,random,GT1,20,0.3,0.4,0.5934191024719269,0.9534883720930233
tuesday,42,5000,random,GT2,5,0.2,0.06666666666666667,0.5934191024719269,0.9534883720930233
tuesday,42,5000,random,GT2,10,0.3,0.2,0.5934191024719269,0.9534883720930233
tuesday,42,5000,random,GT2,20,0.25,0.3333333333333333,0.5934191024719269,0.9534883720930233
tuesday,42,25000,dual_gain,GT1,5,0.0,0.0,0.5118607967103477,1.0
tuesday,42,25000,dual_gain,GT1,10,0.2,0.13333333333333333,0.5118607967103477,1.0
tuesday,42,25000,dual_gain,GT1,20,0.15,0.2,0.5118607967103477,1.0
tuesday,42,25000,dual_gain,GT2,5,0.0,0.0,0.5118607967103477,1.0
tuesday,42,25000,dual_gain,GT2,10,0.2,0.13333333333333333,0.5118607967103477,1.0
tuesday,42,25000,dual_gain,GT2,20,0.25,0.3333333333333333,0.5118607967103477,1.0
tuesday,42,25000,dual_abs,GT1,5,0.2,0.06666666666666667,0.5118607967103477,1.0
tuesday,42,25000,dual_abs,GT1,10,0.3,0.2,0.5118607967103477,1.0
tuesday,42,25000,dual_abs,GT1,20,0.35,0.4666666666666667,0.5118607967103477,1.0
tuesday,42,25000,dual_abs,GT2,5,0.2,0.06666666666666667,0.5118607967103477,1.0
tuesday,42,25000,dual_abs,GT2,10,0.2,0.13333333333333333,0.5118607967103477,1.0
tuesday,42,25000,dual_abs,GT2,20,0.25,0.3333333333333333,0.5118607967103477,1.0
tuesday,42,25000,aux_only,GT1,5,0.0,0.0,0.5118607967103477,1.0
tuesday,42,25000,aux_only,GT1,10,0.1,0.06666666666666667,0.5118607967103477,1.0
tuesday,42,25000,aux_only,GT1,20,0.35,0.4666666666666667,0.5118607967103477,1.0
tuesday,42,25000,aux_only,GT2,5,0.0,0.0,0.5118607967103477,1.0
tuesday,42,25000,aux_only,GT2,10,0.1,0.06666666666666667,0.5118607967103477,1.0
tuesday,42,25000,aux_only,GT2,20,0.3,0.4,0.5118607967103477,1.0
tuesday,42,25000,main_only,GT1,5,0.0,0.0,0.5118607967103477,1.0
tuesday,42,25000,main_only,GT1,10,0.2,0.13333333333333333,0.5118607967103477,1.0
tuesday,42,25000,main_only,GT1,20,0.5,0.6666666666666666,0.5118607967103477,1.0
tuesday,42,25000,main_only,GT2,5,0.0,0.0,0.5118607967103477,1.0
tuesday,42,25000,main_only,GT2,10,0.1,0.06666666666666667,0.5118607967103477,1.0
tuesday,42,25000,main_only,GT2,20,0.4,0.5333333333333333,0.5118607967103477,1.0
tuesday,42,25000,perm_disagree,GT1,5,0.6,0.2,0.5118607967103477,1.0
tuesday,42,25000,perm_disagree,GT1,10,0.5,0.3333333333333333,0.5118607967103477,1.0
tuesday,42,25000,perm_disagree,GT1,20,0.3,0.4,0.5118607967103477,1.0
tuesday,42,25000,perm_disagree,GT2,5,0.4,0.13333333333333333,0.5118607967103477,1.0
tuesday,42,25000,perm_disagree,GT2,10,0.5,0.3333333333333333,0.5118607967103477,1.0
tuesday,42,25000,perm_disagree,GT2,20,0.3,0.4,0.5118607967103477,1.0
tuesday,42,25000,random,GT1,5,0.2,0.06666666666666667,0.5118607967103477,1.0
tuesday,42,25000,random,GT1,10,0.3,0.2,0.5118607967103477,1.0
tuesday,42,25000,random,GT1,20,0.3,0.4,0.5118607967103477,1.0
tuesday,42,25000,random,GT2,5,0.2,0.06666666666666667,0.5118607967103477,1.0
tuesday,42,25000,random,GT2,10,0.3,0.2,0.5118607967103477,1.0
tuesday,42,25000,random,GT2,20,0.25,0.3333333333333333,0.5118607967103477,1.0
tuesday,42,100000,dual_gain,GT1,5,0.0,0.0,0.44098264988037694,1.0
tuesday,42,100000,dual_gain,GT1,10,0.0,0.0,0.44098264988037694,1.0
tuesday,42,100000,dual_gain,GT1,20,0.1,0.13333333333333333,0.44098264988037694,1.0
tuesday,42,100000,dual_gain,GT2,5,0.2,0.06666666666666667,0.44098264988037694,1.0
tuesday,42,100000,dual_gain,GT2,10,0.1,0.06666666666666667,0.44098264988037694,1.0
tuesday,42,100000,dual_gain,GT2,20,0.2,0.26666666666666666,0.44098264988037694,1.0
tuesday,42,100000,dual_abs,GT1,5,0.2,0.06666666666666667,0.44098264988037694,1.0
tuesday,42,100000,dual_abs,GT1,10,0.4,0.26666666666666666,0.44098264988037694,1.0
tuesday,42,100000,dual_abs,GT1,20,0.3,0.4,0.44098264988037694,1.0
tuesday,42,100000,dual_abs,GT2,5,0.0,0.0,0.44098264988037694,1.0
tuesday,42,100000,dual_abs,GT2,10,0.2,0.13333333333333333,0.44098264988037694,1.0
tuesday,42,100000,dual_abs,GT2,20,0.25,0.3333333333333333,0.44098264988037694,1.0
tuesday,42,100000,aux_only,GT1,5,0.0,0.0,0.44098264988037694,1.0
tuesday,42,100000,aux_only,GT1,10,0.2,0.13333333333333333,0.44098264988037694,1.0
tuesday,42,100000,aux_only,GT1,20,0.3,0.4,0.44098264988037694,1.0
tuesday,42,100000,aux_only,GT2,5,0.0,0.0,0.44098264988037694,1.0
tuesday,42,100000,aux_only,GT2,10,0.3,0.2,0.44098264988037694,1.0
tuesday,42,100000,aux_only,GT2,20,0.25,0.3333333333333333,0.44098264988037694,1.0
tuesday,42,100000,main_only,GT1,5,0.0,0.0,0.44098264988037694,1.0
tuesday,42,100000,main_only,GT1,10,0.2,0.13333333333333333,0.44098264988037694,1.0
tuesday,42,100000,main_only,GT1,20,0.5,0.6666666666666666,0.44098264988037694,1.0
tuesday,42,100000,main_only,GT2,5,0.0,0.0,0.44098264988037694,1.0
tuesday,42,100000,main_only,GT2,10,0.1,0.06666666666666667,0.44098264988037694,1.0
tuesday,42,100000,main_only,GT2,20,0.4,0.5333333333333333,0.44098264988037694,1.0
tuesday,42,100000,perm_disagree,GT1,5,0.0,0.0,0.44098264988037694,1.0
tuesday,42,100000,perm_disagree,GT1,10,0.3,0.2,0.44098264988037694,1.0
tuesday,42,100000,perm_disagree,GT1,20,0.35,0.4666666666666667,0.44098264988037694,1.0
tuesday,42,100000,perm_disagree,GT2,5,0.0,0.0,0.44098264988037694,1.0
tuesday,42,100000,perm_disagree,GT2,10,0.3,0.2,0.44098264988037694,1.0
tuesday,42,100000,perm_disagree,GT2,20,0.25,0.3333333333333333,0.44098264988037694,1.0
tuesday,42,100000,random,GT1,5,0.2,0.06666666666666667,0.44098264988037694,1.0
tuesday,42,100000,random,GT1,10,0.3,0.2,0.44098264988037694,1.0
tuesday,42,100000,random,GT1,20,0.3,0.4,0.44098264988037694,1.0
tuesday,42,100000,random,GT2,5,0.2,0.06666666666666667,0.44098264988037694,1.0
tuesday,42,100000,random,GT2,10,0.3,0.2,0.44098264988037694,1.0
tuesday,42,100000,random,GT2,20,0.25,0.3333333333333333,0.44098264988037694,1.0
tuesday,1,250,dual_gain,GT1,5,0.0,0.0,0.5535580695067581,0.9534883720930233
tuesday,1,250,dual_gain,GT1,10,0.2,0.13333333333333333,0.5535580695067581,0.9534883720930233
tuesday,1,250,dual_gain,GT1,20,0.15,0.2,0.5535580695067581,0.9534883720930233
tuesday,1,250,dual_gain,GT2,5,0.2,0.06666666666666667,0.5535580695067581,0.9534883720930233
tuesday,1,250,dual_gain,GT2,10,0.2,0.13333333333333333,0.5535580695067581,0.9534883720930233
tuesday,1,250,dual_gain,GT2,20,0.15,0.2,0.5535580695067581,0.9534883720930233
tuesday,1,250,dual_abs,GT1,5,0.0,0.0,0.5535580695067581,0.9534883720930233
tuesday,1,250,dual_abs,GT1,10,0.1,0.06666666666666667,0.5535580695067581,0.9534883720930233
tuesday,1,250,dual_abs,GT1,20,0.3,0.4,0.5535580695067581,0.9534883720930233
tuesday,1,250,dual_abs,GT2,5,0.0,0.0,0.5535580695067581,0.9534883720930233
tuesday,1,250,dual_abs,GT2,10,0.1,0.06666666666666667,0.5535580695067581,0.9534883720930233
tuesday,1,250,dual_abs,GT2,20,0.25,0.3333333333333333,0.5535580695067581,0.9534883720930233
tuesday,1,250,aux_only,GT1,5,0.0,0.0,0.5535580695067581,0.9534883720930233
tuesday,1,250,aux_only,GT1,10,0.2,0.13333333333333333,0.5535580695067581,0.9534883720930233
tuesday,1,250,aux_only,GT1,20,0.4,0.5333333333333333,0.5535580695067581,0.9534883720930233
tuesday,1,250,aux_only,GT2,5,0.0,0.0,0.5535580695067581,0.9534883720930233
tuesday,1,250,aux_only,GT2,10,0.1,0.06666666666666667,0.5535580695067581,0.9534883720930233
tuesday,1,250,aux_only,GT2,20,0.25,0.3333333333333333,0.5535580695067581,0.9534883720930233
tuesday,1,250,main_only,GT1,5,0.0,0.0,0.5535580695067581,0.9534883720930233
tuesday,1,250,main_only,GT1,10,0.2,0.13333333333333333,0.5535580695067581,0.9534883720930233
tuesday,1,250,main_only,GT1,20,0.45,0.6,0.5535580695067581,0.9534883720930233
tuesday,1,250,main_only,GT2,5,0.0,0.0,0.5535580695067581,0.9534883720930233
tuesday,1,250,main_only,GT2,10,0.1,0.06666666666666667,0.5535580695067581,0.9534883720930233
tuesday,1,250,main_only,GT2,20,0.35,0.4666666666666667,0.5535580695067581,0.9534883720930233
tuesday,1,250,perm_disagree,GT1,5,0.0,0.0,0.5535580695067581,0.9534883720930233
tuesday,1,250,perm_disagree,GT1,10,0.4,0.26666666666666666,0.5535580695067581,0.9534883720930233
tuesday,1,250,perm_disagree,GT1,20,0.35,0.4666666666666667,0.5535580695067581,0.9534883720930233
tuesday,1,250,perm_disagree,GT2,5,0.0,0.0,0.5535580695067581,0.9534883720930233
tuesday,1,250,perm_disagree,GT2,10,0.3,0.2,0.5535580695067581,0.9534883720930233
tuesday,1,250,perm_disagree,GT2,20,0.25,0.3333333333333333,0.5535580695067581,0.9534883720930233
tuesday,1,250,random,GT1,5,0.0,0.0,0.5535580695067581,0.9534883720930233
tuesday,1,250,random,GT1,10,0.0,0.0,0.5535580695067581,0.9534883720930233
tuesday,1,250,random,GT1,20,0.25,0.3333333333333333,0.5535580695067581,0.9534883720930233
tuesday,1,250,random,GT2,5,0.0,0.0,0.5535580695067581,0.9534883720930233
tuesday,1,250,random,GT2,10,0.0,0.0,0.5535580695067581,0.9534883720930233
tuesday,1,250,random,GT2,20,0.25,0.3333333333333333,0.5535580695067581,0.9534883720930233
tuesday,1,1000,dual_gain,GT1,5,0.0,0.0,0.5280121903449347,0.9534883720930233
tuesday,1,1000,dual_gain,GT1,10,0.0,0.0,0.5280121903449347,0.9534883720930233
tuesday,1,1000,dual_gain,GT1,20,0.05,0.06666666666666667,0.5280121903449347,0.9534883720930233
tuesday,1,1000,dual_gain,GT2,5,0.0,0.0,0.5280121903449347,0.9534883720930233
tuesday,1,1000,dual_gain,GT2,10,0.0,0.0,0.5280121903449347,0.9534883720930233
tuesday,1,1000,dual_gain,GT2,20,0.05,0.06666666666666667,0.5280121903449347,0.9534883720930233
tuesday,1,1000,dual_abs,GT1,5,0.2,0.06666666666666667,0.5280121903449347,0.9534883720930233
tuesday,1,1000,dual_abs,GT1,10,0.1,0.06666666666666667,0.5280121903449347,0.9534883720930233
tuesday,1,1000,dual_abs,GT1,20,0.2,0.26666666666666666,0.5280121903449347,0.9534883720930233
tuesday,1,1000,dual_abs,GT2,5,0.0,0.0,0.5280121903449347,0.9534883720930233
tuesday,1,1000,dual_abs,GT2,10,0.0,0.0,0.5280121903449347,0.9534883720930233
tuesday,1,1000,dual_abs,GT2,20,0.1,0.13333333333333333,0.5280121903449347,0.9534883720930233
tuesday,1,1000,aux_only,GT1,5,0.2,0.06666666666666667,0.5280121903449347,0.9534883720930233
tuesday,1,1000,aux_only,GT1,10,0.2,0.13333333333333333,0.5280121903449347,0.9534883720930233
tuesday,1,1000,aux_only,GT1,20,0.35,0.4666666666666667,0.5280121903449347,0.9534883720930233
tuesday,1,1000,aux_only,GT2,5,0.0,0.0,0.5280121903449347,0.9534883720930233
tuesday,1,1000,aux_only,GT2,10,0.1,0.06666666666666667,0.5280121903449347,0.9534883720930233
tuesday,1,1000,aux_only,GT2,20,0.25,0.3333333333333333,0.5280121903449347,0.9534883720930233
tuesday,1,1000,main_only,GT1,5,0.0,0.0,0.5280121903449347,0.9534883720930233
tuesday,1,1000,main_only,GT1,10,0.2,0.13333333333333333,0.5280121903449347,0.9534883720930233
tuesday,1,1000,main_only,GT1,20,0.45,0.6,0.5280121903449347,0.9534883720930233
tuesday,1,1000,main_only,GT2,5,0.0,0.0,0.5280121903449347,0.9534883720930233
tuesday,1,1000,main_only,GT2,10,0.1,0.06666666666666667,0.5280121903449347,0.9534883720930233
tuesday,1,1000,main_only,GT2,20,0.35,0.4666666666666667,0.5280121903449347,0.9534883720930233
tuesday,1,1000,perm_disagree,GT1,5,0.0,0.0,0.5280121903449347,0.9534883720930233
tuesday,1,1000,perm_disagree,GT1,10,0.4,0.26666666666666666,0.5280121903449347,0.9534883720930233
tuesday,1,1000,perm_disagree,GT1,20,0.35,0.4666666666666667,0.5280121903449347,0.9534883720930233
tuesday,1,1000,perm_disagree,GT2,5,0.0,0.0,0.5280121903449347,0.9534883720930233
tuesday,1,1000,perm_disagree,GT2,10,0.3,0.2,0.5280121903449347,0.9534883720930233
tuesday,1,1000,perm_disagree,GT2,20,0.25,0.3333333333333333,0.5280121903449347,0.9534883720930233
tuesday,1,1000,random,GT1,5,0.0,0.0,0.5280121903449347,0.9534883720930233
tuesday,1,1000,random,GT1,10,0.0,0.0,0.5280121903449347,0.9534883720930233
tuesday,1,1000,random,GT1,20,0.25,0.3333333333333333,0.5280121903449347,0.9534883720930233
tuesday,1,1000,random,GT2,5,0.0,0.0,0.5280121903449347,0.9534883720930233
tuesday,1,1000,random,GT2,10,0.0,0.0,0.5280121903449347,0.9534883720930233
tuesday,1,1000,random,GT2,20,0.25,0.3333333333333333,0.5280121903449347,0.9534883720930233
tuesday,1,5000,dual_gain,GT1,5,0.0,0.0,0.5921986549097635,0.9534883720930233
tuesday,1,5000,dual_gain,GT1,10,0.0,0.0,0.5921986549097635,0.9534883720930233
tuesday,1,5000,dual_gain,GT1,20,0.0,0.0,0.5921986549097635,0.9534883720930233
tuesday,1,5000,dual_gain,GT2,5,0.0,0.0,0.5921986549097635,0.9534883720930233
tuesday,1,5000,dual_gain,GT2,10,0.0,0.0,0.5921986549097635,0.9534883720930233
tuesday,1,5000,dual_gain,GT2,20,0.05,0.06666666666666667,0.5921986549097635,0.9534883720930233
tuesday,1,5000,dual_abs,GT1,5,0.0,0.0,0.5921986549097635,0.9534883720930233
tuesday,1,5000,dual_abs,GT1,10,0.1,0.06666666666666667,0.5921986549097635,0.9534883720930233
tuesday,1,5000,dual_abs,GT1,20,0.25,0.3333333333333333,0.5921986549097635,0.9534883720930233
tuesday,1,5000,dual_abs,GT2,5,0.0,0.0,0.5921986549097635,0.9534883720930233
tuesday,1,5000,dual_abs,GT2,10,0.0,0.0,0.5921986549097635,0.9534883720930233
tuesday,1,5000,dual_abs,GT2,20,0.2,0.26666666666666666,0.5921986549097635,0.9534883720930233
tuesday,1,5000,aux_only,GT1,5,0.0,0.0,0.5921986549097635,0.9534883720930233
tuesday,1,5000,aux_only,GT1,10,0.1,0.06666666666666667,0.5921986549097635,0.9534883720930233
tuesday,1,5000,aux_only,GT1,20,0.3,0.4,0.5921986549097635,0.9534883720930233
tuesday,1,5000,aux_only,GT2,5,0.0,0.0,0.5921986549097635,0.9534883720930233
tuesday,1,5000,aux_only,GT2,10,0.0,0.0,0.5921986549097635,0.9534883720930233
tuesday,1,5000,aux_only,GT2,20,0.25,0.3333333333333333,0.5921986549097635,0.9534883720930233
tuesday,1,5000,main_only,GT1,5,0.0,0.0,0.5921986549097635,0.9534883720930233
tuesday,1,5000,main_only,GT1,10,0.2,0.13333333333333333,0.5921986549097635,0.9534883720930233
tuesday,1,5000,main_only,GT1,20,0.45,0.6,0.5921986549097635,0.9534883720930233
tuesday,1,5000,main_only,GT2,5,0.0,0.0,0.5921986549097635,0.9534883720930233
tuesday,1,5000,main_only,GT2,10,0.1,0.06666666666666667,0.5921986549097635,0.9534883720930233
tuesday,1,5000,main_only,GT2,20,0.35,0.4666666666666667,0.5921986549097635,0.9534883720930233
tuesday,1,5000,perm_disagree,GT1,5,0.0,0.0,0.5921986549097635,0.9534883720930233
tuesday,1,5000,perm_disagree,GT1,10,0.4,0.26666666666666666,0.5921986549097635,0.9534883720930233
tuesday,1,5000,perm_disagree,GT1,20,0.35,0.4666666666666667,0.5921986549097635,0.9534883720930233
tuesday,1,5000,perm_disagree,GT2,5,0.0,0.0,0.5921986549097635,0.9534883720930233
tuesday,1,5000,perm_disagree,GT2,10,0.3,0.2,0.5921986549097635,0.9534883720930233
tuesday,1,5000,perm_disagree,GT2,20,0.25,0.3333333333333333,0.5921986549097635,0.9534883720930233
tuesday,1,5000,random,GT1,5,0.0,0.0,0.5921986549097635,0.9534883720930233
tuesday,1,5000,random,GT1,10,0.0,0.0,0.5921986549097635,0.9534883720930233
tuesday,1,5000,random,GT1,20,0.25,0.3333333333333333,0.5921986549097635,0.9534883720930233
tuesday,1,5000,random,GT2,5,0.0,0.0,0.5921986549097635,0.9534883720930233
tuesday,1,5000,random,GT2,10,0.0,0.0,0.5921986549097635,0.9534883720930233
tuesday,1,5000,random,GT2,20,0.25,0.3333333333333333,0.5921986549097635,0.9534883720930233
tuesday,1,25000,dual_gain,GT1,5,0.0,0.0,0.4506371247382464,0.9534883720930233
tuesday,1,25000,dual_gain,GT1,10,0.0,0.0,0.4506371247382464,0.9534883720930233
tuesday,1,25000,dual_gain,GT1,20,0.05,0.06666666666666667,0.4506371247382464,0.9534883720930233
tuesday,1,25000,dual_gain,GT2,5,0.2,0.06666666666666667,0.4506371247382464,0.9534883720930233
tuesday,1,25000,dual_gain,GT2,10,0.1,0.06666666666666667,0.4506371247382464,0.9534883720930233
tuesday,1,25000,dual_gain,GT2,20,0.1,0.13333333333333333,0.4506371247382464,0.9534883720930233
tuesday,1,25000,dual_abs,GT1,5,0.2,0.06666666666666667,0.4506371247382464,0.9534883720930233
tuesday,1,25000,dual_abs,GT1,10,0.2,0.13333333333333333,0.4506371247382464,0.9534883720930233
tuesday,1,25000,dual_abs,GT1,20,0.3,0.4,0.4506371247382464,0.9534883720930233
tuesday,1,25000,dual_abs,GT2,5,0.2,0.06666666666666667,0.4506371247382464,0.9534883720930233
tuesday,1,25000,dual_abs,GT2,10,0.2,0.13333333333333333,0.4506371247382464,0.9534883720930233
tuesday,1,25000,dual_abs,GT2,20,0.25,0.3333333333333333,0.4506371247382464,0.9534883720930233
tuesday,1,25000,aux_only,GT1,5,0.0,0.0,0.4506371247382464,0.9534883720930233
tuesday,1,25000,aux_only,GT1,10,0.3,0.2,0.4506371247382464,0.9534883720930233
tuesday,1,25000,aux_only,GT1,20,0.3,0.4,0.4506371247382464,0.9534883720930233
tuesday,1,25000,aux_only,GT2,5,0.0,0.0,0.4506371247382464,0.9534883720930233
tuesday,1,25000,aux_only,GT2,10,0.1,0.06666666666666667,0.4506371247382464,0.9534883720930233
tuesday,1,25000,aux_only,GT2,20,0.3,0.4,0.4506371247382464,0.9534883720930233
tuesday,1,25000,main_only,GT1,5,0.0,0.0,0.4506371247382464,0.9534883720930233
tuesday,1,25000,main_only,GT1,10,0.2,0.13333333333333333,0.4506371247382464,0.9534883720930233
tuesday,1,25000,main_only,GT1,20,0.45,0.6,0.4506371247382464,0.9534883720930233
tuesday,1,25000,main_only,GT2,5,0.0,0.0,0.4506371247382464,0.9534883720930233
tuesday,1,25000,main_only,GT2,10,0.1,0.06666666666666667,0.4506371247382464,0.9534883720930233
tuesday,1,25000,main_only,GT2,20,0.35,0.4666666666666667,0.4506371247382464,0.9534883720930233
tuesday,1,25000,perm_disagree,GT1,5,0.0,0.0,0.4506371247382464,0.9534883720930233
tuesday,1,25000,perm_disagree,GT1,10,0.4,0.26666666666666666,0.4506371247382464,0.9534883720930233
tuesday,1,25000,perm_disagree,GT1,20,0.35,0.4666666666666667,0.4506371247382464,0.9534883720930233
tuesday,1,25000,perm_disagree,GT2,5,0.0,0.0,0.4506371247382464,0.9534883720930233
tuesday,1,25000,perm_disagree,GT2,10,0.3,0.2,0.4506371247382464,0.9534883720930233
tuesday,1,25000,perm_disagree,GT2,20,0.25,0.3333333333333333,0.4506371247382464,0.9534883720930233
tuesday,1,25000,random,GT1,5,0.0,0.0,0.4506371247382464,0.9534883720930233
tuesday,1,25000,random,GT1,10,0.0,0.0,0.4506371247382464,0.9534883720930233
tuesday,1,25000,random,GT1,20,0.25,0.3333333333333333,0.4506371247382464,0.9534883720930233
tuesday,1,25000,random,GT2,5,0.0,0.0,0.4506371247382464,0.9534883720930233
tuesday,1,25000,random,GT2,10,0.0,0.0,0.4506371247382464,0.9534883720930233
tuesday,1,25000,random,GT2,20,0.25,0.3333333333333333,0.4506371247382464,0.9534883720930233
tuesday,1,100000,dual_gain,GT1,5,0.0,0.0,0.4214941295915051,0.9767441860465116
tuesday,1,100000,dual_gain,GT1,10,0.0,0.0,0.4214941295915051,0.9767441860465116
tuesday,1,100000,dual_gain,GT1,20,0.05,0.06666666666666667,0.4214941295915051,0.9767441860465116
tuesday,1,100000,dual_gain,GT2,5,0.2,0.06666666666666667,0.4214941295915051,0.9767441860465116
tuesday,1,100000,dual_gain,GT2,10,0.1,0.06666666666666667,0.4214941295915051,0.9767441860465116
tuesday,1,100000,dual_gain,GT2,20,0.1,0.13333333333333333,0.4214941295915051,0.9767441860465116
tuesday,1,100000,dual_abs,GT1,5,0.0,0.0,0.4214941295915051,0.9767441860465116
tuesday,1,100000,dual_abs,GT1,10,0.2,0.13333333333333333,0.4214941295915051,0.9767441860465116
tuesday,1,100000,dual_abs,GT1,20,0.3,0.4,0.4214941295915051,0.9767441860465116
tuesday,1,100000,dual_abs,GT2,5,0.2,0.06666666666666667,0.4214941295915051,0.9767441860465116
tuesday,1,100000,dual_abs,GT2,10,0.1,0.06666666666666667,0.4214941295915051,0.9767441860465116
tuesday,1,100000,dual_abs,GT2,20,0.25,0.3333333333333333,0.4214941295915051,0.9767441860465116
tuesday,1,100000,aux_only,GT1,5,0.0,0.0,0.4214941295915051,0.9767441860465116
tuesday,1,100000,aux_only,GT1,10,0.2,0.13333333333333333,0.4214941295915051,0.9767441860465116
tuesday,1,100000,aux_only,GT1,20,0.35,0.4666666666666667,0.4214941295915051,0.9767441860465116
tuesday,1,100000,aux_only,GT2,5,0.0,0.0,0.4214941295915051,0.9767441860465116
tuesday,1,100000,aux_only,GT2,10,0.2,0.13333333333333333,0.4214941295915051,0.9767441860465116
tuesday,1,100000,aux_only,GT2,20,0.4,0.5333333333333333,0.4214941295915051,0.9767441860465116
tuesday,1,100000,main_only,GT1,5,0.0,0.0,0.4214941295915051,0.9767441860465116
tuesday,1,100000,main_only,GT1,10,0.2,0.13333333333333333,0.4214941295915051,0.9767441860465116
tuesday,1,100000,main_only,GT1,20,0.45,0.6,0.4214941295915051,0.9767441860465116
tuesday,1,100000,main_only,GT2,5,0.0,0.0,0.4214941295915051,0.9767441860465116
tuesday,1,100000,main_only,GT2,10,0.1,0.06666666666666667,0.4214941295915051,0.9767441860465116
tuesday,1,100000,main_only,GT2,20,0.35,0.4666666666666667,0.4214941295915051,0.9767441860465116
tuesday,1,100000,perm_disagree,GT1,5,0.0,0.0,0.4214941295915051,0.9767441860465116
tuesday,1,100000,perm_disagree,GT1,10,0.4,0.26666666666666666,0.4214941295915051,0.9767441860465116
tuesday,1,100000,perm_disagree,GT1,20,0.35,0.4666666666666667,0.4214941295915051,0.9767441860465116
tuesday,1,100000,perm_disagree,GT2,5,0.0,0.0,0.4214941295915051,0.9767441860465116
tuesday,1,100000,perm_disagree,GT2,10,0.3,0.2,0.4214941295915051,0.9767441860465116
tuesday,1,100000,perm_disagree,GT2,20,0.25,0.3333333333333333,0.4214941295915051,0.9767441860465116
tuesday,1,100000,random,GT1,5,0.0,0.0,0.4214941295915051,0.9767441860465116
tuesday,1,100000,random,GT1,10,0.0,0.0,0.4214941295915051,0.9767441860465116
tuesday,1,100000,random,GT1,20,0.25,0.3333333333333333,0.4214941295915051,0.9767441860465116
tuesday,1,100000,random,GT2,5,0.0,0.0,0.4214941295915051,0.9767441860465116
tuesday,1,100000,random,GT2,10,0.0,0.0,0.4214941295915051,0.9767441860465116
tuesday,1,100000,random,GT2,20,0.25,0.3333333333333333,0.4214941295915051,0.9767441860465116
tuesday,7,250,dual_gain,GT1,5,0.0,0.0,0.5873770051057459,0.9767441860465116
tuesday,7,250,dual_gain,GT1,10,0.0,0.0,0.5873770051057459,0.9767441860465116
tuesday,7,250,dual_gain,GT1,20,0.1,0.13333333333333333,0.5873770051057459,0.9767441860465116
tuesday,7,250,dual_gain,GT2,5,0.2,0.06666666666666667,0.5873770051057459,0.9767441860465116
tuesday,7,250,dual_gain,GT2,10,0.2,0.13333333333333333,0.5873770051057459,0.9767441860465116
tuesday,7,250,dual_gain,GT2,20,0.15,0.2,0.5873770051057459,0.9767441860465116
tuesday,7,250,dual_abs,GT1,5,0.2,0.06666666666666667,0.5873770051057459,0.9767441860465116
tuesday,7,250,dual_abs,GT1,10,0.4,0.26666666666666666,0.5873770051057459,0.9767441860465116
tuesday,7,250,dual_abs,GT1,20,0.35,0.4666666666666667,0.5873770051057459,0.9767441860465116
tuesday,7,250,dual_abs,GT2,5,0.0,0.0,0.5873770051057459,0.9767441860465116
tuesday,7,250,dual_abs,GT2,10,0.4,0.26666666666666666,0.5873770051057459,0.9767441860465116
tuesday,7,250,dual_abs,GT2,20,0.4,0.5333333333333333,0.5873770051057459,0.9767441860465116
tuesday,7,250,aux_only,GT1,5,0.0,0.0,0.5873770051057459,0.9767441860465116
tuesday,7,250,aux_only,GT1,10,0.1,0.06666666666666667,0.5873770051057459,0.9767441860465116
tuesday,7,250,aux_only,GT1,20,0.2,0.26666666666666666,0.5873770051057459,0.9767441860465116
tuesday,7,250,aux_only,GT2,5,0.0,0.0,0.5873770051057459,0.9767441860465116
tuesday,7,250,aux_only,GT2,10,0.1,0.06666666666666667,0.5873770051057459,0.9767441860465116
tuesday,7,250,aux_only,GT2,20,0.25,0.3333333333333333,0.5873770051057459,0.9767441860465116
tuesday,7,250,main_only,GT1,5,0.0,0.0,0.5873770051057459,0.9767441860465116
tuesday,7,250,main_only,GT1,10,0.2,0.13333333333333333,0.5873770051057459,0.9767441860465116
tuesday,7,250,main_only,GT1,20,0.45,0.6,0.5873770051057459,0.9767441860465116
tuesday,7,250,main_only,GT2,5,0.0,0.0,0.5873770051057459,0.9767441860465116
tuesday,7,250,main_only,GT2,10,0.1,0.06666666666666667,0.5873770051057459,0.9767441860465116
tuesday,7,250,main_only,GT2,20,0.4,0.5333333333333333,0.5873770051057459,0.9767441860465116
tuesday,7,250,perm_disagree,GT1,5,0.2,0.06666666666666667,0.5873770051057459,0.9767441860465116
tuesday,7,250,perm_disagree,GT1,10,0.2,0.13333333333333333,0.5873770051057459,0.9767441860465116
tuesday,7,250,perm_disagree,GT1,20,0.35,0.4666666666666667,0.5873770051057459,0.9767441860465116
tuesday,7,250,perm_disagree,GT2,5,0.2,0.06666666666666667,0.5873770051057459,0.9767441860465116
tuesday,7,250,perm_disagree,GT2,10,0.2,0.13333333333333333,0.5873770051057459,0.9767441860465116
tuesday,7,250,perm_disagree,GT2,20,0.25,0.3333333333333333,0.5873770051057459,0.9767441860465116
tuesday,7,250,random,GT1,5,0.0,0.0,0.5873770051057459,0.9767441860465116
tuesday,7,250,random,GT1,10,0.1,0.06666666666666667,0.5873770051057459,0.9767441860465116
tuesday,7,250,random,GT1,20,0.25,0.3333333333333333,0.5873770051057459,0.9767441860465116
tuesday,7,250,random,GT2,5,0.2,0.06666666666666667,0.5873770051057459,0.9767441860465116
tuesday,7,250,random,GT2,10,0.2,0.13333333333333333,0.5873770051057459,0.9767441860465116
tuesday,7,250,random,GT2,20,0.3,0.4,0.5873770051057459,0.9767441860465116
tuesday,7,1000,dual_gain,GT1,5,0.0,0.0,0.6234306068961836,0.9767441860465116
tuesday,7,1000,dual_gain,GT1,10,0.0,0.0,0.6234306068961836,0.9767441860465116
tuesday,7,1000,dual_gain,GT1,20,0.05,0.06666666666666667,0.6234306068961836,0.9767441860465116
tuesday,7,1000,dual_gain,GT2,5,0.0,0.0,0.6234306068961836,0.9767441860465116
tuesday,7,1000,dual_gain,GT2,10,0.0,0.0,0.6234306068961836,0.9767441860465116
tuesday,7,1000,dual_gain,GT2,20,0.1,0.13333333333333333,0.6234306068961836,0.9767441860465116
tuesday,7,1000,dual_abs,GT1,5,0.2,0.06666666666666667,0.6234306068961836,0.9767441860465116
tuesday,7,1000,dual_abs,GT1,10,0.3,0.2,0.6234306068961836,0.9767441860465116
tuesday,7,1000,dual_abs,GT1,20,0.25,0.3333333333333333,0.6234306068961836,0.9767441860465116
tuesday,7,1000,dual_abs,GT2,5,0.2,0.06666666666666667,0.6234306068961836,0.9767441860465116
tuesday,7,1000,dual_abs,GT2,10,0.2,0.13333333333333333,0.6234306068961836,0.9767441860465116
tuesday,7,1000,dual_abs,GT2,20,0.15,0.2,0.6234306068961836,0.9767441860465116
tuesday,7,1000,aux_only,GT1,5,0.0,0.0,0.6234306068961836,0.9767441860465116
tuesday,7,1000,aux_only,GT1,10,0.2,0.13333333333333333,0.6234306068961836,0.9767441860465116
tuesday,7,1000,aux_only,GT1,20,0.25,0.3333333333333333,0.6234306068961836,0.9767441860465116
tuesday,7,1000,aux_only,GT2,5,0.0,0.0,0.6234306068961836,0.9767441860465116
tuesday,7,1000,aux_only,GT2,10,0.2,0.13333333333333333,0.6234306068961836,0.9767441860465116
tuesday,7,1000,aux_only,GT2,20,0.3,0.4,0.6234306068961836,0.9767441860465116
tuesday,7,1000,main_only,GT1,5,0.0,0.0,0.6234306068961836,0.9767441860465116
tuesday,7,1000,main_only,GT1,10,0.2,0.13333333333333333,0.6234306068961836,0.9767441860465116
tuesday,7,1000,main_only,GT1,20,0.45,0.6,0.6234306068961836,0.9767441860465116
tuesday,7,1000,main_only,GT2,5,0.0,0.0,0.6234306068961836,0.9767441860465116
tuesday,7,1000,main_only,GT2,10,0.1,0.06666666666666667,0.6234306068961836,0.9767441860465116
tuesday,7,1000,main_only,GT2,20,0.4,0.5333333333333333,0.6234306068961836,0.9767441860465116
tuesday,7,1000,perm_disagree,GT1,5,0.0,0.0,0.6234306068961836,0.9767441860465116
tuesday,7,1000,perm_disagree,GT1,10,0.4,0.26666666666666666,0.6234306068961836,0.9767441860465116
tuesday,7,1000,perm_disagree,GT1,20,0.35,0.4666666666666667,0.6234306068961836,0.9767441860465116
tuesday,7,1000,perm_disagree,GT2,5,0.0,0.0,0.6234306068961836,0.9767441860465116
tuesday,7,1000,perm_disagree,GT2,10,0.3,0.2,0.6234306068961836,0.9767441860465116
tuesday,7,1000,perm_disagree,GT2,20,0.25,0.3333333333333333,0.6234306068961836,0.9767441860465116
tuesday,7,1000,random,GT1,5,0.0,0.0,0.6234306068961836,0.9767441860465116
tuesday,7,1000,random,GT1,10,0.1,0.06666666666666667,0.6234306068961836,0.9767441860465116
tuesday,7,1000,random,GT1,20,0.25,0.3333333333333333,0.6234306068961836,0.9767441860465116
tuesday,7,1000,random,GT2,5,0.2,0.06666666666666667,0.6234306068961836,0.9767441860465116
tuesday,7,1000,random,GT2,10,0.2,0.13333333333333333,0.6234306068961836,0.9767441860465116
tuesday,7,1000,random,GT2,20,0.3,0.4,0.6234306068961836,0.9767441860465116
tuesday,7,5000,dual_gain,GT1,5,0.0,0.0,0.6131006428162827,0.9767441860465116
tuesday,7,5000,dual_gain,GT1,10,0.0,0.0,0.6131006428162827,0.9767441860465116
tuesday,7,5000,dual_gain,GT1,20,0.0,0.0,0.6131006428162827,0.9767441860465116
tuesday,7,5000,dual_gain,GT2,5,0.0,0.0,0.6131006428162827,0.9767441860465116
tuesday,7,5000,dual_gain,GT2,10,0.1,0.06666666666666667,0.6131006428162827,0.9767441860465116
tuesday,7,5000,dual_gain,GT2,20,0.05,0.06666666666666667,0.6131006428162827,0.9767441860465116
tuesday,7,5000,dual_abs,GT1,5,0.0,0.0,0.6131006428162827,0.9767441860465116
tuesday,7,5000,dual_abs,GT1,10,0.3,0.2,0.6131006428162827,0.9767441860465116
tuesday,7,5000,dual_abs,GT1,20,0.4,0.5333333333333333,0.6131006428162827,0.9767441860465116
tuesday,7,5000,dual_abs,GT2,5,0.0,0.0,0.6131006428162827,0.9767441860465116
tuesday,7,5000,dual_abs,GT2,10,0.2,0.13333333333333333,0.6131006428162827,0.9767441860465116
tuesday,7,5000,dual_abs,GT2,20,0.25,0.3333333333333333,0.6131006428162827,0.9767441860465116
tuesday,7,5000,aux_only,GT1,5,0.0,0.0,0.6131006428162827,0.9767441860465116
tuesday,7,5000,aux_only,GT1,10,0.1,0.06666666666666667,0.6131006428162827,0.9767441860465116
tuesday,7,5000,aux_only,GT1,20,0.25,0.3333333333333333,0.6131006428162827,0.9767441860465116
tuesday,7,5000,aux_only,GT2,5,0.0,0.0,0.6131006428162827,0.9767441860465116
tuesday,7,5000,aux_only,GT2,10,0.1,0.06666666666666667,0.6131006428162827,0.9767441860465116
tuesday,7,5000,aux_only,GT2,20,0.25,0.3333333333333333,0.6131006428162827,0.9767441860465116
tuesday,7,5000,main_only,GT1,5,0.0,0.0,0.6131006428162827,0.9767441860465116
tuesday,7,5000,main_only,GT1,10,0.2,0.13333333333333333,0.6131006428162827,0.9767441860465116
tuesday,7,5000,main_only,GT1,20,0.45,0.6,0.6131006428162827,0.9767441860465116
tuesday,7,5000,main_only,GT2,5,0.0,0.0,0.6131006428162827,0.9767441860465116
tuesday,7,5000,main_only,GT2,10,0.1,0.06666666666666667,0.6131006428162827,0.9767441860465116
tuesday,7,5000,main_only,GT2,20,0.4,0.5333333333333333,0.6131006428162827,0.9767441860465116
tuesday,7,5000,perm_disagree,GT1,5,0.0,0.0,0.6131006428162827,0.9767441860465116
tuesday,7,5000,perm_disagree,GT1,10,0.4,0.26666666666666666,0.6131006428162827,0.9767441860465116
tuesday,7,5000,perm_disagree,GT1,20,0.35,0.4666666666666667,0.6131006428162827,0.9767441860465116
tuesday,7,5000,perm_disagree,GT2,5,0.0,0.0,0.6131006428162827,0.9767441860465116
tuesday,7,5000,perm_disagree,GT2,10,0.3,0.2,0.6131006428162827,0.9767441860465116
tuesday,7,5000,perm_disagree,GT2,20,0.25,0.3333333333333333,0.6131006428162827,0.9767441860465116
tuesday,7,5000,random,GT1,5,0.0,0.0,0.6131006428162827,0.9767441860465116
tuesday,7,5000,random,GT1,10,0.1,0.06666666666666667,0.6131006428162827,0.9767441860465116
tuesday,7,5000,random,GT1,20,0.25,0.3333333333333333,0.6131006428162827,0.9767441860465116
tuesday,7,5000,random,GT2,5,0.2,0.06666666666666667,0.6131006428162827,0.9767441860465116
tuesday,7,5000,random,GT2,10,0.2,0.13333333333333333,0.6131006428162827,0.9767441860465116
tuesday,7,5000,random,GT2,20,0.3,0.4,0.6131006428162827,0.9767441860465116
tuesday,7,25000,dual_gain,GT1,5,0.0,0.0,0.4981530046345057,0.9767441860465116
tuesday,7,25000,dual_gain,GT1,10,0.0,0.0,0.4981530046345057,0.9767441860465116
tuesday,7,25000,dual_gain,GT1,20,0.0,0.0,0.4981530046345057,0.9767441860465116
tuesday,7,25000,dual_gain,GT2,5,0.0,0.0,0.4981530046345057,0.9767441860465116
tuesday,7,25000,dual_gain,GT2,10,0.1,0.06666666666666667,0.4981530046345057,0.9767441860465116
tuesday,7,25000,dual_gain,GT2,20,0.05,0.06666666666666667,0.4981530046345057,0.9767441860465116
tuesday,7,25000,dual_abs,GT1,5,0.0,0.0,0.4981530046345057,0.9767441860465116
tuesday,7,25000,dual_abs,GT1,10,0.2,0.13333333333333333,0.4981530046345057,0.9767441860465116
tuesday,7,25000,dual_abs,GT1,20,0.25,0.3333333333333333,0.4981530046345057,0.9767441860465116
tuesday,7,25000,dual_abs,GT2,5,0.0,0.0,0.4981530046345057,0.9767441860465116
tuesday,7,25000,dual_abs,GT2,10,0.1,0.06666666666666667,0.4981530046345057,0.9767441860465116
tuesday,7,25000,dual_abs,GT2,20,0.2,0.26666666666666666,0.4981530046345057,0.9767441860465116
tuesday,7,25000,aux_only,GT1,5,0.0,0.0,0.4981530046345057,0.9767441860465116
tuesday,7,25000,aux_only,GT1,10,0.2,0.13333333333333333,0.4981530046345057,0.9767441860465116
tuesday,7,25000,aux_only,GT1,20,0.3,0.4,0.4981530046345057,0.9767441860465116
tuesday,7,25000,aux_only,GT2,5,0.0,0.0,0.4981530046345057,0.9767441860465116
tuesday,7,25000,aux_only,GT2,10,0.1,0.06666666666666667,0.4981530046345057,0.9767441860465116
tuesday,7,25000,aux_only,GT2,20,0.3,0.4,0.4981530046345057,0.9767441860465116
tuesday,7,25000,main_only,GT1,5,0.0,0.0,0.4981530046345057,0.9767441860465116
tuesday,7,25000,main_only,GT1,10,0.2,0.13333333333333333,0.4981530046345057,0.9767441860465116
tuesday,7,25000,main_only,GT1,20,0.45,0.6,0.4981530046345057,0.9767441860465116
tuesday,7,25000,main_only,GT2,5,0.0,0.0,0.4981530046345057,0.9767441860465116
tuesday,7,25000,main_only,GT2,10,0.1,0.06666666666666667,0.4981530046345057,0.9767441860465116
tuesday,7,25000,main_only,GT2,20,0.4,0.5333333333333333,0.4981530046345057,0.9767441860465116
tuesday,7,25000,perm_disagree,GT1,5,0.0,0.0,0.4981530046345057,0.9767441860465116
tuesday,7,25000,perm_disagree,GT1,10,0.4,0.26666666666666666,0.4981530046345057,0.9767441860465116
tuesday,7,25000,perm_disagree,GT1,20,0.35,0.4666666666666667,0.4981530046345057,0.9767441860465116
tuesday,7,25000,perm_disagree,GT2,5,0.0,0.0,0.4981530046345057,0.9767441860465116
tuesday,7,25000,perm_disagree,GT2,10,0.3,0.2,0.4981530046345057,0.9767441860465116
tuesday,7,25000,perm_disagree,GT2,20,0.25,0.3333333333333333,0.4981530046345057,0.9767441860465116
tuesday,7,25000,random,GT1,5,0.0,0.0,0.4981530046345057,0.9767441860465116
tuesday,7,25000,random,GT1,10,0.1,0.06666666666666667,0.4981530046345057,0.9767441860465116
tuesday,7,25000,random,GT1,20,0.25,0.3333333333333333,0.4981530046345057,0.9767441860465116
tuesday,7,25000,random,GT2,5,0.2,0.06666666666666667,0.4981530046345057,0.9767441860465116
tuesday,7,25000,random,GT2,10,0.2,0.13333333333333333,0.4981530046345057,0.9767441860465116
tuesday,7,25000,random,GT2,20,0.3,0.4,0.4981530046345057,0.9767441860465116
tuesday,7,100000,dual_gain,GT1,5,0.0,0.0,0.5282599190916868,1.0
tuesday,7,100000,dual_gain,GT1,10,0.0,0.0,0.5282599190916868,1.0
tuesday,7,100000,dual_gain,GT1,20,0.1,0.13333333333333333,0.5282599190916868,1.0
tuesday,7,100000,dual_gain,GT2,5,0.0,0.0,0.5282599190916868,1.0
tuesday,7,100000,dual_gain,GT2,10,0.1,0.06666666666666667,0.5282599190916868,1.0
tuesday,7,100000,dual_gain,GT2,20,0.1,0.13333333333333333,0.5282599190916868,1.0
tuesday,7,100000,dual_abs,GT1,5,0.0,0.0,0.5282599190916868,1.0
tuesday,7,100000,dual_abs,GT1,10,0.1,0.06666666666666667,0.5282599190916868,1.0
tuesday,7,100000,dual_abs,GT1,20,0.2,0.26666666666666666,0.5282599190916868,1.0
tuesday,7,100000,dual_abs,GT2,5,0.0,0.0,0.5282599190916868,1.0
tuesday,7,100000,dual_abs,GT2,10,0.0,0.0,0.5282599190916868,1.0
tuesday,7,100000,dual_abs,GT2,20,0.15,0.2,0.5282599190916868,1.0
tuesday,7,100000,aux_only,GT1,5,0.2,0.06666666666666667,0.5282599190916868,1.0
tuesday,7,100000,aux_only,GT1,10,0.2,0.13333333333333333,0.5282599190916868,1.0
tuesday,7,100000,aux_only,GT1,20,0.25,0.3333333333333333,0.5282599190916868,1.0
tuesday,7,100000,aux_only,GT2,5,0.0,0.0,0.5282599190916868,1.0
tuesday,7,100000,aux_only,GT2,10,0.1,0.06666666666666667,0.5282599190916868,1.0
tuesday,7,100000,aux_only,GT2,20,0.3,0.4,0.5282599190916868,1.0
tuesday,7,100000,main_only,GT1,5,0.0,0.0,0.5282599190916868,1.0
tuesday,7,100000,main_only,GT1,10,0.2,0.13333333333333333,0.5282599190916868,1.0
tuesday,7,100000,main_only,GT1,20,0.45,0.6,0.5282599190916868,1.0
tuesday,7,100000,main_only,GT2,5,0.0,0.0,0.5282599190916868,1.0
tuesday,7,100000,main_only,GT2,10,0.1,0.06666666666666667,0.5282599190916868,1.0
tuesday,7,100000,main_only,GT2,20,0.4,0.5333333333333333,0.5282599190916868,1.0
tuesday,7,100000,perm_disagree,GT1,5,0.0,0.0,0.5282599190916868,1.0
tuesday,7,100000,perm_disagree,GT1,10,0.4,0.26666666666666666,0.5282599190916868,1.0
tuesday,7,100000,perm_disagree,GT1,20,0.35,0.4666666666666667,0.5282599190916868,1.0
tuesday,7,100000,perm_disagree,GT2,5,0.0,0.0,0.5282599190916868,1.0
tuesday,7,100000,perm_disagree,GT2,10,0.3,0.2,0.5282599190916868,1.0
tuesday,7,100000,perm_disagree,GT2,20,0.25,0.3333333333333333,0.5282599190916868,1.0
tuesday,7,100000,random,GT1,5,0.0,0.0,0.5282599190916868,1.0
tuesday,7,100000,random,GT1,10,0.1,0.06666666666666667,0.5282599190916868,1.0
tuesday,7,100000,random,GT1,20,0.25,0.3333333333333333,0.5282599190916868,1.0
tuesday,7,100000,random,GT2,5,0.2,0.06666666666666667,0.5282599190916868,1.0
tuesday,7,100000,random,GT2,10,0.2,0.13333333333333333,0.5282599190916868,1.0
tuesday,7,100000,random,GT2,20,0.3,0.4,0.5282599190916868,1.0
wednesday,42,250,dual_gain,GT1,5,1.0,0.3333333333333333,1.1916524412138467,0.9342657342657342
wednesday,42,250,dual_gain,GT1,10,1.0,0.6666666666666666,1.1916524412138467,0.9342657342657342
wednesday,42,250,dual_gain,GT1,20,0.75,1.0,1.1916524412138467,0.9342657342657342
wednesday,42,250,dual_gain,GT2,5,1.0,0.3333333333333333,1.1916524412138467,0.9342657342657342
wednesday,42,250,dual_gain,GT2,10,0.9,0.6,1.1916524412138467,0.9342657342657342
wednesday,42,250,dual_gain,GT2,20,0.7,0.9333333333333333,1.1916524412138467,0.9342657342657342
wednesday,42,250,dual_abs,GT1,5,0.8,0.26666666666666666,1.1916524412138467,0.9342657342657342
wednesday,42,250,dual_abs,GT1,10,0.6,0.4,1.1916524412138467,0.9342657342657342
wednesday,42,250,dual_abs,GT1,20,0.5,0.6666666666666666,1.1916524412138467,0.9342657342657342
wednesday,42,250,dual_abs,GT2,5,0.8,0.26666666666666666,1.1916524412138467,0.9342657342657342
wednesday,42,250,dual_abs,GT2,10,0.6,0.4,1.1916524412138467,0.9342657342657342
wednesday,42,250,dual_abs,GT2,20,0.45,0.6,1.1916524412138467,0.9342657342657342
wednesday,42,250,aux_only,GT1,5,1.0,0.3333333333333333,1.1916524412138467,0.9342657342657342
wednesday,42,250,aux_only,GT1,10,1.0,0.6666666666666666,1.1916524412138467,0.9342657342657342
wednesday,42,250,aux_only,GT1,20,0.75,1.0,1.1916524412138467,0.9342657342657342
wednesday,42,250,aux_only,GT2,5,1.0,0.3333333333333333,1.1916524412138467,0.9342657342657342
wednesday,42,250,aux_only,GT2,10,0.9,0.6,1.1916524412138467,0.9342657342657342
wednesday,42,250,aux_only,GT2,20,0.7,0.9333333333333333,1.1916524412138467,0.9342657342657342
wednesday,42,250,main_only,GT1,5,0.0,0.0,1.1916524412138467,0.9342657342657342
wednesday,42,250,main_only,GT1,10,0.3,0.2,1.1916524412138467,0.9342657342657342
wednesday,42,250,main_only,GT1,20,0.4,0.5333333333333333,1.1916524412138467,0.9342657342657342
wednesday,42,250,main_only,GT2,5,0.0,0.0,1.1916524412138467,0.9342657342657342
wednesday,42,250,main_only,GT2,10,0.2,0.13333333333333333,1.1916524412138467,0.9342657342657342
wednesday,42,250,main_only,GT2,20,0.35,0.4666666666666667,1.1916524412138467,0.9342657342657342
wednesday,42,250,perm_disagree,GT1,5,0.8,0.26666666666666666,1.1916524412138467,0.9342657342657342
wednesday,42,250,perm_disagree,GT1,10,0.8,0.5333333333333333,1.1916524412138467,0.9342657342657342
wednesday,42,250,perm_disagree,GT1,20,0.45,0.6,1.1916524412138467,0.9342657342657342
wednesday,42,250,perm_disagree,GT2,5,0.8,0.26666666666666666,1.1916524412138467,0.9342657342657342
wednesday,42,250,perm_disagree,GT2,10,0.6,0.4,1.1916524412138467,0.9342657342657342
wednesday,42,250,perm_disagree,GT2,20,0.35,0.4666666666666667,1.1916524412138467,0.9342657342657342
wednesday,42,250,random,GT1,5,0.2,0.06666666666666667,1.1916524412138467,0.9342657342657342
wednesday,42,250,random,GT1,10,0.3,0.2,1.1916524412138467,0.9342657342657342
wednesday,42,250,random,GT1,20,0.2,0.26666666666666666,1.1916524412138467,0.9342657342657342
wednesday,42,250,random,GT2,5,0.2,0.06666666666666667,1.1916524412138467,0.9342657342657342
wednesday,42,250,random,GT2,10,0.3,0.2,1.1916524412138467,0.9342657342657342
wednesday,42,250,random,GT2,20,0.2,0.26666666666666666,1.1916524412138467,0.9342657342657342
wednesday,42,1000,dual_gain,GT1,5,1.0,0.3333333333333333,1.1373163179705652,0.9846153846153847
wednesday,42,1000,dual_gain,GT1,10,0.9,0.6,1.1373163179705652,0.9846153846153847
wednesday,42,1000,dual_gain,GT1,20,0.65,0.8666666666666667,1.1373163179705652,0.9846153846153847
wednesday,42,1000,dual_gain,GT2,5,1.0,0.3333333333333333,1.1373163179705652,0.9846153846153847
wednesday,42,1000,dual_gain,GT2,10,0.9,0.6,1.1373163179705652,0.9846153846153847
wednesday,42,1000,dual_gain,GT2,20,0.7,0.9333333333333333,1.1373163179705652,0.9846153846153847
wednesday,42,1000,dual_abs,GT1,5,0.8,0.26666666666666666,1.1373163179705652,0.9846153846153847
wednesday,42,1000,dual_abs,GT1,10,0.5,0.3333333333333333,1.1373163179705652,0.9846153846153847
wednesday,42,1000,dual_abs,GT1,20,0.45,0.6,1.1373163179705652,0.9846153846153847
wednesday,42,1000,dual_abs,GT2,5,0.8,0.26666666666666666,1.1373163179705652,0.9846153846153847
wednesday,42,1000,dual_abs,GT2,10,0.5,0.3333333333333333,1.1373163179705652,0.9846153846153847
wednesday,42,1000,dual_abs,GT2,20,0.4,0.5333333333333333,1.1373163179705652,0.9846153846153847
wednesday,42,1000,aux_only,GT1,5,1.0,0.3333333333333333,1.1373163179705652,0.9846153846153847
wednesday,42,1000,aux_only,GT1,10,1.0,0.6666666666666666,1.1373163179705652,0.9846153846153847
wednesday,42,1000,aux_only,GT1,20,0.75,1.0,1.1373163179705652,0.9846153846153847
wednesday,42,1000,aux_only,GT2,5,1.0,0.3333333333333333,1.1373163179705652,0.9846153846153847
wednesday,42,1000,aux_only,GT2,10,0.9,0.6,1.1373163179705652,0.9846153846153847
wednesday,42,1000,aux_only,GT2,20,0.75,1.0,1.1373163179705652,0.9846153846153847
wednesday,42,1000,main_only,GT1,5,0.0,0.0,1.1373163179705652,0.9846153846153847
wednesday,42,1000,main_only,GT1,10,0.3,0.2,1.1373163179705652,0.9846153846153847
wednesday,42,1000,main_only,GT1,20,0.4,0.5333333333333333,1.1373163179705652,0.9846153846153847
wednesday,42,1000,main_only,GT2,5,0.0,0.0,1.1373163179705652,0.9846153846153847
wednesday,42,1000,main_only,GT2,10,0.2,0.13333333333333333,1.1373163179705652,0.9846153846153847
wednesday,42,1000,main_only,GT2,20,0.35,0.4666666666666667,1.1373163179705652,0.9846153846153847
wednesday,42,1000,perm_disagree,GT1,5,0.4,0.13333333333333333,1.1373163179705652,0.9846153846153847
wednesday,42,1000,perm_disagree,GT1,10,0.4,0.26666666666666666,1.1373163179705652,0.9846153846153847
wednesday,42,1000,perm_disagree,GT1,20,0.2,0.26666666666666666,1.1373163179705652,0.9846153846153847
wednesday,42,1000,perm_disagree,GT2,5,0.4,0.13333333333333333,1.1373163179705652,0.9846153846153847
wednesday,42,1000,perm_disagree,GT2,10,0.4,0.26666666666666666,1.1373163179705652,0.9846153846153847
wednesday,42,1000,perm_disagree,GT2,20,0.2,0.26666666666666666,1.1373163179705652,0.9846153846153847
wednesday,42,1000,random,GT1,5,0.2,0.06666666666666667,1.1373163179705652,0.9846153846153847
wednesday,42,1000,random,GT1,10,0.3,0.2,1.1373163179705652,0.9846153846153847
wednesday,42,1000,random,GT1,20,0.2,0.26666666666666666,1.1373163179705652,0.9846153846153847
wednesday,42,1000,random,GT2,5,0.2,0.06666666666666667,1.1373163179705652,0.9846153846153847
wednesday,42,1000,random,GT2,10,0.3,0.2,1.1373163179705652,0.9846153846153847
wednesday,42,1000,random,GT2,20,0.2,0.26666666666666666,1.1373163179705652,0.9846153846153847
wednesday,42,5000,dual_gain,GT1,5,1.0,0.3333333333333333,1.1115779111287072,0.9986013986013986
wednesday,42,5000,dual_gain,GT1,10,0.9,0.6,1.1115779111287072,0.9986013986013986
wednesday,42,5000,dual_gain,GT1,20,0.55,0.7333333333333333,1.1115779111287072,0.9986013986013986
wednesday,42,5000,dual_gain,GT2,5,1.0,0.3333333333333333,1.1115779111287072,0.9986013986013986
wednesday,42,5000,dual_gain,GT2,10,0.9,0.6,1.1115779111287072,0.9986013986013986
wednesday,42,5000,dual_gain,GT2,20,0.6,0.8,1.1115779111287072,0.9986013986013986
wednesday,42,5000,dual_abs,GT1,5,0.8,0.26666666666666666,1.1115779111287072,0.9986013986013986
wednesday,42,5000,dual_abs,GT1,10,0.5,0.3333333333333333,1.1115779111287072,0.9986013986013986
wednesday,42,5000,dual_abs,GT1,20,0.45,0.6,1.1115779111287072,0.9986013986013986
wednesday,42,5000,dual_abs,GT2,5,0.8,0.26666666666666666,1.1115779111287072,0.9986013986013986
wednesday,42,5000,dual_abs,GT2,10,0.5,0.3333333333333333,1.1115779111287072,0.9986013986013986
wednesday,42,5000,dual_abs,GT2,20,0.45,0.6,1.1115779111287072,0.9986013986013986
wednesday,42,5000,aux_only,GT1,5,1.0,0.3333333333333333,1.1115779111287072,0.9986013986013986
wednesday,42,5000,aux_only,GT1,10,1.0,0.6666666666666666,1.1115779111287072,0.9986013986013986
wednesday,42,5000,aux_only,GT1,20,0.75,1.0,1.1115779111287072,0.9986013986013986
wednesday,42,5000,aux_only,GT2,5,1.0,0.3333333333333333,1.1115779111287072,0.9986013986013986
wednesday,42,5000,aux_only,GT2,10,0.9,0.6,1.1115779111287072,0.9986013986013986
wednesday,42,5000,aux_only,GT2,20,0.7,0.9333333333333333,1.1115779111287072,0.9986013986013986
wednesday,42,5000,main_only,GT1,5,0.0,0.0,1.1115779111287072,0.9986013986013986
wednesday,42,5000,main_only,GT1,10,0.3,0.2,1.1115779111287072,0.9986013986013986
wednesday,42,5000,main_only,GT1,20,0.4,0.5333333333333333,1.1115779111287072,0.9986013986013986
wednesday,42,5000,main_only,GT2,5,0.0,0.0,1.1115779111287072,0.9986013986013986
wednesday,42,5000,main_only,GT2,10,0.2,0.13333333333333333,1.1115779111287072,0.9986013986013986
wednesday,42,5000,main_only,GT2,20,0.35,0.4666666666666667,1.1115779111287072,0.9986013986013986
wednesday,42,5000,perm_disagree,GT1,5,0.4,0.13333333333333333,1.1115779111287072,0.9986013986013986
wednesday,42,5000,perm_disagree,GT1,10,0.2,0.13333333333333333,1.1115779111287072,0.9986013986013986
wednesday,42,5000,perm_disagree,GT1,20,0.2,0.26666666666666666,1.1115779111287072,0.9986013986013986
wednesday,42,5000,perm_disagree,GT2,5,0.4,0.13333333333333333,1.1115779111287072,0.9986013986013986
wednesday,42,5000,perm_disagree,GT2,10,0.2,0.13333333333333333,1.1115779111287072,0.9986013986013986
wednesday,42,5000,perm_disagree,GT2,20,0.2,0.26666666666666666,1.1115779111287072,0.9986013986013986
wednesday,42,5000,random,GT1,5,0.2,0.06666666666666667,1.1115779111287072,0.9986013986013986
wednesday,42,5000,random,GT1,10,0.3,0.2,1.1115779111287072,0.9986013986013986
wednesday,42,5000,random,GT1,20,0.2,0.26666666666666666,1.1115779111287072,0.9986013986013986
wednesday,42,5000,random,GT2,5,0.2,0.06666666666666667,1.1115779111287072,0.9986013986013986
wednesday,42,5000,random,GT2,10,0.3,0.2,1.1115779111287072,0.9986013986013986
wednesday,42,5000,random,GT2,20,0.2,0.26666666666666666,1.1115779111287072,0.9986013986013986
wednesday,42,25000,dual_gain,GT1,5,1.0,0.3333333333333333,1.0706456829641486,1.0
wednesday,42,25000,dual_gain,GT1,10,0.9,0.6,1.0706456829641486,1.0
wednesday,42,25000,dual_gain,GT1,20,0.6,0.8,1.0706456829641486,1.0
wednesday,42,25000,dual_gain,GT2,5,1.0,0.3333333333333333,1.0706456829641486,1.0
wednesday,42,25000,dual_gain,GT2,10,0.9,0.6,1.0706456829641486,1.0
wednesday,42,25000,dual_gain,GT2,20,0.6,0.8,1.0706456829641486,1.0
wednesday,42,25000,dual_abs,GT1,5,0.8,0.26666666666666666,1.0706456829641486,1.0
wednesday,42,25000,dual_abs,GT1,10,0.5,0.3333333333333333,1.0706456829641486,1.0
wednesday,42,25000,dual_abs,GT1,20,0.45,0.6,1.0706456829641486,1.0
wednesday,42,25000,dual_abs,GT2,5,0.8,0.26666666666666666,1.0706456829641486,1.0
wednesday,42,25000,dual_abs,GT2,10,0.5,0.3333333333333333,1.0706456829641486,1.0
wednesday,42,25000,dual_abs,GT2,20,0.4,0.5333333333333333,1.0706456829641486,1.0
wednesday,42,25000,aux_only,GT1,5,1.0,0.3333333333333333,1.0706456829641486,1.0
wednesday,42,25000,aux_only,GT1,10,1.0,0.6666666666666666,1.0706456829641486,1.0
wednesday,42,25000,aux_only,GT1,20,0.75,1.0,1.0706456829641486,1.0
wednesday,42,25000,aux_only,GT2,5,1.0,0.3333333333333333,1.0706456829641486,1.0
wednesday,42,25000,aux_only,GT2,10,0.9,0.6,1.0706456829641486,1.0
wednesday,42,25000,aux_only,GT2,20,0.7,0.9333333333333333,1.0706456829641486,1.0
wednesday,42,25000,main_only,GT1,5,0.0,0.0,1.0706456829641486,1.0
wednesday,42,25000,main_only,GT1,10,0.3,0.2,1.0706456829641486,1.0
wednesday,42,25000,main_only,GT1,20,0.4,0.5333333333333333,1.0706456829641486,1.0
wednesday,42,25000,main_only,GT2,5,0.0,0.0,1.0706456829641486,1.0
wednesday,42,25000,main_only,GT2,10,0.2,0.13333333333333333,1.0706456829641486,1.0
wednesday,42,25000,main_only,GT2,20,0.35,0.4666666666666667,1.0706456829641486,1.0
wednesday,42,25000,perm_disagree,GT1,5,0.0,0.0,1.0706456829641486,1.0
wednesday,42,25000,perm_disagree,GT1,10,0.1,0.06666666666666667,1.0706456829641486,1.0
wednesday,42,25000,perm_disagree,GT1,20,0.2,0.26666666666666666,1.0706456829641486,1.0
wednesday,42,25000,perm_disagree,GT2,5,0.0,0.0,1.0706456829641486,1.0
wednesday,42,25000,perm_disagree,GT2,10,0.1,0.06666666666666667,1.0706456829641486,1.0
wednesday,42,25000,perm_disagree,GT2,20,0.2,0.26666666666666666,1.0706456829641486,1.0
wednesday,42,25000,random,GT1,5,0.2,0.06666666666666667,1.0706456829641486,1.0
wednesday,42,25000,random,GT1,10,0.3,0.2,1.0706456829641486,1.0
wednesday,42,25000,random,GT1,20,0.2,0.26666666666666666,1.0706456829641486,1.0
wednesday,42,25000,random,GT2,5,0.2,0.06666666666666667,1.0706456829641486,1.0
wednesday,42,25000,random,GT2,10,0.3,0.2,1.0706456829641486,1.0
wednesday,42,25000,random,GT2,20,0.2,0.26666666666666666,1.0706456829641486,1.0
wednesday,42,100000,dual_gain,GT1,5,1.0,0.3333333333333333,1.0801017233883239,1.0
wednesday,42,100000,dual_gain,GT1,10,1.0,0.6666666666666666,1.0801017233883239,1.0
wednesday,42,100000,dual_gain,GT1,20,0.6,0.8,1.0801017233883239,1.0
wednesday,42,100000,dual_gain,GT2,5,1.0,0.3333333333333333,1.0801017233883239,1.0
wednesday,42,100000,dual_gain,GT2,10,0.9,0.6,1.0801017233883239,1.0
wednesday,42,100000,dual_gain,GT2,20,0.65,0.8666666666666667,1.0801017233883239,1.0
wednesday,42,100000,dual_abs,GT1,5,0.8,0.26666666666666666,1.0801017233883239,1.0
wednesday,42,100000,dual_abs,GT1,10,0.6,0.4,1.0801017233883239,1.0
wednesday,42,100000,dual_abs,GT1,20,0.4,0.5333333333333333,1.0801017233883239,1.0
wednesday,42,100000,dual_abs,GT2,5,0.8,0.26666666666666666,1.0801017233883239,1.0
wednesday,42,100000,dual_abs,GT2,10,0.6,0.4,1.0801017233883239,1.0
wednesday,42,100000,dual_abs,GT2,20,0.35,0.4666666666666667,1.0801017233883239,1.0
wednesday,42,100000,aux_only,GT1,5,1.0,0.3333333333333333,1.0801017233883239,1.0
wednesday,42,100000,aux_only,GT1,10,1.0,0.6666666666666666,1.0801017233883239,1.0
wednesday,42,100000,aux_only,GT1,20,0.75,1.0,1.0801017233883239,1.0
wednesday,42,100000,aux_only,GT2,5,1.0,0.3333333333333333,1.0801017233883239,1.0
wednesday,42,100000,aux_only,GT2,10,0.9,0.6,1.0801017233883239,1.0
wednesday,42,100000,aux_only,GT2,20,0.7,0.9333333333333333,1.0801017233883239,1.0
wednesday,42,100000,main_only,GT1,5,0.0,0.0,1.0801017233883239,1.0
wednesday,42,100000,main_only,GT1,10,0.3,0.2,1.0801017233883239,1.0
wednesday,42,100000,main_only,GT1,20,0.4,0.5333333333333333,1.0801017233883239,1.0
wednesday,42,100000,main_only,GT2,5,0.0,0.0,1.0801017233883239,1.0
wednesday,42,100000,main_only,GT2,10,0.2,0.13333333333333333,1.0801017233883239,1.0
wednesday,42,100000,main_only,GT2,20,0.35,0.4666666666666667,1.0801017233883239,1.0
wednesday,42,100000,perm_disagree,GT1,5,0.2,0.06666666666666667,1.0801017233883239,1.0
wednesday,42,100000,perm_disagree,GT1,10,0.2,0.13333333333333333,1.0801017233883239,1.0
wednesday,42,100000,perm_disagree,GT1,20,0.25,0.3333333333333333,1.0801017233883239,1.0
wednesday,42,100000,perm_disagree,GT2,5,0.2,0.06666666666666667,1.0801017233883239,1.0
wednesday,42,100000,perm_disagree,GT2,10,0.2,0.13333333333333333,1.0801017233883239,1.0
wednesday,42,100000,perm_disagree,GT2,20,0.25,0.3333333333333333,1.0801017233883239,1.0
wednesday,42,100000,random,GT1,5,0.2,0.06666666666666667,1.0801017233883239,1.0
wednesday,42,100000,random,GT1,10,0.3,0.2,1.0801017233883239,1.0
wednesday,42,100000,random,GT1,20,0.2,0.26666666666666666,1.0801017233883239,1.0
wednesday,42,100000,random,GT2,5,0.2,0.06666666666666667,1.0801017233883239,1.0
wednesday,42,100000,random,GT2,10,0.3,0.2,1.0801017233883239,1.0
wednesday,42,100000,random,GT2,20,0.2,0.26666666666666666,1.0801017233883239,1.0
wednesday,1,250,dual_gain,GT1,5,1.0,0.3333333333333333,1.234892826335122,0.965034965034965
wednesday,1,250,dual_gain,GT1,10,1.0,0.6666666666666666,1.234892826335122,0.965034965034965
wednesday,1,250,dual_gain,GT1,20,0.7,0.9333333333333333,1.234892826335122,0.965034965034965
wednesday,1,250,dual_gain,GT2,5,1.0,0.3333333333333333,1.234892826335122,0.965034965034965
wednesday,1,250,dual_gain,GT2,10,0.9,0.6,1.234892826335122,0.965034965034965
wednesday,1,250,dual_gain,GT2,20,0.65,0.8666666666666667,1.234892826335122,0.965034965034965
wednesday,1,250,dual_abs,GT1,5,0.8,0.26666666666666666,1.234892826335122,0.965034965034965
wednesday,1,250,dual_abs,GT1,10,0.6,0.4,1.234892826335122,0.965034965034965
wednesday,1,250,dual_abs,GT1,20,0.5,0.6666666666666666,1.234892826335122,0.965034965034965
wednesday,1,250,dual_abs,GT2,5,0.8,0.26666666666666666,1.234892826335122,0.965034965034965
wednesday,1,250,dual_abs,GT2,10,0.6,0.4,1.234892826335122,0.965034965034965
wednesday,1,250,dual_abs,GT2,20,0.5,0.6666666666666666,1.234892826335122,0.965034965034965
wednesday,1,250,aux_only,GT1,5,1.0,0.3333333333333333,1.234892826335122,0.965034965034965
wednesday,1,250,aux_only,GT1,10,1.0,0.6666666666666666,1.234892826335122,0.965034965034965
wednesday,1,250,aux_only,GT1,20,0.75,1.0,1.234892826335122,0.965034965034965
wednesday,1,250,aux_only,GT2,5,1.0,0.3333333333333333,1.234892826335122,0.965034965034965
wednesday,1,250,aux_only,GT2,10,0.9,0.6,1.234892826335122,0.965034965034965
wednesday,1,250,aux_only,GT2,20,0.65,0.8666666666666667,1.234892826335122,0.965034965034965
wednesday,1,250,main_only,GT1,5,0.0,0.0,1.234892826335122,0.965034965034965
wednesday,1,250,main_only,GT1,10,0.3,0.2,1.234892826335122,0.965034965034965
wednesday,1,250,main_only,GT1,20,0.4,0.5333333333333333,1.234892826335122,0.965034965034965
wednesday,1,250,main_only,GT2,5,0.0,0.0,1.234892826335122,0.965034965034965
wednesday,1,250,main_only,GT2,10,0.2,0.13333333333333333,1.234892826335122,0.965034965034965
wednesday,1,250,main_only,GT2,20,0.35,0.4666666666666667,1.234892826335122,0.965034965034965
wednesday,1,250,perm_disagree,GT1,5,1.0,0.3333333333333333,1.234892826335122,0.965034965034965
wednesday,1,250,perm_disagree,GT1,10,0.9,0.6,1.234892826335122,0.965034965034965
wednesday,1,250,perm_disagree,GT1,20,0.7,0.9333333333333333,1.234892826335122,0.965034965034965
wednesday,1,250,perm_disagree,GT2,5,1.0,0.3333333333333333,1.234892826335122,0.965034965034965
wednesday,1,250,perm_disagree,GT2,10,0.9,0.6,1.234892826335122,0.965034965034965
wednesday,1,250,perm_disagree,GT2,20,0.6,0.8,1.234892826335122,0.965034965034965
wednesday,1,250,random,GT1,5,0.0,0.0,1.234892826335122,0.965034965034965
wednesday,1,250,random,GT1,10,0.0,0.0,1.234892826335122,0.965034965034965
wednesday,1,250,random,GT1,20,0.2,0.26666666666666666,1.234892826335122,0.965034965034965
wednesday,1,250,random,GT2,5,0.0,0.0,1.234892826335122,0.965034965034965
wednesday,1,250,random,GT2,10,0.0,0.0,1.234892826335122,0.965034965034965
wednesday,1,250,random,GT2,20,0.2,0.26666666666666666,1.234892826335122,0.965034965034965
wednesday,1,1000,dual_gain,GT1,5,1.0,0.3333333333333333,1.1549435067423783,0.9846153846153847
wednesday,1,1000,dual_gain,GT1,10,1.0,0.6666666666666666,1.1549435067423783,0.9846153846153847
wednesday,1,1000,dual_gain,GT1,20,0.6,0.8,1.1549435067423783,0.9846153846153847
wednesday,1,1000,dual_gain,GT2,5,1.0,0.3333333333333333,1.1549435067423783,0.9846153846153847
wednesday,1,1000,dual_gain,GT2,10,1.0,0.6666666666666666,1.1549435067423783,0.9846153846153847
wednesday,1,1000,dual_gain,GT2,20,0.6,0.8,1.1549435067423783,0.9846153846153847
wednesday,1,1000,dual_abs,GT1,5,0.8,0.26666666666666666,1.1549435067423783,0.9846153846153847
wednesday,1,1000,dual_abs,GT1,10,0.6,0.4,1.1549435067423783,0.9846153846153847
wednesday,1,1000,dual_abs,GT1,20,0.4,0.5333333333333333,1.1549435067423783,0.9846153846153847
wednesday,1,1000,dual_abs,GT2,5,0.8,0.26666666666666666,1.1549435067423783,0.9846153846153847
wednesday,1,1000,dual_abs,GT2,10,0.6,0.4,1.1549435067423783,0.9846153846153847
wednesday,1,1000,dual_abs,GT2,20,0.4,0.5333333333333333,1.1549435067423783,0.9846153846153847
wednesday,1,1000,aux_only,GT1,5,1.0,0.3333333333333333,1.1549435067423783,0.9846153846153847
wednesday,1,1000,aux_only,GT1,10,1.0,0.6666666666666666,1.1549435067423783,0.9846153846153847
wednesday,1,1000,aux_only,GT1,20,0.7,0.9333333333333333,1.1549435067423783,0.9846153846153847
wednesday,1,1000,aux_only,GT2,5,1.0,0.3333333333333333,1.1549435067423783,0.9846153846153847
wednesday,1,1000,aux_only,GT2,10,0.9,0.6,1.1549435067423783,0.9846153846153847
wednesday,1,1000,aux_only,GT2,20,0.7,0.9333333333333333,1.1549435067423783,0.9846153846153847
wednesday,1,1000,main_only,GT1,5,0.0,0.0,1.1549435067423783,0.9846153846153847
wednesday,1,1000,main_only,GT1,10,0.3,0.2,1.1549435067423783,0.9846153846153847
wednesday,1,1000,main_only,GT1,20,0.4,0.5333333333333333,1.1549435067423783,0.9846153846153847
wednesday,1,1000,main_only,GT2,5,0.0,0.0,1.1549435067423783,0.9846153846153847
wednesday,1,1000,main_only,GT2,10,0.2,0.13333333333333333,1.1549435067423783,0.9846153846153847
wednesday,1,1000,main_only,GT2,20,0.35,0.4666666666666667,1.1549435067423783,0.9846153846153847
wednesday,1,1000,perm_disagree,GT1,5,0.4,0.13333333333333333,1.1549435067423783,0.9846153846153847
wednesday,1,1000,perm_disagree,GT1,10,0.4,0.26666666666666666,1.1549435067423783,0.9846153846153847
wednesday,1,1000,perm_disagree,GT1,20,0.4,0.5333333333333333,1.1549435067423783,0.9846153846153847
wednesday,1,1000,perm_disagree,GT2,5,0.4,0.13333333333333333,1.1549435067423783,0.9846153846153847
wednesday,1,1000,perm_disagree,GT2,10,0.4,0.26666666666666666,1.1549435067423783,0.9846153846153847
wednesday,1,1000,perm_disagree,GT2,20,0.4,0.5333333333333333,1.1549435067423783,0.9846153846153847
wednesday,1,1000,random,GT1,5,0.0,0.0,1.1549435067423783,0.9846153846153847
wednesday,1,1000,random,GT1,10,0.0,0.0,1.1549435067423783,0.9846153846153847
wednesday,1,1000,random,GT1,20,0.2,0.26666666666666666,1.1549435067423783,0.9846153846153847
wednesday,1,1000,random,GT2,5,0.0,0.0,1.1549435067423783,0.9846153846153847
wednesday,1,1000,random,GT2,10,0.0,0.0,1.1549435067423783,0.9846153846153847
wednesday,1,1000,random,GT2,20,0.2,0.26666666666666666,1.1549435067423783,0.9846153846153847
wednesday,1,5000,dual_gain,GT1,5,1.0,0.3333333333333333,1.1428384899281514,0.9958041958041958
wednesday,1,5000,dual_gain,GT1,10,0.9,0.6,1.1428384899281514,0.9958041958041958
wednesday,1,5000,dual_gain,GT1,20,0.6,0.8,1.1428384899281514,0.9958041958041958
wednesday,1,5000,dual_gain,GT2,5,1.0,0.3333333333333333,1.1428384899281514,0.9958041958041958
wednesday,1,5000,dual_gain,GT2,10,0.9,0.6,1.1428384899281514,0.9958041958041958
wednesday,1,5000,dual_gain,GT2,20,0.65,0.8666666666666667,1.1428384899281514,0.9958041958041958
wednesday,1,5000,dual_abs,GT1,5,0.8,0.26666666666666666,1.1428384899281514,0.9958041958041958
wednesday,1,5000,dual_abs,GT1,10,0.6,0.4,1.1428384899281514,0.9958041958041958
wednesday,1,5000,dual_abs,GT1,20,0.5,0.6666666666666666,1.1428384899281514,0.9958041958041958
wednesday,1,5000,dual_abs,GT2,5,0.8,0.26666666666666666,1.1428384899281514,0.9958041958041958
wednesday,1,5000,dual_abs,GT2,10,0.6,0.4,1.1428384899281514,0.9958041958041958
wednesday,1,5000,dual_abs,GT2,20,0.45,0.6,1.1428384899281514,0.9958041958041958
wednesday,1,5000,aux_only,GT1,5,1.0,0.3333333333333333,1.1428384899281514,0.9958041958041958
wednesday,1,5000,aux_only,GT1,10,1.0,0.6666666666666666,1.1428384899281514,0.9958041958041958
wednesday,1,5000,aux_only,GT1,20,0.75,1.0,1.1428384899281514,0.9958041958041958
wednesday,1,5000,aux_only,GT2,5,1.0,0.3333333333333333,1.1428384899281514,0.9958041958041958
wednesday,1,5000,aux_only,GT2,10,0.9,0.6,1.1428384899281514,0.9958041958041958
wednesday,1,5000,aux_only,GT2,20,0.7,0.9333333333333333,1.1428384899281514,0.9958041958041958
wednesday,1,5000,main_only,GT1,5,0.0,0.0,1.1428384899281514,0.9958041958041958
wednesday,1,5000,main_only,GT1,10,0.3,0.2,1.1428384899281514,0.9958041958041958
wednesday,1,5000,main_only,GT1,20,0.4,0.5333333333333333,1.1428384899281514,0.9958041958041958
wednesday,1,5000,main_only,GT2,5,0.0,0.0,1.1428384899281514,0.9958041958041958
wednesday,1,5000,main_only,GT2,10,0.2,0.13333333333333333,1.1428384899281514,0.9958041958041958
wednesday,1,5000,main_only,GT2,20,0.35,0.4666666666666667,1.1428384899281514,0.9958041958041958
wednesday,1,5000,perm_disagree,GT1,5,0.6,0.2,1.1428384899281514,0.9958041958041958
wednesday,1,5000,perm_disagree,GT1,10,0.4,0.26666666666666666,1.1428384899281514,0.9958041958041958
wednesday,1,5000,perm_disagree,GT1,20,0.25,0.3333333333333333,1.1428384899281514,0.9958041958041958
wednesday,1,5000,perm_disagree,GT2,5,0.6,0.2,1.1428384899281514,0.9958041958041958
wednesday,1,5000,perm_disagree,GT2,10,0.4,0.26666666666666666,1.1428384899281514,0.9958041958041958
wednesday,1,5000,perm_disagree,GT2,20,0.25,0.3333333333333333,1.1428384899281514,0.9958041958041958
wednesday,1,5000,random,GT1,5,0.0,0.0,1.1428384899281514,0.9958041958041958
wednesday,1,5000,random,GT1,10,0.0,0.0,1.1428384899281514,0.9958041958041958
wednesday,1,5000,random,GT1,20,0.2,0.26666666666666666,1.1428384899281514,0.9958041958041958
wednesday,1,5000,random,GT2,5,0.0,0.0,1.1428384899281514,0.9958041958041958
wednesday,1,5000,random,GT2,10,0.0,0.0,1.1428384899281514,0.9958041958041958
wednesday,1,5000,random,GT2,20,0.2,0.26666666666666666,1.1428384899281514,0.9958041958041958
wednesday,1,25000,dual_gain,GT1,5,1.0,0.3333333333333333,1.1150730378296545,0.9986013986013986
wednesday,1,25000,dual_gain,GT1,10,1.0,0.6666666666666666,1.1150730378296545,0.9986013986013986
wednesday,1,25000,dual_gain,GT1,20,0.7,0.9333333333333333,1.1150730378296545,0.9986013986013986
wednesday,1,25000,dual_gain,GT2,5,1.0,0.3333333333333333,1.1150730378296545,0.9986013986013986
wednesday,1,25000,dual_gain,GT2,10,0.9,0.6,1.1150730378296545,0.9986013986013986
wednesday,1,25000,dual_gain,GT2,20,0.7,0.9333333333333333,1.1150730378296545,0.9986013986013986
wednesday,1,25000,dual_abs,GT1,5,0.8,0.26666666666666666,1.1150730378296545,0.9986013986013986
wednesday,1,25000,dual_abs,GT1,10,0.7,0.4666666666666667,1.1150730378296545,0.9986013986013986
wednesday,1,25000,dual_abs,GT1,20,0.45,0.6,1.1150730378296545,0.9986013986013986
wednesday,1,25000,dual_abs,GT2,5,0.8,0.26666666666666666,1.1150730378296545,0.9986013986013986
wednesday,1,25000,dual_abs,GT2,10,0.7,0.4666666666666667,1.1150730378296545,0.9986013986013986
wednesday,1,25000,dual_abs,GT2,20,0.45,0.6,1.1150730378296545,0.9986013986013986
wednesday,1,25000,aux_only,GT1,5,1.0,0.3333333333333333,1.1150730378296545,0.9986013986013986
wednesday,1,25000,aux_only,GT1,10,1.0,0.6666666666666666,1.1150730378296545,0.9986013986013986
wednesday,1,25000,aux_only,GT1,20,0.75,1.0,1.1150730378296545,0.9986013986013986
wednesday,1,25000,aux_only,GT2,5,1.0,0.3333333333333333,1.1150730378296545,0.9986013986013986
wednesday,1,25000,aux_only,GT2,10,0.9,0.6,1.1150730378296545,0.9986013986013986
wednesday,1,25000,aux_only,GT2,20,0.7,0.9333333333333333,1.1150730378296545,0.9986013986013986
wednesday,1,25000,main_only,GT1,5,0.0,0.0,1.1150730378296545,0.9986013986013986
wednesday,1,25000,main_only,GT1,10,0.3,0.2,1.1150730378296545,0.9986013986013986
wednesday,1,25000,main_only,GT1,20,0.4,0.5333333333333333,1.1150730378296545,0.9986013986013986
wednesday,1,25000,main_only,GT2,5,0.0,0.0,1.1150730378296545,0.9986013986013986
wednesday,1,25000,main_only,GT2,10,0.2,0.13333333333333333,1.1150730378296545,0.9986013986013986
wednesday,1,25000,main_only,GT2,20,0.35,0.4666666666666667,1.1150730378296545,0.9986013986013986
wednesday,1,25000,perm_disagree,GT1,5,0.4,0.13333333333333333,1.1150730378296545,0.9986013986013986
wednesday,1,25000,perm_disagree,GT1,10,0.3,0.2,1.1150730378296545,0.9986013986013986
wednesday,1,25000,perm_disagree,GT1,20,0.4,0.5333333333333333,1.1150730378296545,0.9986013986013986
wednesday,1,25000,perm_disagree,GT2,5,0.4,0.13333333333333333,1.1150730378296545,0.9986013986013986
wednesday,1,25000,perm_disagree,GT2,10,0.2,0.13333333333333333,1.1150730378296545,0.9986013986013986
wednesday,1,25000,perm_disagree,GT2,20,0.35,0.4666666666666667,1.1150730378296545,0.9986013986013986
wednesday,1,25000,random,GT1,5,0.0,0.0,1.1150730378296545,0.9986013986013986
wednesday,1,25000,random,GT1,10,0.0,0.0,1.1150730378296545,0.9986013986013986
wednesday,1,25000,random,GT1,20,0.2,0.26666666666666666,1.1150730378296545,0.9986013986013986
wednesday,1,25000,random,GT2,5,0.0,0.0,1.1150730378296545,0.9986013986013986
wednesday,1,25000,random,GT2,10,0.0,0.0,1.1150730378296545,0.9986013986013986
wednesday,1,25000,random,GT2,20,0.2,0.26666666666666666,1.1150730378296545,0.9986013986013986
wednesday,1,100000,dual_gain,GT1,5,1.0,0.3333333333333333,1.1435903090806847,1.0
wednesday,1,100000,dual_gain,GT1,10,1.0,0.6666666666666666,1.1435903090806847,1.0
wednesday,1,100000,dual_gain,GT1,20,0.6,0.8,1.1435903090806847,1.0
wednesday,1,100000,dual_gain,GT2,5,1.0,0.3333333333333333,1.1435903090806847,1.0
wednesday,1,100000,dual_gain,GT2,10,0.9,0.6,1.1435903090806847,1.0
wednesday,1,100000,dual_gain,GT2,20,0.65,0.8666666666666667,1.1435903090806847,1.0
wednesday,1,100000,dual_abs,GT1,5,0.8,0.26666666666666666,1.1435903090806847,1.0
wednesday,1,100000,dual_abs,GT1,10,0.6,0.4,1.1435903090806847,1.0
wednesday,1,100000,dual_abs,GT1,20,0.45,0.6,1.1435903090806847,1.0
wednesday,1,100000,dual_abs,GT2,5,0.8,0.26666666666666666,1.1435903090806847,1.0
wednesday,1,100000,dual_abs,GT2,10,0.6,0.4,1.1435903090806847,1.0
wednesday,1,100000,dual_abs,GT2,20,0.45,0.6,1.1435903090806847,1.0
wednesday,1,100000,aux_only,GT1,5,1.0,0.3333333333333333,1.1435903090806847,1.0
wednesday,1,100000,aux_only,GT1,10,1.0,0.6666666666666666,1.1435903090806847,1.0
wednesday,1,100000,aux_only,GT1,20,0.7,0.9333333333333333,1.1435903090806847,1.0
wednesday,1,100000,aux_only,GT2,5,1.0,0.3333333333333333,1.1435903090806847,1.0
wednesday,1,100000,aux_only,GT2,10,1.0,0.6666666666666666,1.1435903090806847,1.0
wednesday,1,100000,aux_only,GT2,20,0.65,0.8666666666666667,1.1435903090806847,1.0
wednesday,1,100000,main_only,GT1,5,0.0,0.0,1.1435903090806847,1.0
wednesday,1,100000,main_only,GT1,10,0.3,0.2,1.1435903090806847,1.0
wednesday,1,100000,main_only,GT1,20,0.4,0.5333333333333333,1.1435903090806847,1.0
wednesday,1,100000,main_only,GT2,5,0.0,0.0,1.1435903090806847,1.0
wednesday,1,100000,main_only,GT2,10,0.2,0.13333333333333333,1.1435903090806847,1.0
wednesday,1,100000,main_only,GT2,20,0.35,0.4666666666666667,1.1435903090806847,1.0
wednesday,1,100000,perm_disagree,GT1,5,0.4,0.13333333333333333,1.1435903090806847,1.0
wednesday,1,100000,perm_disagree,GT1,10,0.6,0.4,1.1435903090806847,1.0
wednesday,1,100000,perm_disagree,GT1,20,0.4,0.5333333333333333,1.1435903090806847,1.0
wednesday,1,100000,perm_disagree,GT2,5,0.4,0.13333333333333333,1.1435903090806847,1.0
wednesday,1,100000,perm_disagree,GT2,10,0.5,0.3333333333333333,1.1435903090806847,1.0
wednesday,1,100000,perm_disagree,GT2,20,0.35,0.4666666666666667,1.1435903090806847,1.0
wednesday,1,100000,random,GT1,5,0.0,0.0,1.1435903090806847,1.0
wednesday,1,100000,random,GT1,10,0.0,0.0,1.1435903090806847,1.0
wednesday,1,100000,random,GT1,20,0.2,0.26666666666666666,1.1435903090806847,1.0
wednesday,1,100000,random,GT2,5,0.0,0.0,1.1435903090806847,1.0
wednesday,1,100000,random,GT2,10,0.0,0.0,1.1435903090806847,1.0
wednesday,1,100000,random,GT2,20,0.2,0.26666666666666666,1.1435903090806847,1.0
wednesday,7,250,dual_gain,GT1,5,1.0,0.3333333333333333,1.2093643717478135,0.9538461538461539
wednesday,7,250,dual_gain,GT1,10,1.0,0.6666666666666666,1.2093643717478135,0.9538461538461539
wednesday,7,250,dual_gain,GT1,20,0.7,0.9333333333333333,1.2093643717478135,0.9538461538461539
wednesday,7,250,dual_gain,GT2,5,1.0,0.3333333333333333,1.2093643717478135,0.9538461538461539
wednesday,7,250,dual_gain,GT2,10,0.9,0.6,1.2093643717478135,0.9538461538461539
wednesday,7,250,dual_gain,GT2,20,0.65,0.8666666666666667,1.2093643717478135,0.9538461538461539
wednesday,7,250,dual_abs,GT1,5,0.8,0.26666666666666666,1.2093643717478135,0.9538461538461539
wednesday,7,250,dual_abs,GT1,10,0.5,0.3333333333333333,1.2093643717478135,0.9538461538461539
wednesday,7,250,dual_abs,GT1,20,0.55,0.7333333333333333,1.2093643717478135,0.9538461538461539
wednesday,7,250,dual_abs,GT2,5,0.8,0.26666666666666666,1.2093643717478135,0.9538461538461539
wednesday,7,250,dual_abs,GT2,10,0.5,0.3333333333333333,1.2093643717478135,0.9538461538461539
wednesday,7,250,dual_abs,GT2,20,0.5,0.6666666666666666,1.2093643717478135,0.9538461538461539
wednesday,7,250,aux_only,GT1,5,1.0,0.3333333333333333,1.2093643717478135,0.9538461538461539
wednesday,7,250,aux_only,GT1,10,1.0,0.6666666666666666,1.2093643717478135,0.9538461538461539
wednesday,7,250,aux_only,GT1,20,0.75,1.0,1.2093643717478135,0.9538461538461539
wednesday,7,250,aux_only,GT2,5,1.0,0.3333333333333333,1.2093643717478135,0.9538461538461539
wednesday,7,250,aux_only,GT2,10,0.9,0.6,1.2093643717478135,0.9538461538461539
wednesday,7,250,aux_only,GT2,20,0.7,0.9333333333333333,1.2093643717478135,0.9538461538461539
wednesday,7,250,main_only,GT1,5,0.0,0.0,1.2093643717478135,0.9538461538461539
wednesday,7,250,main_only,GT1,10,0.3,0.2,1.2093643717478135,0.9538461538461539
wednesday,7,250,main_only,GT1,20,0.4,0.5333333333333333,1.2093643717478135,0.9538461538461539
wednesday,7,250,main_only,GT2,5,0.0,0.0,1.2093643717478135,0.9538461538461539
wednesday,7,250,main_only,GT2,10,0.2,0.13333333333333333,1.2093643717478135,0.9538461538461539
wednesday,7,250,main_only,GT2,20,0.35,0.4666666666666667,1.2093643717478135,0.9538461538461539
wednesday,7,250,perm_disagree,GT1,5,0.8,0.26666666666666666,1.2093643717478135,0.9538461538461539
wednesday,7,250,perm_disagree,GT1,10,0.7,0.4666666666666667,1.2093643717478135,0.9538461538461539
wednesday,7,250,perm_disagree,GT1,20,0.4,0.5333333333333333,1.2093643717478135,0.9538461538461539
wednesday,7,250,perm_disagree,GT2,5,0.8,0.26666666666666666,1.2093643717478135,0.9538461538461539
wednesday,7,250,perm_disagree,GT2,10,0.6,0.4,1.2093643717478135,0.9538461538461539
wednesday,7,250,perm_disagree,GT2,20,0.35,0.4666666666666667,1.2093643717478135,0.9538461538461539
wednesday,7,250,random,GT1,5,0.2,0.06666666666666667,1.2093643717478135,0.9538461538461539
wednesday,7,250,random,GT1,10,0.2,0.13333333333333333,1.2093643717478135,0.9538461538461539
wednesday,7,250,random,GT1,20,0.25,0.3333333333333333,1.2093643717478135,0.9538461538461539
wednesday,7,250,random,GT2,5,0.2,0.06666666666666667,1.2093643717478135,0.9538461538461539
wednesday,7,250,random,GT2,10,0.2,0.13333333333333333,1.2093643717478135,0.9538461538461539
wednesday,7,250,random,GT2,20,0.25,0.3333333333333333,1.2093643717478135,0.9538461538461539
wednesday,7,1000,dual_gain,GT1,5,1.0,0.3333333333333333,1.1204210808553812,0.9748251748251748
wednesday,7,1000,dual_gain,GT1,10,1.0,0.6666666666666666,1.1204210808553812,0.9748251748251748
wednesday,7,1000,dual_gain,GT1,20,0.7,0.9333333333333333,1.1204210808553812,0.9748251748251748
wednesday,7,1000,dual_gain,GT2,5,1.0,0.3333333333333333,1.1204210808553812,0.9748251748251748
wednesday,7,1000,dual_gain,GT2,10,0.9,0.6,1.1204210808553812,0.9748251748251748
wednesday,7,1000,dual_gain,GT2,20,0.65,0.8666666666666667,1.1204210808553812,0.9748251748251748
wednesday,7,1000,dual_abs,GT1,5,0.8,0.26666666666666666,1.1204210808553812,0.9748251748251748
wednesday,7,1000,dual_abs,GT1,10,0.6,0.4,1.1204210808553812,0.9748251748251748
wednesday,7,1000,dual_abs,GT1,20,0.4,0.5333333333333333,1.1204210808553812,0.9748251748251748
wednesday,7,1000,dual_abs,GT2,5,0.8,0.26666666666666666,1.1204210808553812,0.9748251748251748
wednesday,7,1000,dual_abs,GT2,10,0.6,0.4,1.1204210808553812,0.9748251748251748
wednesday,7,1000,dual_abs,GT2,20,0.4,0.5333333333333333,1.1204210808553812,0.9748251748251748
wednesday,7,1000,aux_only,GT1,5,1.0,0.3333333333333333,1.1204210808553812,0.9748251748251748
wednesday,7,1000,aux_only,GT1,10,1.0,0.6666666666666666,1.1204210808553812,0.9748251748251748
wednesday,7,1000,aux_only,GT1,20,0.75,1.0,1.1204210808553812,0.9748251748251748
wednesday,7,1000,aux_only,GT2,5,1.0,0.3333333333333333,1.1204210808553812,0.9748251748251748
wednesday,7,1000,aux_only,GT2,10,0.9,0.6,1.1204210808553812,0.9748251748251748
wednesday,7,1000,aux_only,GT2,20,0.7,0.9333333333333333,1.1204210808553812,0.9748251748251748
wednesday,7,1000,main_only,GT1,5,0.0,0.0,1.1204210808553812,0.9748251748251748
wednesday,7,1000,main_only,GT1,10,0.3,0.2,1.1204210808553812,0.9748251748251748
wednesday,7,1000,main_only,GT1,20,0.4,0.5333333333333333,1.1204210808553812,0.9748251748251748
wednesday,7,1000,main_only,GT2,5,0.0,0.0,1.1204210808553812,0.9748251748251748
wednesday,7,1000,main_only,GT2,10,0.2,0.13333333333333333,1.1204210808553812,0.9748251748251748
wednesday,7,1000,main_only,GT2,20,0.35,0.4666666666666667,1.1204210808553812,0.9748251748251748
wednesday,7,1000,perm_disagree,GT1,5,1.0,0.3333333333333333,1.1204210808553812,0.9748251748251748
wednesday,7,1000,perm_disagree,GT1,10,0.6,0.4,1.1204210808553812,0.9748251748251748
wednesday,7,1000,perm_disagree,GT1,20,0.4,0.5333333333333333,1.1204210808553812,0.9748251748251748
wednesday,7,1000,perm_disagree,GT2,5,1.0,0.3333333333333333,1.1204210808553812,0.9748251748251748
wednesday,7,1000,perm_disagree,GT2,10,0.6,0.4,1.1204210808553812,0.9748251748251748
wednesday,7,1000,perm_disagree,GT2,20,0.4,0.5333333333333333,1.1204210808553812,0.9748251748251748
wednesday,7,1000,random,GT1,5,0.2,0.06666666666666667,1.1204210808553812,0.9748251748251748
wednesday,7,1000,random,GT1,10,0.2,0.13333333333333333,1.1204210808553812,0.9748251748251748
wednesday,7,1000,random,GT1,20,0.25,0.3333333333333333,1.1204210808553812,0.9748251748251748
wednesday,7,1000,random,GT2,5,0.2,0.06666666666666667,1.1204210808553812,0.9748251748251748
wednesday,7,1000,random,GT2,10,0.2,0.13333333333333333,1.1204210808553812,0.9748251748251748
wednesday,7,1000,random,GT2,20,0.25,0.3333333333333333,1.1204210808553812,0.9748251748251748
wednesday,7,5000,dual_gain,GT1,5,1.0,0.3333333333333333,1.128850404608114,0.9916083916083916
wednesday,7,5000,dual_gain,GT1,10,1.0,0.6666666666666666,1.128850404608114,0.9916083916083916
wednesday,7,5000,dual_gain,GT1,20,0.65,0.8666666666666667,1.128850404608114,0.9916083916083916
wednesday,7,5000,dual_gain,GT2,5,1.0,0.3333333333333333,1.128850404608114,0.9916083916083916
wednesday,7,5000,dual_gain,GT2,10,0.9,0.6,1.128850404608114,0.9916083916083916
wednesday,7,5000,dual_gain,GT2,20,0.65,0.8666666666666667,1.128850404608114,0.9916083916083916
wednesday,7,5000,dual_abs,GT1,5,0.6,0.2,1.128850404608114,0.9916083916083916
wednesday,7,5000,dual_abs,GT1,10,0.5,0.3333333333333333,1.128850404608114,0.9916083916083916
wednesday,7,5000,dual_abs,GT1,20,0.4,0.5333333333333333,1.128850404608114,0.9916083916083916
wednesday,7,5000,dual_abs,GT2,5,0.6,0.2,1.128850404608114,0.9916083916083916
wednesday,7,5000,dual_abs,GT2,10,0.5,0.3333333333333333,1.128850404608114,0.9916083916083916
wednesday,7,5000,dual_abs,GT2,20,0.35,0.4666666666666667,1.128850404608114,0.9916083916083916
wednesday,7,5000,aux_only,GT1,5,1.0,0.3333333333333333,1.128850404608114,0.9916083916083916
wednesday,7,5000,aux_only,GT1,10,1.0,0.6666666666666666,1.128850404608114,0.9916083916083916
wednesday,7,5000,aux_only,GT1,20,0.75,1.0,1.128850404608114,0.9916083916083916
wednesday,7,5000,aux_only,GT2,5,1.0,0.3333333333333333,1.128850404608114,0.9916083916083916
wednesday,7,5000,aux_only,GT2,10,0.9,0.6,1.128850404608114,0.9916083916083916
wednesday,7,5000,aux_only,GT2,20,0.65,0.8666666666666667,1.128850404608114,0.9916083916083916
wednesday,7,5000,main_only,GT1,5,0.0,0.0,1.128850404608114,0.9916083916083916
wednesday,7,5000,main_only,GT1,10,0.3,0.2,1.128850404608114,0.9916083916083916
wednesday,7,5000,main_only,GT1,20,0.4,0.5333333333333333,1.128850404608114,0.9916083916083916
wednesday,7,5000,main_only,GT2,5,0.0,0.0,1.128850404608114,0.9916083916083916
wednesday,7,5000,main_only,GT2,10,0.2,0.13333333333333333,1.128850404608114,0.9916083916083916
wednesday,7,5000,main_only,GT2,20,0.35,0.4666666666666667,1.128850404608114,0.9916083916083916
wednesday,7,5000,perm_disagree,GT1,5,0.2,0.06666666666666667,1.128850404608114,0.9916083916083916
wednesday,7,5000,perm_disagree,GT1,10,0.2,0.13333333333333333,1.128850404608114,0.9916083916083916
wednesday,7,5000,perm_disagree,GT1,20,0.3,0.4,1.128850404608114,0.9916083916083916
wednesday,7,5000,perm_disagree,GT2,5,0.4,0.13333333333333333,1.128850404608114,0.9916083916083916
wednesday,7,5000,perm_disagree,GT2,10,0.3,0.2,1.128850404608114,0.9916083916083916
wednesday,7,5000,perm_disagree,GT2,20,0.3,0.4,1.128850404608114,0.9916083916083916
wednesday,7,5000,random,GT1,5,0.2,0.06666666666666667,1.128850404608114,0.9916083916083916
wednesday,7,5000,random,GT1,10,0.2,0.13333333333333333,1.128850404608114,0.9916083916083916
wednesday,7,5000,random,GT1,20,0.25,0.3333333333333333,1.128850404608114,0.9916083916083916
wednesday,7,5000,random,GT2,5,0.2,0.06666666666666667,1.128850404608114,0.9916083916083916
wednesday,7,5000,random,GT2,10,0.2,0.13333333333333333,1.128850404608114,0.9916083916083916
wednesday,7,5000,random,GT2,20,0.25,0.3333333333333333,1.128850404608114,0.9916083916083916
wednesday,7,25000,dual_gain,GT1,5,1.0,0.3333333333333333,1.114624252255417,0.9986013986013986
wednesday,7,25000,dual_gain,GT1,10,1.0,0.6666666666666666,1.114624252255417,0.9986013986013986
wednesday,7,25000,dual_gain,GT1,20,0.75,1.0,1.114624252255417,0.9986013986013986
wednesday,7,25000,dual_gain,GT2,5,1.0,0.3333333333333333,1.114624252255417,0.9986013986013986
wednesday,7,25000,dual_gain,GT2,10,0.8,0.5333333333333333,1.114624252255417,0.9986013986013986
wednesday,7,25000,dual_gain,GT2,20,0.7,0.9333333333333333,1.114624252255417,0.9986013986013986
wednesday,7,25000,dual_abs,GT1,5,0.6,0.2,1.114624252255417,0.9986013986013986
wednesday,7,25000,dual_abs,GT1,10,0.6,0.4,1.114624252255417,0.9986013986013986
wednesday,7,25000,dual_abs,GT1,20,0.45,0.6,1.114624252255417,0.9986013986013986
wednesday,7,25000,dual_abs,GT2,5,0.6,0.2,1.114624252255417,0.9986013986013986
wednesday,7,25000,dual_abs,GT2,10,0.6,0.4,1.114624252255417,0.9986013986013986
wednesday,7,25000,dual_abs,GT2,20,0.4,0.5333333333333333,1.114624252255417,0.9986013986013986
wednesday,7,25000,aux_only,GT1,5,1.0,0.3333333333333333,1.114624252255417,0.9986013986013986
wednesday,7,25000,aux_only,GT1,10,1.0,0.6666666666666666,1.114624252255417,0.9986013986013986
wednesday,7,25000,aux_only,GT1,20,0.75,1.0,1.114624252255417,0.9986013986013986
wednesday,7,25000,aux_only,GT2,5,1.0,0.3333333333333333,1.114624252255417,0.9986013986013986
wednesday,7,25000,aux_only,GT2,10,0.9,0.6,1.114624252255417,0.9986013986013986
wednesday,7,25000,aux_only,GT2,20,0.65,0.8666666666666667,1.114624252255417,0.9986013986013986
wednesday,7,25000,main_only,GT1,5,0.0,0.0,1.114624252255417,0.9986013986013986
wednesday,7,25000,main_only,GT1,10,0.3,0.2,1.114624252255417,0.9986013986013986
wednesday,7,25000,main_only,GT1,20,0.4,0.5333333333333333,1.114624252255417,0.9986013986013986
wednesday,7,25000,main_only,GT2,5,0.0,0.0,1.114624252255417,0.9986013986013986
wednesday,7,25000,main_only,GT2,10,0.2,0.13333333333333333,1.114624252255417,0.9986013986013986
wednesday,7,25000,main_only,GT2,20,0.35,0.4666666666666667,1.114624252255417,0.9986013986013986
wednesday,7,25000,perm_disagree,GT1,5,0.6,0.2,1.114624252255417,0.9986013986013986
wednesday,7,25000,perm_disagree,GT1,10,0.4,0.26666666666666666,1.114624252255417,0.9986013986013986
wednesday,7,25000,perm_disagree,GT1,20,0.25,0.3333333333333333,1.114624252255417,0.9986013986013986
wednesday,7,25000,perm_disagree,GT2,5,0.6,0.2,1.114624252255417,0.9986013986013986
wednesday,7,25000,perm_disagree,GT2,10,0.4,0.26666666666666666,1.114624252255417,0.9986013986013986
wednesday,7,25000,perm_disagree,GT2,20,0.25,0.3333333333333333,1.114624252255417,0.9986013986013986
wednesday,7,25000,random,GT1,5,0.2,0.06666666666666667,1.114624252255417,0.9986013986013986
wednesday,7,25000,random,GT1,10,0.2,0.13333333333333333,1.114624252255417,0.9986013986013986
wednesday,7,25000,random,GT1,20,0.25,0.3333333333333333,1.114624252255417,0.9986013986013986
wednesday,7,25000,random,GT2,5,0.2,0.06666666666666667,1.114624252255417,0.9986013986013986
wednesday,7,25000,random,GT2,10,0.2,0.13333333333333333,1.114624252255417,0.9986013986013986
wednesday,7,25000,random,GT2,20,0.25,0.3333333333333333,1.114624252255417,0.9986013986013986
wednesday,7,100000,dual_gain,GT1,5,1.0,0.3333333333333333,1.099877928093958,1.0
wednesday,7,100000,dual_gain,GT1,10,1.0,0.6666666666666666,1.099877928093958,1.0
wednesday,7,100000,dual_gain,GT1,20,0.7,0.9333333333333333,1.099877928093958,1.0
wednesday,7,100000,dual_gain,GT2,5,1.0,0.3333333333333333,1.099877928093958,1.0
wednesday,7,100000,dual_gain,GT2,10,0.9,0.6,1.099877928093958,1.0
wednesday,7,100000,dual_gain,GT2,20,0.65,0.8666666666666667,1.099877928093958,1.0
wednesday,7,100000,dual_abs,GT1,5,0.6,0.2,1.099877928093958,1.0
wednesday,7,100000,dual_abs,GT1,10,0.6,0.4,1.099877928093958,1.0
wednesday,7,100000,dual_abs,GT1,20,0.5,0.6666666666666666,1.099877928093958,1.0
wednesday,7,100000,dual_abs,GT2,5,0.6,0.2,1.099877928093958,1.0
wednesday,7,100000,dual_abs,GT2,10,0.6,0.4,1.099877928093958,1.0
wednesday,7,100000,dual_abs,GT2,20,0.45,0.6,1.099877928093958,1.0
wednesday,7,100000,aux_only,GT1,5,1.0,0.3333333333333333,1.099877928093958,1.0
wednesday,7,100000,aux_only,GT1,10,1.0,0.6666666666666666,1.099877928093958,1.0
wednesday,7,100000,aux_only,GT1,20,0.75,1.0,1.099877928093958,1.0
wednesday,7,100000,aux_only,GT2,5,1.0,0.3333333333333333,1.099877928093958,1.0
wednesday,7,100000,aux_only,GT2,10,0.9,0.6,1.099877928093958,1.0
wednesday,7,100000,aux_only,GT2,20,0.65,0.8666666666666667,1.099877928093958,1.0
wednesday,7,100000,main_only,GT1,5,0.0,0.0,1.099877928093958,1.0
wednesday,7,100000,main_only,GT1,10,0.3,0.2,1.099877928093958,1.0
wednesday,7,100000,main_only,GT1,20,0.4,0.5333333333333333,1.099877928093958,1.0
wednesday,7,100000,main_only,GT2,5,0.0,0.0,1.099877928093958,1.0
wednesday,7,100000,main_only,GT2,10,0.2,0.13333333333333333,1.099877928093958,1.0
wednesday,7,100000,main_only,GT2,20,0.35,0.4666666666666667,1.099877928093958,1.0
wednesday,7,100000,perm_disagree,GT1,5,0.2,0.06666666666666667,1.099877928093958,1.0
wednesday,7,100000,perm_disagree,GT1,10,0.2,0.13333333333333333,1.099877928093958,1.0
wednesday,7,100000,perm_disagree,GT1,20,0.25,0.3333333333333333,1.099877928093958,1.0
wednesday,7,100000,perm_disagree,GT2,5,0.2,0.06666666666666667,1.099877928093958,1.0
wednesday,7,100000,perm_disagree,GT2,10,0.2,0.13333333333333333,1.099877928093958,1.0
wednesday,7,100000,perm_disagree,GT2,20,0.25,0.3333333333333333,1.099877928093958,1.0
wednesday,7,100000,random,GT1,5,0.2,0.06666666666666667,1.099877928093958,1.0
wednesday,7,100000,random,GT1,10,0.2,0.13333333333333333,1.099877928093958,1.0
wednesday,7,100000,random,GT1,20,0.25,0.3333333333333333,1.099877928093958,1.0
wednesday,7,100000,random,GT2,5,0.2,0.06666666666666667,1.099877928093958,1.0
wednesday,7,100000,random,GT2,10,0.2,0.13333333333333333,1.099877928093958,1.0
wednesday,7,100000,random,GT2,20,0.25,0.3333333333333333,1.099877928093958,1.0
thursday,42,250,dual_gain,GT1,5,0.4,0.13333333333333333,1.300037891715943,0.9656862745098039
thursday,42,250,dual_gain,GT1,10,0.5,0.3333333333333333,1.300037891715943,0.9656862745098039
thursday,42,250,dual_gain,GT1,20,0.4,0.5333333333333333,1.300037891715943,0.9656862745098039
thursday,42,250,dual_gain,GT2,5,0.6,0.2,1.300037891715943,0.9656862745098039
thursday,42,250,dual_gain,GT2,10,0.5,0.3333333333333333,1.300037891715943,0.9656862745098039
thursday,42,250,dual_gain,GT2,20,0.4,0.5333333333333333,1.300037891715943,0.9656862745098039
thursday,42,250,dual_abs,GT1,5,0.2,0.06666666666666667,1.300037891715943,0.9656862745098039
thursday,42,250,dual_abs,GT1,10,0.3,0.2,1.300037891715943,0.9656862745098039
thursday,42,250,dual_abs,GT1,20,0.35,0.4666666666666667,1.300037891715943,0.9656862745098039
thursday,42,250,dual_abs,GT2,5,0.6,0.2,1.300037891715943,0.9656862745098039
thursday,42,250,dual_abs,GT2,10,0.4,0.26666666666666666,1.300037891715943,0.9656862745098039
thursday,42,250,dual_abs,GT2,20,0.3,0.4,1.300037891715943,0.9656862745098039
thursday,42,250,aux_only,GT1,5,0.4,0.13333333333333333,1.300037891715943,0.9656862745098039
thursday,42,250,aux_only,GT1,10,0.5,0.3333333333333333,1.300037891715943,0.9656862745098039
thursday,42,250,aux_only,GT1,20,0.55,0.7333333333333333,1.300037891715943,0.9656862745098039
thursday,42,250,aux_only,GT2,5,0.8,0.26666666666666666,1.300037891715943,0.9656862745098039
thursday,42,250,aux_only,GT2,10,0.6,0.4,1.300037891715943,0.9656862745098039
thursday,42,250,aux_only,GT2,20,0.55,0.7333333333333333,1.300037891715943,0.9656862745098039
thursday,42,250,main_only,GT1,5,0.2,0.06666666666666667,1.300037891715943,0.9656862745098039
thursday,42,250,main_only,GT1,10,0.3,0.2,1.300037891715943,0.9656862745098039
thursday,42,250,main_only,GT1,20,0.4,0.5333333333333333,1.300037891715943,0.9656862745098039
thursday,42,250,main_only,GT2,5,0.2,0.06666666666666667,1.300037891715943,0.9656862745098039
thursday,42,250,main_only,GT2,10,0.1,0.06666666666666667,1.300037891715943,0.9656862745098039
thursday,42,250,main_only,GT2,20,0.3,0.4,1.300037891715943,0.9656862745098039
thursday,42,250,perm_disagree,GT1,5,0.4,0.13333333333333333,1.300037891715943,0.9656862745098039
thursday,42,250,perm_disagree,GT1,10,0.4,0.26666666666666666,1.300037891715943,0.9656862745098039
thursday,42,250,perm_disagree,GT1,20,0.3,0.4,1.300037891715943,0.9656862745098039
thursday,42,250,perm_disagree,GT2,5,0.6,0.2,1.300037891715943,0.9656862745098039
thursday,42,250,perm_disagree,GT2,10,0.5,0.3333333333333333,1.300037891715943,0.9656862745098039
thursday,42,250,perm_disagree,GT2,20,0.3,0.4,1.300037891715943,0.9656862745098039
thursday,42,250,random,GT1,5,0.2,0.06666666666666667,1.300037891715943,0.9656862745098039
thursday,42,250,random,GT1,10,0.4,0.26666666666666666,1.300037891715943,0.9656862745098039
thursday,42,250,random,GT1,20,0.3,0.4,1.300037891715943,0.9656862745098039
thursday,42,250,random,GT2,5,0.0,0.0,1.300037891715943,0.9656862745098039
thursday,42,250,random,GT2,10,0.2,0.13333333333333333,1.300037891715943,0.9656862745098039
thursday,42,250,random,GT2,20,0.2,0.26666666666666666,1.300037891715943,0.9656862745098039
thursday,42,1000,dual_gain,GT1,5,0.4,0.13333333333333333,1.2315931833855258,0.9754901960784313
thursday,42,1000,dual_gain,GT1,10,0.5,0.3333333333333333,1.2315931833855258,0.9754901960784313
thursday,42,1000,dual_gain,GT1,20,0.45,0.6,1.2315931833855258,0.9754901960784313
thursday,42,1000,dual_gain,GT2,5,0.6,0.2,1.2315931833855258,0.9754901960784313
thursday,42,1000,dual_gain,GT2,10,0.6,0.4,1.2315931833855258,0.9754901960784313
thursday,42,1000,dual_gain,GT2,20,0.55,0.7333333333333333,1.2315931833855258,0.9754901960784313
thursday,42,1000,dual_abs,GT1,5,0.2,0.06666666666666667,1.2315931833855258,0.9754901960784313
thursday,42,1000,dual_abs,GT1,10,0.2,0.13333333333333333,1.2315931833855258,0.9754901960784313
thursday,42,1000,dual_abs,GT1,20,0.35,0.4666666666666667,1.2315931833855258,0.9754901960784313
thursday,42,1000,dual_abs,GT2,5,0.6,0.2,1.2315931833855258,0.9754901960784313
thursday,42,1000,dual_abs,GT2,10,0.3,0.2,1.2315931833855258,0.9754901960784313
thursday,42,1000,dual_abs,GT2,20,0.3,0.4,1.2315931833855258,0.9754901960784313
thursday,42,1000,aux_only,GT1,5,0.4,0.13333333333333333,1.2315931833855258,0.9754901960784313
thursday,42,1000,aux_only,GT1,10,0.6,0.4,1.2315931833855258,0.9754901960784313
thursday,42,1000,aux_only,GT1,20,0.6,0.8,1.2315931833855258,0.9754901960784313
thursday,42,1000,aux_only,GT2,5,0.6,0.2,1.2315931833855258,0.9754901960784313
thursday,42,1000,aux_only,GT2,10,0.7,0.4666666666666667,1.2315931833855258,0.9754901960784313
thursday,42,1000,aux_only,GT2,20,0.6,0.8,1.2315931833855258,0.9754901960784313
thursday,42,1000,main_only,GT1,5,0.2,0.06666666666666667,1.2315931833855258,0.9754901960784313
thursday,42,1000,main_only,GT1,10,0.3,0.2,1.2315931833855258,0.9754901960784313
thursday,42,1000,main_only,GT1,20,0.4,0.5333333333333333,1.2315931833855258,0.9754901960784313
thursday,42,1000,main_only,GT2,5,0.2,0.06666666666666667,1.2315931833855258,0.9754901960784313
thursday,42,1000,main_only,GT2,10,0.1,0.06666666666666667,1.2315931833855258,0.9754901960784313
thursday,42,1000,main_only,GT2,20,0.3,0.4,1.2315931833855258,0.9754901960784313
thursday,42,1000,perm_disagree,GT1,5,0.6,0.2,1.2315931833855258,0.9754901960784313
thursday,42,1000,perm_disagree,GT1,10,0.6,0.4,1.2315931833855258,0.9754901960784313
thursday,42,1000,perm_disagree,GT1,20,0.4,0.5333333333333333,1.2315931833855258,0.9754901960784313
thursday,42,1000,perm_disagree,GT2,5,0.6,0.2,1.2315931833855258,0.9754901960784313
thursday,42,1000,perm_disagree,GT2,10,0.7,0.4666666666666667,1.2315931833855258,0.9754901960784313
thursday,42,1000,perm_disagree,GT2,20,0.4,0.5333333333333333,1.2315931833855258,0.9754901960784313
thursday,42,1000,random,GT1,5,0.2,0.06666666666666667,1.2315931833855258,0.9754901960784313
thursday,42,1000,random,GT1,10,0.4,0.26666666666666666,1.2315931833855258,0.9754901960784313
thursday,42,1000,random,GT1,20,0.3,0.4,1.2315931833855258,0.9754901960784313
thursday,42,1000,random,GT2,5,0.0,0.0,1.2315931833855258,0.9754901960784313
thursday,42,1000,random,GT2,10,0.2,0.13333333333333333,1.2315931833855258,0.9754901960784313
thursday,42,1000,random,GT2,20,0.2,0.26666666666666666,1.2315931833855258,0.9754901960784313
thursday,42,5000,dual_gain,GT1,5,0.2,0.06666666666666667,1.1746492660610595,0.9901960784313726
thursday,42,5000,dual_gain,GT1,10,0.3,0.2,1.1746492660610595,0.9901960784313726
thursday,42,5000,dual_gain,GT1,20,0.5,0.6666666666666666,1.1746492660610595,0.9901960784313726
thursday,42,5000,dual_gain,GT2,5,0.4,0.13333333333333333,1.1746492660610595,0.9901960784313726
thursday,42,5000,dual_gain,GT2,10,0.5,0.3333333333333333,1.1746492660610595,0.9901960784313726
thursday,42,5000,dual_gain,GT2,20,0.55,0.7333333333333333,1.1746492660610595,0.9901960784313726
thursday,42,5000,dual_abs,GT1,5,0.0,0.0,1.1746492660610595,0.9901960784313726
thursday,42,5000,dual_abs,GT1,10,0.3,0.2,1.1746492660610595,0.9901960784313726
thursday,42,5000,dual_abs,GT1,20,0.25,0.3333333333333333,1.1746492660610595,0.9901960784313726
thursday,42,5000,dual_abs,GT2,5,0.4,0.13333333333333333,1.1746492660610595,0.9901960784313726
thursday,42,5000,dual_abs,GT2,10,0.4,0.26666666666666666,1.1746492660610595,0.9901960784313726
thursday,42,5000,dual_abs,GT2,20,0.25,0.3333333333333333,1.1746492660610595,0.9901960784313726
thursday,42,5000,aux_only,GT1,5,0.2,0.06666666666666667,1.1746492660610595,0.9901960784313726
thursday,42,5000,aux_only,GT1,10,0.5,0.3333333333333333,1.1746492660610595,0.9901960784313726
thursday,42,5000,aux_only,GT1,20,0.5,0.6666666666666666,1.1746492660610595,0.9901960784313726
thursday,42,5000,aux_only,GT2,5,0.6,0.2,1.1746492660610595,0.9901960784313726
thursday,42,5000,aux_only,GT2,10,0.6,0.4,1.1746492660610595,0.9901960784313726
thursday,42,5000,aux_only,GT2,20,0.6,0.8,1.1746492660610595,0.9901960784313726
thursday,42,5000,main_only,GT1,5,0.2,0.06666666666666667,1.1746492660610595,0.9901960784313726
thursday,42,5000,main_only,GT1,10,0.3,0.2,1.1746492660610595,0.9901960784313726
thursday,42,5000,main_only,GT1,20,0.4,0.5333333333333333,1.1746492660610595,0.9901960784313726
thursday,42,5000,main_only,GT2,5,0.2,0.06666666666666667,1.1746492660610595,0.9901960784313726
thursday,42,5000,main_only,GT2,10,0.1,0.06666666666666667,1.1746492660610595,0.9901960784313726
thursday,42,5000,main_only,GT2,20,0.3,0.4,1.1746492660610595,0.9901960784313726
thursday,42,5000,perm_disagree,GT1,5,0.4,0.13333333333333333,1.1746492660610595,0.9901960784313726
thursday,42,5000,perm_disagree,GT1,10,0.4,0.26666666666666666,1.1746492660610595,0.9901960784313726
thursday,42,5000,perm_disagree,GT1,20,0.35,0.4666666666666667,1.1746492660610595,0.9901960784313726
thursday,42,5000,perm_disagree,GT2,5,0.4,0.13333333333333333,1.1746492660610595,0.9901960784313726
thursday,42,5000,perm_disagree,GT2,10,0.4,0.26666666666666666,1.1746492660610595,0.9901960784313726
thursday,42,5000,perm_disagree,GT2,20,0.3,0.4,1.1746492660610595,0.9901960784313726
thursday,42,5000,random,GT1,5,0.2,0.06666666666666667,1.1746492660610595,0.9901960784313726
thursday,42,5000,random,GT1,10,0.4,0.26666666666666666,1.1746492660610595,0.9901960784313726
thursday,42,5000,random,GT1,20,0.3,0.4,1.1746492660610595,0.9901960784313726
thursday,42,5000,random,GT2,5,0.0,0.0,1.1746492660610595,0.9901960784313726
thursday,42,5000,random,GT2,10,0.2,0.13333333333333333,1.1746492660610595,0.9901960784313726
thursday,42,5000,random,GT2,20,0.2,0.26666666666666666,1.1746492660610595,0.9901960784313726
thursday,42,25000,dual_gain,GT1,5,0.4,0.13333333333333333,1.1797287740549396,0.9950980392156863
thursday,42,25000,dual_gain,GT1,10,0.4,0.26666666666666666,1.1797287740549396,0.9950980392156863
thursday,42,25000,dual_gain,GT1,20,0.55,0.7333333333333333,1.1797287740549396,0.9950980392156863
thursday,42,25000,dual_gain,GT2,5,0.6,0.2,1.1797287740549396,0.9950980392156863
thursday,42,25000,dual_gain,GT2,10,0.6,0.4,1.1797287740549396,0.9950980392156863
thursday,42,25000,dual_gain,GT2,20,0.6,0.8,1.1797287740549396,0.9950980392156863
thursday,42,25000,dual_abs,GT1,5,0.0,0.0,1.1797287740549396,0.9950980392156863
thursday,42,25000,dual_abs,GT1,10,0.3,0.2,1.1797287740549396,0.9950980392156863
thursday,42,25000,dual_abs,GT1,20,0.3,0.4,1.1797287740549396,0.9950980392156863
thursday,42,25000,dual_abs,GT2,5,0.4,0.13333333333333333,1.1797287740549396,0.9950980392156863
thursday,42,25000,dual_abs,GT2,10,0.4,0.26666666666666666,1.1797287740549396,0.9950980392156863
thursday,42,25000,dual_abs,GT2,20,0.35,0.4666666666666667,1.1797287740549396,0.9950980392156863
thursday,42,25000,aux_only,GT1,5,0.2,0.06666666666666667,1.1797287740549396,0.9950980392156863
thursday,42,25000,aux_only,GT1,10,0.5,0.3333333333333333,1.1797287740549396,0.9950980392156863
thursday,42,25000,aux_only,GT1,20,0.6,0.8,1.1797287740549396,0.9950980392156863
thursday,42,25000,aux_only,GT2,5,0.6,0.2,1.1797287740549396,0.9950980392156863
thursday,42,25000,aux_only,GT2,10,0.6,0.4,1.1797287740549396,0.9950980392156863
thursday,42,25000,aux_only,GT2,20,0.7,0.9333333333333333,1.1797287740549396,0.9950980392156863
thursday,42,25000,main_only,GT1,5,0.2,0.06666666666666667,1.1797287740549396,0.9950980392156863
thursday,42,25000,main_only,GT1,10,0.3,0.2,1.1797287740549396,0.9950980392156863
thursday,42,25000,main_only,GT1,20,0.4,0.5333333333333333,1.1797287740549396,0.9950980392156863
thursday,42,25000,main_only,GT2,5,0.2,0.06666666666666667,1.1797287740549396,0.9950980392156863
thursday,42,25000,main_only,GT2,10,0.1,0.06666666666666667,1.1797287740549396,0.9950980392156863
thursday,42,25000,main_only,GT2,20,0.3,0.4,1.1797287740549396,0.9950980392156863
thursday,42,25000,perm_disagree,GT1,5,0.4,0.13333333333333333,1.1797287740549396,0.9950980392156863
thursday,42,25000,perm_disagree,GT1,10,0.4,0.26666666666666666,1.1797287740549396,0.9950980392156863
thursday,42,25000,perm_disagree,GT1,20,0.35,0.4666666666666667,1.1797287740549396,0.9950980392156863
thursday,42,25000,perm_disagree,GT2,5,0.2,0.06666666666666667,1.1797287740549396,0.9950980392156863
thursday,42,25000,perm_disagree,GT2,10,0.3,0.2,1.1797287740549396,0.9950980392156863
thursday,42,25000,perm_disagree,GT2,20,0.25,0.3333333333333333,1.1797287740549396,0.9950980392156863
thursday,42,25000,random,GT1,5,0.2,0.06666666666666667,1.1797287740549396,0.9950980392156863
thursday,42,25000,random,GT1,10,0.4,0.26666666666666666,1.1797287740549396,0.9950980392156863
thursday,42,25000,random,GT1,20,0.3,0.4,1.1797287740549396,0.9950980392156863
thursday,42,25000,random,GT2,5,0.0,0.0,1.1797287740549396,0.9950980392156863
thursday,42,25000,random,GT2,10,0.2,0.13333333333333333,1.1797287740549396,0.9950980392156863
thursday,42,25000,random,GT2,20,0.2,0.26666666666666666,1.1797287740549396,0.9950980392156863
thursday,42,100000,dual_gain,GT1,5,0.4,0.13333333333333333,1.1746165978993357,0.9950980392156863
thursday,42,100000,dual_gain,GT1,10,0.4,0.26666666666666666,1.1746165978993357,0.9950980392156863
thursday,42,100000,dual_gain,GT1,20,0.45,0.6,1.1746165978993357,0.9950980392156863
thursday,42,100000,dual_gain,GT2,5,0.6,0.2,1.1746165978993357,0.9950980392156863
thursday,42,100000,dual_gain,GT2,10,0.5,0.3333333333333333,1.1746165978993357,0.9950980392156863
thursday,42,100000,dual_gain,GT2,20,0.5,0.6666666666666666,1.1746165978993357,0.9950980392156863
thursday,42,100000,dual_abs,GT1,5,0.0,0.0,1.1746165978993357,0.9950980392156863
thursday,42,100000,dual_abs,GT1,10,0.2,0.13333333333333333,1.1746165978993357,0.9950980392156863
thursday,42,100000,dual_abs,GT1,20,0.35,0.4666666666666667,1.1746165978993357,0.9950980392156863
thursday,42,100000,dual_abs,GT2,5,0.4,0.13333333333333333,1.1746165978993357,0.9950980392156863
thursday,42,100000,dual_abs,GT2,10,0.3,0.2,1.1746165978993357,0.9950980392156863
thursday,42,100000,dual_abs,GT2,20,0.3,0.4,1.1746165978993357,0.9950980392156863
thursday,42,100000,aux_only,GT1,5,0.4,0.13333333333333333,1.1746165978993357,0.9950980392156863
thursday,42,100000,aux_only,GT1,10,0.6,0.4,1.1746165978993357,0.9950980392156863
thursday,42,100000,aux_only,GT1,20,0.55,0.7333333333333333,1.1746165978993357,0.9950980392156863
thursday,42,100000,aux_only,GT2,5,0.6,0.2,1.1746165978993357,0.9950980392156863
thursday,42,100000,aux_only,GT2,10,0.7,0.4666666666666667,1.1746165978993357,0.9950980392156863
thursday,42,100000,aux_only,GT2,20,0.65,0.8666666666666667,1.1746165978993357,0.9950980392156863
thursday,42,100000,main_only,GT1,5,0.2,0.06666666666666667,1.1746165978993357,0.9950980392156863
thursday,42,100000,main_only,GT1,10,0.3,0.2,1.1746165978993357,0.9950980392156863
thursday,42,100000,main_only,GT1,20,0.4,0.5333333333333333,1.1746165978993357,0.9950980392156863
thursday,42,100000,main_only,GT2,5,0.2,0.06666666666666667,1.1746165978993357,0.9950980392156863
thursday,42,100000,main_only,GT2,10,0.1,0.06666666666666667,1.1746165978993357,0.9950980392156863
thursday,42,100000,main_only,GT2,20,0.3,0.4,1.1746165978993357,0.9950980392156863
thursday,42,100000,perm_disagree,GT1,5,0.0,0.0,1.1746165978993357,0.9950980392156863
thursday,42,100000,perm_disagree,GT1,10,0.4,0.26666666666666666,1.1746165978993357,0.9950980392156863
thursday,42,100000,perm_disagree,GT1,20,0.4,0.5333333333333333,1.1746165978993357,0.9950980392156863
thursday,42,100000,perm_disagree,GT2,5,0.2,0.06666666666666667,1.1746165978993357,0.9950980392156863
thursday,42,100000,perm_disagree,GT2,10,0.4,0.26666666666666666,1.1746165978993357,0.9950980392156863
thursday,42,100000,perm_disagree,GT2,20,0.3,0.4,1.1746165978993357,0.9950980392156863
thursday,42,100000,random,GT1,5,0.2,0.06666666666666667,1.1746165978993357,0.9950980392156863
thursday,42,100000,random,GT1,10,0.4,0.26666666666666666,1.1746165978993357,0.9950980392156863
thursday,42,100000,random,GT1,20,0.3,0.4,1.1746165978993357,0.9950980392156863
thursday,42,100000,random,GT2,5,0.0,0.0,1.1746165978993357,0.9950980392156863
thursday,42,100000,random,GT2,10,0.2,0.13333333333333333,1.1746165978993357,0.9950980392156863
thursday,42,100000,random,GT2,20,0.2,0.26666666666666666,1.1746165978993357,0.9950980392156863
thursday,1,250,dual_gain,GT1,5,0.4,0.13333333333333333,1.130718952878964,0.9877450980392157
thursday,1,250,dual_gain,GT1,10,0.6,0.4,1.130718952878964,0.9877450980392157
thursday,1,250,dual_gain,GT1,20,0.45,0.6,1.130718952878964,0.9877450980392157
thursday,1,250,dual_gain,GT2,5,0.8,0.26666666666666666,1.130718952878964,0.9877450980392157
thursday,1,250,dual_gain,GT2,10,0.6,0.4,1.130718952878964,0.9877450980392157
thursday,1,250,dual_gain,GT2,20,0.5,0.6666666666666666,1.130718952878964,0.9877450980392157
thursday,1,250,dual_abs,GT1,5,0.0,0.0,1.130718952878964,0.9877450980392157
thursday,1,250,dual_abs,GT1,10,0.2,0.13333333333333333,1.130718952878964,0.9877450980392157
thursday,1,250,dual_abs,GT1,20,0.35,0.4666666666666667,1.130718952878964,0.9877450980392157
thursday,1,250,dual_abs,GT2,5,0.4,0.13333333333333333,1.130718952878964,0.9877450980392157
thursday,1,250,dual_abs,GT2,10,0.4,0.26666666666666666,1.130718952878964,0.9877450980392157
thursday,1,250,dual_abs,GT2,20,0.3,0.4,1.130718952878964,0.9877450980392157
thursday,1,250,aux_only,GT1,5,0.4,0.13333333333333333,1.130718952878964,0.9877450980392157
thursday,1,250,aux_only,GT1,10,0.6,0.4,1.130718952878964,0.9877450980392157
thursday,1,250,aux_only,GT1,20,0.6,0.8,1.130718952878964,0.9877450980392157
thursday,1,250,aux_only,GT2,5,0.8,0.26666666666666666,1.130718952878964,0.9877450980392157
thursday,1,250,aux_only,GT2,10,0.6,0.4,1.130718952878964,0.9877450980392157
thursday,1,250,aux_only,GT2,20,0.6,0.8,1.130718952878964,0.9877450980392157
thursday,1,250,main_only,GT1,5,0.2,0.06666666666666667,1.130718952878964,0.9877450980392157
thursday,1,250,main_only,GT1,10,0.3,0.2,1.130718952878964,0.9877450980392157
thursday,1,250,main_only,GT1,20,0.4,0.5333333333333333,1.130718952878964,0.9877450980392157
thursday,1,250,main_only,GT2,5,0.2,0.06666666666666667,1.130718952878964,0.9877450980392157
thursday,1,250,main_only,GT2,10,0.1,0.06666666666666667,1.130718952878964,0.9877450980392157
thursday,1,250,main_only,GT2,20,0.3,0.4,1.130718952878964,0.9877450980392157
thursday,1,250,perm_disagree,GT1,5,0.4,0.13333333333333333,1.130718952878964,0.9877450980392157
thursday,1,250,perm_disagree,GT1,10,0.3,0.2,1.130718952878964,0.9877450980392157
thursday,1,250,perm_disagree,GT1,20,0.35,0.4666666666666667,1.130718952878964,0.9877450980392157
thursday,1,250,perm_disagree,GT2,5,0.4,0.13333333333333333,1.130718952878964,0.9877450980392157
thursday,1,250,perm_disagree,GT2,10,0.4,0.26666666666666666,1.130718952878964,0.9877450980392157
thursday,1,250,perm_disagree,GT2,20,0.35,0.4666666666666667,1.130718952878964,0.9877450980392157
thursday,1,250,random,GT1,5,0.0,0.0,1.130718952878964,0.9877450980392157
thursday,1,250,random,GT1,10,0.0,0.0,1.130718952878964,0.9877450980392157
thursday,1,250,random,GT1,20,0.2,0.26666666666666666,1.130718952878964,0.9877450980392157
thursday,1,250,random,GT2,5,0.2,0.06666666666666667,1.130718952878964,0.9877450980392157
thursday,1,250,random,GT2,10,0.1,0.06666666666666667,1.130718952878964,0.9877450980392157
thursday,1,250,random,GT2,20,0.25,0.3333333333333333,1.130718952878964,0.9877450980392157
thursday,1,1000,dual_gain,GT1,5,0.4,0.13333333333333333,1.218872873345309,0.9901960784313726
thursday,1,1000,dual_gain,GT1,10,0.5,0.3333333333333333,1.218872873345309,0.9901960784313726
thursday,1,1000,dual_gain,GT1,20,0.45,0.6,1.218872873345309,0.9901960784313726
thursday,1,1000,dual_gain,GT2,5,0.8,0.26666666666666666,1.218872873345309,0.9901960784313726
thursday,1,1000,dual_gain,GT2,10,0.7,0.4666666666666667,1.218872873345309,0.9901960784313726
thursday,1,1000,dual_gain,GT2,20,0.5,0.6666666666666666,1.218872873345309,0.9901960784313726
thursday,1,1000,dual_abs,GT1,5,0.0,0.0,1.218872873345309,0.9901960784313726
thursday,1,1000,dual_abs,GT1,10,0.3,0.2,1.218872873345309,0.9901960784313726
thursday,1,1000,dual_abs,GT1,20,0.35,0.4666666666666667,1.218872873345309,0.9901960784313726
thursday,1,1000,dual_abs,GT2,5,0.4,0.13333333333333333,1.218872873345309,0.9901960784313726
thursday,1,1000,dual_abs,GT2,10,0.5,0.3333333333333333,1.218872873345309,0.9901960784313726
thursday,1,1000,dual_abs,GT2,20,0.35,0.4666666666666667,1.218872873345309,0.9901960784313726
thursday,1,1000,aux_only,GT1,5,0.4,0.13333333333333333,1.218872873345309,0.9901960784313726
thursday,1,1000,aux_only,GT1,10,0.6,0.4,1.218872873345309,0.9901960784313726
thursday,1,1000,aux_only,GT1,20,0.55,0.7333333333333333,1.218872873345309,0.9901960784313726
thursday,1,1000,aux_only,GT2,5,0.8,0.26666666666666666,1.218872873345309,0.9901960784313726
thursday,1,1000,aux_only,GT2,10,0.7,0.4666666666666667,1.218872873345309,0.9901960784313726
thursday,1,1000,aux_only,GT2,20,0.55,0.7333333333333333,1.218872873345309,0.9901960784313726
thursday,1,1000,main_only,GT1,5,0.2,0.06666666666666667,1.218872873345309,0.9901960784313726
thursday,1,1000,main_only,GT1,10,0.3,0.2,1.218872873345309,0.9901960784313726
thursday,1,1000,main_only,GT1,20,0.4,0.5333333333333333,1.218872873345309,0.9901960784313726
thursday,1,1000,main_only,GT2,5,0.2,0.06666666666666667,1.218872873345309,0.9901960784313726
thursday,1,1000,main_only,GT2,10,0.1,0.06666666666666667,1.218872873345309,0.9901960784313726
thursday,1,1000,main_only,GT2,20,0.3,0.4,1.218872873345309,0.9901960784313726
thursday,1,1000,perm_disagree,GT1,5,1.0,0.3333333333333333,1.218872873345309,0.9901960784313726
thursday,1,1000,perm_disagree,GT1,10,0.8,0.5333333333333333,1.218872873345309,0.9901960784313726
thursday,1,1000,perm_disagree,GT1,20,0.45,0.6,1.218872873345309,0.9901960784313726
thursday,1,1000,perm_disagree,GT2,5,0.8,0.26666666666666666,1.218872873345309,0.9901960784313726
thursday,1,1000,perm_disagree,GT2,10,0.6,0.4,1.218872873345309,0.9901960784313726
thursday,1,1000,perm_disagree,GT2,20,0.45,0.6,1.218872873345309,0.9901960784313726
thursday,1,1000,random,GT1,5,0.0,0.0,1.218872873345309,0.9901960784313726
thursday,1,1000,random,GT1,10,0.0,0.0,1.218872873345309,0.9901960784313726
thursday,1,1000,random,GT1,20,0.2,0.26666666666666666,1.218872873345309,0.9901960784313726
thursday,1,1000,random,GT2,5,0.2,0.06666666666666667,1.218872873345309,0.9901960784313726
thursday,1,1000,random,GT2,10,0.1,0.06666666666666667,1.218872873345309,0.9901960784313726
thursday,1,1000,random,GT2,20,0.25,0.3333333333333333,1.218872873345309,0.9901960784313726
thursday,1,5000,dual_gain,GT1,5,0.4,0.13333333333333333,1.1328175705671006,0.9950980392156863
thursday,1,5000,dual_gain,GT1,10,0.5,0.3333333333333333,1.1328175705671006,0.9950980392156863
thursday,1,5000,dual_gain,GT1,20,0.5,0.6666666666666666,1.1328175705671006,0.9950980392156863
thursday,1,5000,dual_gain,GT2,5,0.8,0.26666666666666666,1.1328175705671006,0.9950980392156863
thursday,1,5000,dual_gain,GT2,10,0.7,0.4666666666666667,1.1328175705671006,0.9950980392156863
thursday,1,5000,dual_gain,GT2,20,0.55,0.7333333333333333,1.1328175705671006,0.9950980392156863
thursday,1,5000,dual_abs,GT1,5,0.0,0.0,1.1328175705671006,0.9950980392156863
thursday,1,5000,dual_abs,GT1,10,0.2,0.13333333333333333,1.1328175705671006,0.9950980392156863
thursday,1,5000,dual_abs,GT1,20,0.35,0.4666666666666667,1.1328175705671006,0.9950980392156863
thursday,1,5000,dual_abs,GT2,5,0.4,0.13333333333333333,1.1328175705671006,0.9950980392156863
thursday,1,5000,dual_abs,GT2,10,0.4,0.26666666666666666,1.1328175705671006,0.9950980392156863
thursday,1,5000,dual_abs,GT2,20,0.35,0.4666666666666667,1.1328175705671006,0.9950980392156863
thursday,1,5000,aux_only,GT1,5,0.2,0.06666666666666667,1.1328175705671006,0.9950980392156863
thursday,1,5000,aux_only,GT1,10,0.6,0.4,1.1328175705671006,0.9950980392156863
thursday,1,5000,aux_only,GT1,20,0.6,0.8,1.1328175705671006,0.9950980392156863
thursday,1,5000,aux_only,GT2,5,0.6,0.2,1.1328175705671006,0.9950980392156863
thursday,1,5000,aux_only,GT2,10,0.8,0.5333333333333333,1.1328175705671006,0.9950980392156863
thursday,1,5000,aux_only,GT2,20,0.6,0.8,1.1328175705671006,0.9950980392156863
thursday,1,5000,main_only,GT1,5,0.2,0.06666666666666667,1.1328175705671006,0.9950980392156863
thursday,1,5000,main_only,GT1,10,0.3,0.2,1.1328175705671006,0.9950980392156863
thursday,1,5000,main_only,GT1,20,0.4,0.5333333333333333,1.1328175705671006,0.9950980392156863
thursday,1,5000,main_only,GT2,5,0.2,0.06666666666666667,1.1328175705671006,0.9950980392156863
thursday,1,5000,main_only,GT2,10,0.1,0.06666666666666667,1.1328175705671006,0.9950980392156863
thursday,1,5000,main_only,GT2,20,0.3,0.4,1.1328175705671006,0.9950980392156863
thursday,1,5000,perm_disagree,GT1,5,0.2,0.06666666666666667,1.1328175705671006,0.9950980392156863
thursday,1,5000,perm_disagree,GT1,10,0.4,0.26666666666666666,1.1328175705671006,0.9950980392156863
thursday,1,5000,perm_disagree,GT1,20,0.35,0.4666666666666667,1.1328175705671006,0.9950980392156863
thursday,1,5000,perm_disagree,GT2,5,0.4,0.13333333333333333,1.1328175705671006,0.9950980392156863
thursday,1,5000,perm_disagree,GT2,10,0.4,0.26666666666666666,1.1328175705671006,0.9950980392156863
thursday,1,5000,perm_disagree,GT2,20,0.25,0.3333333333333333,1.1328175705671006,0.9950980392156863
thursday,1,5000,random,GT1,5,0.0,0.0,1.1328175705671006,0.9950980392156863
thursday,1,5000,random,GT1,10,0.0,0.0,1.1328175705671006,0.9950980392156863
thursday,1,5000,random,GT1,20,0.2,0.26666666666666666,1.1328175705671006,0.9950980392156863
thursday,1,5000,random,GT2,5,0.2,0.06666666666666667,1.1328175705671006,0.9950980392156863
thursday,1,5000,random,GT2,10,0.1,0.06666666666666667,1.1328175705671006,0.9950980392156863
thursday,1,5000,random,GT2,20,0.25,0.3333333333333333,1.1328175705671006,0.9950980392156863
thursday,1,25000,dual_gain,GT1,5,0.6,0.2,1.1913007982863777,1.0
thursday,1,25000,dual_gain,GT1,10,0.4,0.26666666666666666,1.1913007982863777,1.0
thursday,1,25000,dual_gain,GT1,20,0.5,0.6666666666666666,1.1913007982863777,1.0
thursday,1,25000,dual_gain,GT2,5,1.0,0.3333333333333333,1.1913007982863777,1.0
thursday,1,25000,dual_gain,GT2,10,0.7,0.4666666666666667,1.1913007982863777,1.0
thursday,1,25000,dual_gain,GT2,20,0.55,0.7333333333333333,1.1913007982863777,1.0
thursday,1,25000,dual_abs,GT1,5,0.0,0.0,1.1913007982863777,1.0
thursday,1,25000,dual_abs,GT1,10,0.3,0.2,1.1913007982863777,1.0
thursday,1,25000,dual_abs,GT1,20,0.3,0.4,1.1913007982863777,1.0
thursday,1,25000,dual_abs,GT2,5,0.4,0.13333333333333333,1.1913007982863777,1.0
thursday,1,25000,dual_abs,GT2,10,0.5,0.3333333333333333,1.1913007982863777,1.0
thursday,1,25000,dual_abs,GT2,20,0.35,0.4666666666666667,1.1913007982863777,1.0
thursday,1,25000,aux_only,GT1,5,0.6,0.2,1.1913007982863777,1.0
thursday,1,25000,aux_only,GT1,10,0.5,0.3333333333333333,1.1913007982863777,1.0
thursday,1,25000,aux_only,GT1,20,0.55,0.7333333333333333,1.1913007982863777,1.0
thursday,1,25000,aux_only,GT2,5,1.0,0.3333333333333333,1.1913007982863777,1.0
thursday,1,25000,aux_only,GT2,10,0.8,0.5333333333333333,1.1913007982863777,1.0
thursday,1,25000,aux_only,GT2,20,0.6,0.8,1.1913007982863777,1.0
thursday,1,25000,main_only,GT1,5,0.2,0.06666666666666667,1.1913007982863777,1.0
thursday,1,25000,main_only,GT1,10,0.3,0.2,1.1913007982863777,1.0
thursday,1,25000,main_only,GT1,20,0.4,0.5333333333333333,1.1913007982863777,1.0
thursday,1,25000,main_only,GT2,5,0.2,0.06666666666666667,1.1913007982863777,1.0
thursday,1,25000,main_only,GT2,10,0.1,0.06666666666666667,1.1913007982863777,1.0
thursday,1,25000,main_only,GT2,20,0.3,0.4,1.1913007982863777,1.0
thursday,1,25000,perm_disagree,GT1,5,0.2,0.06666666666666667,1.1913007982863777,1.0
thursday,1,25000,perm_disagree,GT1,10,0.3,0.2,1.1913007982863777,1.0
thursday,1,25000,perm_disagree,GT1,20,0.4,0.5333333333333333,1.1913007982863777,1.0
thursday,1,25000,perm_disagree,GT2,5,0.2,0.06666666666666667,1.1913007982863777,1.0
thursday,1,25000,perm_disagree,GT2,10,0.3,0.2,1.1913007982863777,1.0
thursday,1,25000,perm_disagree,GT2,20,0.3,0.4,1.1913007982863777,1.0
thursday,1,25000,random,GT1,5,0.0,0.0,1.1913007982863777,1.0
thursday,1,25000,random,GT1,10,0.0,0.0,1.1913007982863777,1.0
thursday,1,25000,random,GT1,20,0.2,0.26666666666666666,1.1913007982863777,1.0
thursday,1,25000,random,GT2,5,0.2,0.06666666666666667,1.1913007982863777,1.0
thursday,1,25000,random,GT2,10,0.1,0.06666666666666667,1.1913007982863777,1.0
thursday,1,25000,random,GT2,20,0.25,0.3333333333333333,1.1913007982863777,1.0
thursday,1,100000,dual_gain,GT1,5,0.4,0.13333333333333333,1.1797804853182987,1.0
thursday,1,100000,dual_gain,GT1,10,0.4,0.26666666666666666,1.1797804853182987,1.0
thursday,1,100000,dual_gain,GT1,20,0.45,0.6,1.1797804853182987,1.0
thursday,1,100000,dual_gain,GT2,5,1.0,0.3333333333333333,1.1797804853182987,1.0
thursday,1,100000,dual_gain,GT2,10,0.7,0.4666666666666667,1.1797804853182987,1.0
thursday,1,100000,dual_gain,GT2,20,0.5,0.6666666666666666,1.1797804853182987,1.0
thursday,1,100000,dual_abs,GT1,5,0.0,0.0,1.1797804853182987,1.0
thursday,1,100000,dual_abs,GT1,10,0.2,0.13333333333333333,1.1797804853182987,1.0
thursday,1,100000,dual_abs,GT1,20,0.3,0.4,1.1797804853182987,1.0
thursday,1,100000,dual_abs,GT2,5,0.4,0.13333333333333333,1.1797804853182987,1.0
thursday,1,100000,dual_abs,GT2,10,0.5,0.3333333333333333,1.1797804853182987,1.0
thursday,1,100000,dual_abs,GT2,20,0.35,0.4666666666666667,1.1797804853182987,1.0
thursday,1,100000,aux_only,GT1,5,0.4,0.13333333333333333,1.1797804853182987,1.0
thursday,1,100000,aux_only,GT1,10,0.5,0.3333333333333333,1.1797804853182987,1.0
thursday,1,100000,aux_only,GT1,20,0.6,0.8,1.1797804853182987,1.0
thursday,1,100000,aux_only,GT2,5,1.0,0.3333333333333333,1.1797804853182987,1.0
thursday,1,100000,aux_only,GT2,10,0.8,0.5333333333333333,1.1797804853182987,1.0
thursday,1,100000,aux_only,GT2,20,0.6,0.8,1.1797804853182987,1.0
thursday,1,100000,main_only,GT1,5,0.2,0.06666666666666667,1.1797804853182987,1.0
thursday,1,100000,main_only,GT1,10,0.3,0.2,1.1797804853182987,1.0
thursday,1,100000,main_only,GT1,20,0.4,0.5333333333333333,1.1797804853182987,1.0
thursday,1,100000,main_only,GT2,5,0.2,0.06666666666666667,1.1797804853182987,1.0
thursday,1,100000,main_only,GT2,10,0.1,0.06666666666666667,1.1797804853182987,1.0
thursday,1,100000,main_only,GT2,20,0.3,0.4,1.1797804853182987,1.0
thursday,1,100000,perm_disagree,GT1,5,0.2,0.06666666666666667,1.1797804853182987,1.0
thursday,1,100000,perm_disagree,GT1,10,0.4,0.26666666666666666,1.1797804853182987,1.0
thursday,1,100000,perm_disagree,GT1,20,0.4,0.5333333333333333,1.1797804853182987,1.0
thursday,1,100000,perm_disagree,GT2,5,0.4,0.13333333333333333,1.1797804853182987,1.0
thursday,1,100000,perm_disagree,GT2,10,0.4,0.26666666666666666,1.1797804853182987,1.0
thursday,1,100000,perm_disagree,GT2,20,0.3,0.4,1.1797804853182987,1.0
thursday,1,100000,random,GT1,5,0.0,0.0,1.1797804853182987,1.0
thursday,1,100000,random,GT1,10,0.0,0.0,1.1797804853182987,1.0
thursday,1,100000,random,GT1,20,0.2,0.26666666666666666,1.1797804853182987,1.0
thursday,1,100000,random,GT2,5,0.2,0.06666666666666667,1.1797804853182987,1.0
thursday,1,100000,random,GT2,10,0.1,0.06666666666666667,1.1797804853182987,1.0
thursday,1,100000,random,GT2,20,0.25,0.3333333333333333,1.1797804853182987,1.0
thursday,7,250,dual_gain,GT1,5,0.4,0.13333333333333333,1.1439383960679015,0.9534313725490197
thursday,7,250,dual_gain,GT1,10,0.7,0.4666666666666667,1.1439383960679015,0.9534313725490197
thursday,7,250,dual_gain,GT1,20,0.55,0.7333333333333333,1.1439383960679015,0.9534313725490197
thursday,7,250,dual_gain,GT2,5,0.6,0.2,1.1439383960679015,0.9534313725490197
thursday,7,250,dual_gain,GT2,10,0.7,0.4666666666666667,1.1439383960679015,0.9534313725490197
thursday,7,250,dual_gain,GT2,20,0.6,0.8,1.1439383960679015,0.9534313725490197
thursday,7,250,dual_abs,GT1,5,0.2,0.06666666666666667,1.1439383960679015,0.9534313725490197
thursday,7,250,dual_abs,GT1,10,0.4,0.26666666666666666,1.1439383960679015,0.9534313725490197
thursday,7,250,dual_abs,GT1,20,0.4,0.5333333333333333,1.1439383960679015,0.9534313725490197
thursday,7,250,dual_abs,GT2,5,0.4,0.13333333333333333,1.1439383960679015,0.9534313725490197
thursday,7,250,dual_abs,GT2,10,0.5,0.3333333333333333,1.1439383960679015,0.9534313725490197
thursday,7,250,dual_abs,GT2,20,0.35,0.4666666666666667,1.1439383960679015,0.9534313725490197
thursday,7,250,aux_only,GT1,5,0.6,0.2,1.1439383960679015,0.9534313725490197
thursday,7,250,aux_only,GT1,10,0.7,0.4666666666666667,1.1439383960679015,0.9534313725490197
thursday,7,250,aux_only,GT1,20,0.55,0.7333333333333333,1.1439383960679015,0.9534313725490197
thursday,7,250,aux_only,GT2,5,0.6,0.2,1.1439383960679015,0.9534313725490197
thursday,7,250,aux_only,GT2,10,0.7,0.4666666666666667,1.1439383960679015,0.9534313725490197
thursday,7,250,aux_only,GT2,20,0.6,0.8,1.1439383960679015,0.9534313725490197
thursday,7,250,main_only,GT1,5,0.2,0.06666666666666667,1.1439383960679015,0.9534313725490197
thursday,7,250,main_only,GT1,10,0.3,0.2,1.1439383960679015,0.9534313725490197
thursday,7,250,main_only,GT1,20,0.4,0.5333333333333333,1.1439383960679015,0.9534313725490197
thursday,7,250,main_only,GT2,5,0.2,0.06666666666666667,1.1439383960679015,0.9534313725490197
thursday,7,250,main_only,GT2,10,0.1,0.06666666666666667,1.1439383960679015,0.9534313725490197
thursday,7,250,main_only,GT2,20,0.25,0.3333333333333333,1.1439383960679015,0.9534313725490197
thursday,7,250,perm_disagree,GT1,5,0.6,0.2,1.1439383960679015,0.9534313725490197
thursday,7,250,perm_disagree,GT1,10,0.7,0.4666666666666667,1.1439383960679015,0.9534313725490197
thursday,7,250,perm_disagree,GT1,20,0.5,0.6666666666666666,1.1439383960679015,0.9534313725490197
thursday,7,250,perm_disagree,GT2,5,0.8,0.26666666666666666,1.1439383960679015,0.9534313725490197
thursday,7,250,perm_disagree,GT2,10,0.9,0.6,1.1439383960679015,0.9534313725490197
thursday,7,250,perm_disagree,GT2,20,0.55,0.7333333333333333,1.1439383960679015,0.9534313725490197
thursday,7,250,random,GT1,5,0.0,0.0,1.1439383960679015,0.9534313725490197
thursday,7,250,random,GT1,10,0.1,0.06666666666666667,1.1439383960679015,0.9534313725490197
thursday,7,250,random,GT1,20,0.2,0.26666666666666666,1.1439383960679015,0.9534313725490197
thursday,7,250,random,GT2,5,0.0,0.0,1.1439383960679015,0.9534313725490197
thursday,7,250,random,GT2,10,0.2,0.13333333333333333,1.1439383960679015,0.9534313725490197
thursday,7,250,random,GT2,20,0.25,0.3333333333333333,1.1439383960679015,0.9534313725490197
thursday,7,1000,dual_gain,GT1,5,0.6,0.2,1.1718920320362547,0.9754901960784313
thursday,7,1000,dual_gain,GT1,10,0.6,0.4,1.1718920320362547,0.9754901960784313
thursday,7,1000,dual_gain,GT1,20,0.5,0.6666666666666666,1.1718920320362547,0.9754901960784313
thursday,7,1000,dual_gain,GT2,5,0.8,0.26666666666666666,1.1718920320362547,0.9754901960784313
thursday,7,1000,dual_gain,GT2,10,0.8,0.5333333333333333,1.1718920320362547,0.9754901960784313
thursday,7,1000,dual_gain,GT2,20,0.55,0.7333333333333333,1.1718920320362547,0.9754901960784313
thursday,7,1000,dual_abs,GT1,5,0.2,0.06666666666666667,1.1718920320362547,0.9754901960784313
thursday,7,1000,dual_abs,GT1,10,0.3,0.2,1.1718920320362547,0.9754901960784313
thursday,7,1000,dual_abs,GT1,20,0.35,0.4666666666666667,1.1718920320362547,0.9754901960784313
thursday,7,1000,dual_abs,GT2,5,0.4,0.13333333333333333,1.1718920320362547,0.9754901960784313
thursday,7,1000,dual_abs,GT2,10,0.4,0.26666666666666666,1.1718920320362547,0.9754901960784313
thursday,7,1000,dual_abs,GT2,20,0.4,0.5333333333333333,1.1718920320362547,0.9754901960784313
thursday,7,1000,aux_only,GT1,5,0.6,0.2,1.1718920320362547,0.9754901960784313
thursday,7,1000,aux_only,GT1,10,0.7,0.4666666666666667,1.1718920320362547,0.9754901960784313
thursday,7,1000,aux_only,GT1,20,0.6,0.8,1.1718920320362547,0.9754901960784313
thursday,7,1000,aux_only,GT2,5,0.8,0.26666666666666666,1.1718920320362547,0.9754901960784313
thursday,7,1000,aux_only,GT2,10,0.9,0.6,1.1718920320362547,0.9754901960784313
thursday,7,1000,aux_only,GT2,20,0.65,0.8666666666666667,1.1718920320362547,0.9754901960784313
thursday,7,1000,main_only,GT1,5,0.2,0.06666666666666667,1.1718920320362547,0.9754901960784313
thursday,7,1000,main_only,GT1,10,0.3,0.2,1.1718920320362547,0.9754901960784313
thursday,7,1000,main_only,GT1,20,0.4,0.5333333333333333,1.1718920320362547,0.9754901960784313
thursday,7,1000,main_only,GT2,5,0.2,0.06666666666666667,1.1718920320362547,0.9754901960784313
thursday,7,1000,main_only,GT2,10,0.1,0.06666666666666667,1.1718920320362547,0.9754901960784313
thursday,7,1000,main_only,GT2,20,0.25,0.3333333333333333,1.1718920320362547,0.9754901960784313
thursday,7,1000,perm_disagree,GT1,5,0.6,0.2,1.1718920320362547,0.9754901960784313
thursday,7,1000,perm_disagree,GT1,10,0.4,0.26666666666666666,1.1718920320362547,0.9754901960784313
thursday,7,1000,perm_disagree,GT1,20,0.3,0.4,1.1718920320362547,0.9754901960784313
thursday,7,1000,perm_disagree,GT2,5,1.0,0.3333333333333333,1.1718920320362547,0.9754901960784313
thursday,7,1000,perm_disagree,GT2,10,0.6,0.4,1.1718920320362547,0.9754901960784313
thursday,7,1000,perm_disagree,GT2,20,0.45,0.6,1.1718920320362547,0.9754901960784313
thursday,7,1000,random,GT1,5,0.0,0.0,1.1718920320362547,0.9754901960784313
thursday,7,1000,random,GT1,10,0.1,0.06666666666666667,1.1718920320362547,0.9754901960784313
thursday,7,1000,random,GT1,20,0.2,0.26666666666666666,1.1718920320362547,0.9754901960784313
thursday,7,1000,random,GT2,5,0.0,0.0,1.1718920320362547,0.9754901960784313
thursday,7,1000,random,GT2,10,0.2,0.13333333333333333,1.1718920320362547,0.9754901960784313
thursday,7,1000,random,GT2,20,0.25,0.3333333333333333,1.1718920320362547,0.9754901960784313
thursday,7,5000,dual_gain,GT1,5,0.2,0.06666666666666667,1.1851836988544782,0.9803921568627451
thursday,7,5000,dual_gain,GT1,10,0.5,0.3333333333333333,1.1851836988544782,0.9803921568627451
thursday,7,5000,dual_gain,GT1,20,0.5,0.6666666666666666,1.1851836988544782,0.9803921568627451
thursday,7,5000,dual_gain,GT2,5,0.6,0.2,1.1851836988544782,0.9803921568627451
thursday,7,5000,dual_gain,GT2,10,0.6,0.4,1.1851836988544782,0.9803921568627451
thursday,7,5000,dual_gain,GT2,20,0.55,0.7333333333333333,1.1851836988544782,0.9803921568627451
thursday,7,5000,dual_abs,GT1,5,0.2,0.06666666666666667,1.1851836988544782,0.9803921568627451
thursday,7,5000,dual_abs,GT1,10,0.2,0.13333333333333333,1.1851836988544782,0.9803921568627451
thursday,7,5000,dual_abs,GT1,20,0.35,0.4666666666666667,1.1851836988544782,0.9803921568627451
thursday,7,5000,dual_abs,GT2,5,0.4,0.13333333333333333,1.1851836988544782,0.9803921568627451
thursday,7,5000,dual_abs,GT2,10,0.3,0.2,1.1851836988544782,0.9803921568627451
thursday,7,5000,dual_abs,GT2,20,0.3,0.4,1.1851836988544782,0.9803921568627451
thursday,7,5000,aux_only,GT1,5,0.4,0.13333333333333333,1.1851836988544782,0.9803921568627451
thursday,7,5000,aux_only,GT1,10,0.4,0.26666666666666666,1.1851836988544782,0.9803921568627451
thursday,7,5000,aux_only,GT1,20,0.6,0.8,1.1851836988544782,0.9803921568627451
thursday,7,5000,aux_only,GT2,5,0.8,0.26666666666666666,1.1851836988544782,0.9803921568627451
thursday,7,5000,aux_only,GT2,10,0.7,0.4666666666666667,1.1851836988544782,0.9803921568627451
thursday,7,5000,aux_only,GT2,20,0.7,0.9333333333333333,1.1851836988544782,0.9803921568627451
thursday,7,5000,main_only,GT1,5,0.2,0.06666666666666667,1.1851836988544782,0.9803921568627451
thursday,7,5000,main_only,GT1,10,0.3,0.2,1.1851836988544782,0.9803921568627451
thursday,7,5000,main_only,GT1,20,0.4,0.5333333333333333,1.1851836988544782,0.9803921568627451
thursday,7,5000,main_only,GT2,5,0.2,0.06666666666666667,1.1851836988544782,0.9803921568627451
thursday,7,5000,main_only,GT2,10,0.1,0.06666666666666667,1.1851836988544782,0.9803921568627451
thursday,7,5000,main_only,GT2,20,0.25,0.3333333333333333,1.1851836988544782,0.9803921568627451
thursday,7,5000,perm_disagree,GT1,5,0.6,0.2,1.1851836988544782,0.9803921568627451
thursday,7,5000,perm_disagree,GT1,10,0.5,0.3333333333333333,1.1851836988544782,0.9803921568627451
thursday,7,5000,perm_disagree,GT1,20,0.35,0.4666666666666667,1.1851836988544782,0.9803921568627451
thursday,7,5000,perm_disagree,GT2,5,0.6,0.2,1.1851836988544782,0.9803921568627451
thursday,7,5000,perm_disagree,GT2,10,0.5,0.3333333333333333,1.1851836988544782,0.9803921568627451
thursday,7,5000,perm_disagree,GT2,20,0.35,0.4666666666666667,1.1851836988544782,0.9803921568627451
thursday,7,5000,random,GT1,5,0.0,0.0,1.1851836988544782,0.9803921568627451
thursday,7,5000,random,GT1,10,0.1,0.06666666666666667,1.1851836988544782,0.9803921568627451
thursday,7,5000,random,GT1,20,0.2,0.26666666666666666,1.1851836988544782,0.9803921568627451
thursday,7,5000,random,GT2,5,0.0,0.0,1.1851836988544782,0.9803921568627451
thursday,7,5000,random,GT2,10,0.2,0.13333333333333333,1.1851836988544782,0.9803921568627451
thursday,7,5000,random,GT2,20,0.25,0.3333333333333333,1.1851836988544782,0.9803921568627451
thursday,7,25000,dual_gain,GT1,5,0.2,0.06666666666666667,1.1259219514245808,0.9950980392156863
thursday,7,25000,dual_gain,GT1,10,0.5,0.3333333333333333,1.1259219514245808,0.9950980392156863
thursday,7,25000,dual_gain,GT1,20,0.4,0.5333333333333333,1.1259219514245808,0.9950980392156863
thursday,7,25000,dual_gain,GT2,5,0.6,0.2,1.1259219514245808,0.9950980392156863
thursday,7,25000,dual_gain,GT2,10,0.8,0.5333333333333333,1.1259219514245808,0.9950980392156863
thursday,7,25000,dual_gain,GT2,20,0.5,0.6666666666666666,1.1259219514245808,0.9950980392156863
thursday,7,25000,dual_abs,GT1,5,0.0,0.0,1.1259219514245808,0.9950980392156863
thursday,7,25000,dual_abs,GT1,10,0.2,0.13333333333333333,1.1259219514245808,0.9950980392156863
thursday,7,25000,dual_abs,GT1,20,0.3,0.4,1.1259219514245808,0.9950980392156863
thursday,7,25000,dual_abs,GT2,5,0.4,0.13333333333333333,1.1259219514245808,0.9950980392156863
thursday,7,25000,dual_abs,GT2,10,0.4,0.26666666666666666,1.1259219514245808,0.9950980392156863
thursday,7,25000,dual_abs,GT2,20,0.3,0.4,1.1259219514245808,0.9950980392156863
thursday,7,25000,aux_only,GT1,5,0.4,0.13333333333333333,1.1259219514245808,0.9950980392156863
thursday,7,25000,aux_only,GT1,10,0.5,0.3333333333333333,1.1259219514245808,0.9950980392156863
thursday,7,25000,aux_only,GT1,20,0.6,0.8,1.1259219514245808,0.9950980392156863
thursday,7,25000,aux_only,GT2,5,0.8,0.26666666666666666,1.1259219514245808,0.9950980392156863
thursday,7,25000,aux_only,GT2,10,0.7,0.4666666666666667,1.1259219514245808,0.9950980392156863
thursday,7,25000,aux_only,GT2,20,0.7,0.9333333333333333,1.1259219514245808,0.9950980392156863
thursday,7,25000,main_only,GT1,5,0.2,0.06666666666666667,1.1259219514245808,0.9950980392156863
thursday,7,25000,main_only,GT1,10,0.3,0.2,1.1259219514245808,0.9950980392156863
thursday,7,25000,main_only,GT1,20,0.4,0.5333333333333333,1.1259219514245808,0.9950980392156863
thursday,7,25000,main_only,GT2,5,0.2,0.06666666666666667,1.1259219514245808,0.9950980392156863
thursday,7,25000,main_only,GT2,10,0.1,0.06666666666666667,1.1259219514245808,0.9950980392156863
thursday,7,25000,main_only,GT2,20,0.25,0.3333333333333333,1.1259219514245808,0.9950980392156863
thursday,7,25000,perm_disagree,GT1,5,0.0,0.0,1.1259219514245808,0.9950980392156863
thursday,7,25000,perm_disagree,GT1,10,0.0,0.0,1.1259219514245808,0.9950980392156863
thursday,7,25000,perm_disagree,GT1,20,0.25,0.3333333333333333,1.1259219514245808,0.9950980392156863
thursday,7,25000,perm_disagree,GT2,5,0.0,0.0,1.1259219514245808,0.9950980392156863
thursday,7,25000,perm_disagree,GT2,10,0.0,0.0,1.1259219514245808,0.9950980392156863
thursday,7,25000,perm_disagree,GT2,20,0.2,0.26666666666666666,1.1259219514245808,0.9950980392156863
thursday,7,25000,random,GT1,5,0.0,0.0,1.1259219514245808,0.9950980392156863
thursday,7,25000,random,GT1,10,0.1,0.06666666666666667,1.1259219514245808,0.9950980392156863
thursday,7,25000,random,GT1,20,0.2,0.26666666666666666,1.1259219514245808,0.9950980392156863
thursday,7,25000,random,GT2,5,0.0,0.0,1.1259219514245808,0.9950980392156863
thursday,7,25000,random,GT2,10,0.2,0.13333333333333333,1.1259219514245808,0.9950980392156863
thursday,7,25000,random,GT2,20,0.25,0.3333333333333333,1.1259219514245808,0.9950980392156863
thursday,7,100000,dual_gain,GT1,5,0.2,0.06666666666666667,1.1279907526494333,0.9950980392156863
thursday,7,100000,dual_gain,GT1,10,0.4,0.26666666666666666,1.1279907526494333,0.9950980392156863
thursday,7,100000,dual_gain,GT1,20,0.45,0.6,1.1279907526494333,0.9950980392156863
thursday,7,100000,dual_gain,GT2,5,0.6,0.2,1.1279907526494333,0.9950980392156863
thursday,7,100000,dual_gain,GT2,10,0.7,0.4666666666666667,1.1279907526494333,0.9950980392156863
thursday,7,100000,dual_gain,GT2,20,0.55,0.7333333333333333,1.1279907526494333,0.9950980392156863
thursday,7,100000,dual_abs,GT1,5,0.0,0.0,1.1279907526494333,0.9950980392156863
thursday,7,100000,dual_abs,GT1,10,0.1,0.06666666666666667,1.1279907526494333,0.9950980392156863
thursday,7,100000,dual_abs,GT1,20,0.3,0.4,1.1279907526494333,0.9950980392156863
thursday,7,100000,dual_abs,GT2,5,0.4,0.13333333333333333,1.1279907526494333,0.9950980392156863
thursday,7,100000,dual_abs,GT2,10,0.4,0.26666666666666666,1.1279907526494333,0.9950980392156863
thursday,7,100000,dual_abs,GT2,20,0.4,0.5333333333333333,1.1279907526494333,0.9950980392156863
thursday,7,100000,aux_only,GT1,5,0.2,0.06666666666666667,1.1279907526494333,0.9950980392156863
thursday,7,100000,aux_only,GT1,10,0.4,0.26666666666666666,1.1279907526494333,0.9950980392156863
thursday,7,100000,aux_only,GT1,20,0.55,0.7333333333333333,1.1279907526494333,0.9950980392156863
thursday,7,100000,aux_only,GT2,5,0.6,0.2,1.1279907526494333,0.9950980392156863
thursday,7,100000,aux_only,GT2,10,0.7,0.4666666666666667,1.1279907526494333,0.9950980392156863
thursday,7,100000,aux_only,GT2,20,0.6,0.8,1.1279907526494333,0.9950980392156863
thursday,7,100000,main_only,GT1,5,0.2,0.06666666666666667,1.1279907526494333,0.9950980392156863
thursday,7,100000,main_only,GT1,10,0.3,0.2,1.1279907526494333,0.9950980392156863
thursday,7,100000,main_only,GT1,20,0.4,0.5333333333333333,1.1279907526494333,0.9950980392156863
thursday,7,100000,main_only,GT2,5,0.2,0.06666666666666667,1.1279907526494333,0.9950980392156863
thursday,7,100000,main_only,GT2,10,0.1,0.06666666666666667,1.1279907526494333,0.9950980392156863
thursday,7,100000,main_only,GT2,20,0.25,0.3333333333333333,1.1279907526494333,0.9950980392156863
thursday,7,100000,perm_disagree,GT1,5,0.4,0.13333333333333333,1.1279907526494333,0.9950980392156863
thursday,7,100000,perm_disagree,GT1,10,0.3,0.2,1.1279907526494333,0.9950980392156863
thursday,7,100000,perm_disagree,GT1,20,0.35,0.4666666666666667,1.1279907526494333,0.9950980392156863
thursday,7,100000,perm_disagree,GT2,5,0.2,0.06666666666666667,1.1279907526494333,0.9950980392156863
thursday,7,100000,perm_disagree,GT2,10,0.3,0.2,1.1279907526494333,0.9950980392156863
thursday,7,100000,perm_disagree,GT2,20,0.25,0.3333333333333333,1.1279907526494333,0.9950980392156863
thursday,7,100000,random,GT1,5,0.0,0.0,1.1279907526494333,0.9950980392156863
thursday,7,100000,random,GT1,10,0.1,0.06666666666666667,1.1279907526494333,0.9950980392156863
thursday,7,100000,random,GT1,20,0.2,0.26666666666666666,1.1279907526494333,0.9950980392156863
thursday,7,100000,random,GT2,5,0.0,0.0,1.1279907526494333,0.9950980392156863
thursday,7,100000,random,GT2,10,0.2,0.13333333333333333,1.1279907526494333,0.9950980392156863
thursday,7,100000,random,GT2,20,0.25,0.3333333333333333,1.1279907526494333,0.9950980392156863
friday,42,250,dual_gain,GT1,5,0.8,0.26666666666666666,1.2608123705152323,0.9978858350951374
friday,42,250,dual_gain,GT1,10,0.5,0.3333333333333333,1.2608123705152323,0.9978858350951374
friday,42,250,dual_gain,GT1,20,0.4,0.5333333333333333,1.2608123705152323,0.9978858350951374
friday,42,250,dual_gain,GT2,5,0.8,0.26666666666666666,1.2608123705152323,0.9978858350951374
friday,42,250,dual_gain,GT2,10,0.5,0.3333333333333333,1.2608123705152323,0.9978858350951374
friday,42,250,dual_gain,GT2,20,0.4,0.5333333333333333,1.2608123705152323,0.9978858350951374
friday,42,250,dual_abs,GT1,5,0.8,0.26666666666666666,1.2608123705152323,0.9978858350951374
friday,42,250,dual_abs,GT1,10,0.5,0.3333333333333333,1.2608123705152323,0.9978858350951374
friday,42,250,dual_abs,GT1,20,0.4,0.5333333333333333,1.2608123705152323,0.9978858350951374
friday,42,250,dual_abs,GT2,5,0.8,0.26666666666666666,1.2608123705152323,0.9978858350951374
friday,42,250,dual_abs,GT2,10,0.5,0.3333333333333333,1.2608123705152323,0.9978858350951374
friday,42,250,dual_abs,GT2,20,0.45,0.6,1.2608123705152323,0.9978858350951374
friday,42,250,aux_only,GT1,5,0.8,0.26666666666666666,1.2608123705152323,0.9978858350951374
friday,42,250,aux_only,GT1,10,0.6,0.4,1.2608123705152323,0.9978858350951374
friday,42,250,aux_only,GT1,20,0.45,0.6,1.2608123705152323,0.9978858350951374
friday,42,250,aux_only,GT2,5,0.8,0.26666666666666666,1.2608123705152323,0.9978858350951374
friday,42,250,aux_only,GT2,10,0.6,0.4,1.2608123705152323,0.9978858350951374
friday,42,250,aux_only,GT2,20,0.4,0.5333333333333333,1.2608123705152323,0.9978858350951374
friday,42,250,main_only,GT1,5,0.2,0.06666666666666667,1.2608123705152323,0.9978858350951374
friday,42,250,main_only,GT1,10,0.2,0.13333333333333333,1.2608123705152323,0.9978858350951374
friday,42,250,main_only,GT1,20,0.35,0.4666666666666667,1.2608123705152323,0.9978858350951374
friday,42,250,main_only,GT2,5,0.2,0.06666666666666667,1.2608123705152323,0.9978858350951374
friday,42,250,main_only,GT2,10,0.3,0.2,1.2608123705152323,0.9978858350951374
friday,42,250,main_only,GT2,20,0.4,0.5333333333333333,1.2608123705152323,0.9978858350951374
friday,42,250,perm_disagree,GT1,5,0.4,0.13333333333333333,1.2608123705152323,0.9978858350951374
friday,42,250,perm_disagree,GT1,10,0.5,0.3333333333333333,1.2608123705152323,0.9978858350951374
friday,42,250,perm_disagree,GT1,20,0.35,0.4666666666666667,1.2608123705152323,0.9978858350951374
friday,42,250,perm_disagree,GT2,5,0.4,0.13333333333333333,1.2608123705152323,0.9978858350951374
friday,42,250,perm_disagree,GT2,10,0.5,0.3333333333333333,1.2608123705152323,0.9978858350951374
friday,42,250,perm_disagree,GT2,20,0.4,0.5333333333333333,1.2608123705152323,0.9978858350951374
friday,42,250,random,GT1,5,0.0,0.0,1.2608123705152323,0.9978858350951374
friday,42,250,random,GT1,10,0.2,0.13333333333333333,1.2608123705152323,0.9978858350951374
friday,42,250,random,GT1,20,0.2,0.26666666666666666,1.2608123705152323,0.9978858350951374
friday,42,250,random,GT2,5,0.0,0.0,1.2608123705152323,0.9978858350951374
friday,42,250,random,GT2,10,0.2,0.13333333333333333,1.2608123705152323,0.9978858350951374
friday,42,250,random,GT2,20,0.25,0.3333333333333333,1.2608123705152323,0.9978858350951374
friday,42,1000,dual_gain,GT1,5,0.8,0.26666666666666666,1.3124083168989118,0.9978858350951374
friday,42,1000,dual_gain,GT1,10,0.5,0.3333333333333333,1.3124083168989118,0.9978858350951374
friday,42,1000,dual_gain,GT1,20,0.25,0.3333333333333333,1.3124083168989118,0.9978858350951374
friday,42,1000,dual_gain,GT2,5,0.8,0.26666666666666666,1.3124083168989118,0.9978858350951374
friday,42,1000,dual_gain,GT2,10,0.5,0.3333333333333333,1.3124083168989118,0.9978858350951374
friday,42,1000,dual_gain,GT2,20,0.25,0.3333333333333333,1.3124083168989118,0.9978858350951374
friday,42,1000,dual_abs,GT1,5,0.6,0.2,1.3124083168989118,0.9978858350951374
friday,42,1000,dual_abs,GT1,10,0.5,0.3333333333333333,1.3124083168989118,0.9978858350951374
friday,42,1000,dual_abs,GT1,20,0.4,0.5333333333333333,1.3124083168989118,0.9978858350951374
friday,42,1000,dual_abs,GT2,5,0.6,0.2,1.3124083168989118,0.9978858350951374
friday,42,1000,dual_abs,GT2,10,0.5,0.3333333333333333,1.3124083168989118,0.9978858350951374
friday,42,1000,dual_abs,GT2,20,0.4,0.5333333333333333,1.3124083168989118,0.9978858350951374
friday,42,1000,aux_only,GT1,5,0.8,0.26666666666666666,1.3124083168989118,0.9978858350951374
friday,42,1000,aux_only,GT1,10,0.6,0.4,1.3124083168989118,0.9978858350951374
friday,42,1000,aux_only,GT1,20,0.3,0.4,1.3124083168989118,0.9978858350951374
friday,42,1000,aux_only,GT2,5,0.8,0.26666666666666666,1.3124083168989118,0.9978858350951374
friday,42,1000,aux_only,GT2,10,0.6,0.4,1.3124083168989118,0.9978858350951374
friday,42,1000,aux_only,GT2,20,0.35,0.4666666666666667,1.3124083168989118,0.9978858350951374
friday,42,1000,main_only,GT1,5,0.2,0.06666666666666667,1.3124083168989118,0.9978858350951374
friday,42,1000,main_only,GT1,10,0.2,0.13333333333333333,1.3124083168989118,0.9978858350951374
friday,42,1000,main_only,GT1,20,0.35,0.4666666666666667,1.3124083168989118,0.9978858350951374
friday,42,1000,main_only,GT2,5,0.2,0.06666666666666667,1.3124083168989118,0.9978858350951374
friday,42,1000,main_only,GT2,10,0.3,0.2,1.3124083168989118,0.9978858350951374
friday,42,1000,main_only,GT2,20,0.4,0.5333333333333333,1.3124083168989118,0.9978858350951374
friday,42,1000,perm_disagree,GT1,5,0.4,0.13333333333333333,1.3124083168989118,0.9978858350951374
friday,42,1000,perm_disagree,GT1,10,0.5,0.3333333333333333,1.3124083168989118,0.9978858350951374
friday,42,1000,perm_disagree,GT1,20,0.4,0.5333333333333333,1.3124083168989118,0.9978858350951374
friday,42,1000,perm_disagree,GT2,5,0.4,0.13333333333333333,1.3124083168989118,0.9978858350951374
friday,42,1000,perm_disagree,GT2,10,0.5,0.3333333333333333,1.3124083168989118,0.9978858350951374
friday,42,1000,perm_disagree,GT2,20,0.4,0.5333333333333333,1.3124083168989118,0.9978858350951374
friday,42,1000,random,GT1,5,0.0,0.0,1.3124083168989118,0.9978858350951374
friday,42,1000,random,GT1,10,0.2,0.13333333333333333,1.3124083168989118,0.9978858350951374
friday,42,1000,random,GT1,20,0.2,0.26666666666666666,1.3124083168989118,0.9978858350951374
friday,42,1000,random,GT2,5,0.0,0.0,1.3124083168989118,0.9978858350951374
friday,42,1000,random,GT2,10,0.2,0.13333333333333333,1.3124083168989118,0.9978858350951374
friday,42,1000,random,GT2,20,0.25,0.3333333333333333,1.3124083168989118,0.9978858350951374
friday,42,5000,dual_gain,GT1,5,0.8,0.26666666666666666,1.2642700699611067,0.9989429175475687
friday,42,5000,dual_gain,GT1,10,0.5,0.3333333333333333,1.2642700699611067,0.9989429175475687
friday,42,5000,dual_gain,GT1,20,0.3,0.4,1.2642700699611067,0.9989429175475687
friday,42,5000,dual_gain,GT2,5,0.8,0.26666666666666666,1.2642700699611067,0.9989429175475687
friday,42,5000,dual_gain,GT2,10,0.5,0.3333333333333333,1.2642700699611067,0.9989429175475687
friday,42,5000,dual_gain,GT2,20,0.3,0.4,1.2642700699611067,0.9989429175475687
friday,42,5000,dual_abs,GT1,5,0.6,0.2,1.2642700699611067,0.9989429175475687
friday,42,5000,dual_abs,GT1,10,0.5,0.3333333333333333,1.2642700699611067,0.9989429175475687
friday,42,5000,dual_abs,GT1,20,0.35,0.4666666666666667,1.2642700699611067,0.9989429175475687
friday,42,5000,dual_abs,GT2,5,0.6,0.2,1.2642700699611067,0.9989429175475687
friday,42,5000,dual_abs,GT2,10,0.5,0.3333333333333333,1.2642700699611067,0.9989429175475687
friday,42,5000,dual_abs,GT2,20,0.4,0.5333333333333333,1.2642700699611067,0.9989429175475687
friday,42,5000,aux_only,GT1,5,1.0,0.3333333333333333,1.2642700699611067,0.9989429175475687
friday,42,5000,aux_only,GT1,10,0.6,0.4,1.2642700699611067,0.9989429175475687
friday,42,5000,aux_only,GT1,20,0.35,0.4666666666666667,1.2642700699611067,0.9989429175475687
friday,42,5000,aux_only,GT2,5,1.0,0.3333333333333333,1.2642700699611067,0.9989429175475687
friday,42,5000,aux_only,GT2,10,0.6,0.4,1.2642700699611067,0.9989429175475687
friday,42,5000,aux_only,GT2,20,0.35,0.4666666666666667,1.2642700699611067,0.9989429175475687
friday,42,5000,main_only,GT1,5,0.2,0.06666666666666667,1.2642700699611067,0.9989429175475687
friday,42,5000,main_only,GT1,10,0.2,0.13333333333333333,1.2642700699611067,0.9989429175475687
friday,42,5000,main_only,GT1,20,0.35,0.4666666666666667,1.2642700699611067,0.9989429175475687
friday,42,5000,main_only,GT2,5,0.2,0.06666666666666667,1.2642700699611067,0.9989429175475687
friday,42,5000,main_only,GT2,10,0.3,0.2,1.2642700699611067,0.9989429175475687
friday,42,5000,main_only,GT2,20,0.4,0.5333333333333333,1.2642700699611067,0.9989429175475687
friday,42,5000,perm_disagree,GT1,5,0.4,0.13333333333333333,1.2642700699611067,0.9989429175475687
friday,42,5000,perm_disagree,GT1,10,0.4,0.26666666666666666,1.2642700699611067,0.9989429175475687
friday,42,5000,perm_disagree,GT1,20,0.35,0.4666666666666667,1.2642700699611067,0.9989429175475687
friday,42,5000,perm_disagree,GT2,5,0.4,0.13333333333333333,1.2642700699611067,0.9989429175475687
friday,42,5000,perm_disagree,GT2,10,0.4,0.26666666666666666,1.2642700699611067,0.9989429175475687
friday,42,5000,perm_disagree,GT2,20,0.35,0.4666666666666667,1.2642700699611067,0.9989429175475687
friday,42,5000,random,GT1,5,0.0,0.0,1.2642700699611067,0.9989429175475687
friday,42,5000,random,GT1,10,0.2,0.13333333333333333,1.2642700699611067,0.9989429175475687
friday,42,5000,random,GT1,20,0.2,0.26666666666666666,1.2642700699611067,0.9989429175475687
friday,42,5000,random,GT2,5,0.0,0.0,1.2642700699611067,0.9989429175475687
friday,42,5000,random,GT2,10,0.2,0.13333333333333333,1.2642700699611067,0.9989429175475687
friday,42,5000,random,GT2,20,0.25,0.3333333333333333,1.2642700699611067,0.9989429175475687
friday,42,25000,dual_gain,GT1,5,0.8,0.26666666666666666,1.2142600239223866,1.0
friday,42,25000,dual_gain,GT1,10,0.5,0.3333333333333333,1.2142600239223866,1.0
friday,42,25000,dual_gain,GT1,20,0.3,0.4,1.2142600239223866,1.0
friday,42,25000,dual_gain,GT2,5,0.8,0.26666666666666666,1.2142600239223866,1.0
friday,42,25000,dual_gain,GT2,10,0.5,0.3333333333333333,1.2142600239223866,1.0
friday,42,25000,dual_gain,GT2,20,0.3,0.4,1.2142600239223866,1.0
friday,42,25000,dual_abs,GT1,5,0.4,0.13333333333333333,1.2142600239223866,1.0
friday,42,25000,dual_abs,GT1,10,0.5,0.3333333333333333,1.2142600239223866,1.0
friday,42,25000,dual_abs,GT1,20,0.35,0.4666666666666667,1.2142600239223866,1.0
friday,42,25000,dual_abs,GT2,5,0.4,0.13333333333333333,1.2142600239223866,1.0
friday,42,25000,dual_abs,GT2,10,0.5,0.3333333333333333,1.2142600239223866,1.0
friday,42,25000,dual_abs,GT2,20,0.4,0.5333333333333333,1.2142600239223866,1.0
friday,42,25000,aux_only,GT1,5,0.8,0.26666666666666666,1.2142600239223866,1.0
friday,42,25000,aux_only,GT1,10,0.6,0.4,1.2142600239223866,1.0
friday,42,25000,aux_only,GT1,20,0.3,0.4,1.2142600239223866,1.0
friday,42,25000,aux_only,GT2,5,0.8,0.26666666666666666,1.2142600239223866,1.0
friday,42,25000,aux_only,GT2,10,0.6,0.4,1.2142600239223866,1.0
friday,42,25000,aux_only,GT2,20,0.3,0.4,1.2142600239223866,1.0
friday,42,25000,main_only,GT1,5,0.2,0.06666666666666667,1.2142600239223866,1.0
friday,42,25000,main_only,GT1,10,0.2,0.13333333333333333,1.2142600239223866,1.0
friday,42,25000,main_only,GT1,20,0.35,0.4666666666666667,1.2142600239223866,1.0
friday,42,25000,main_only,GT2,5,0.2,0.06666666666666667,1.2142600239223866,1.0
friday,42,25000,main_only,GT2,10,0.3,0.2,1.2142600239223866,1.0
friday,42,25000,main_only,GT2,20,0.4,0.5333333333333333,1.2142600239223866,1.0
friday,42,25000,perm_disagree,GT1,5,0.4,0.13333333333333333,1.2142600239223866,1.0
friday,42,25000,perm_disagree,GT1,10,0.4,0.26666666666666666,1.2142600239223866,1.0
friday,42,25000,perm_disagree,GT1,20,0.35,0.4666666666666667,1.2142600239223866,1.0
friday,42,25000,perm_disagree,GT2,5,0.4,0.13333333333333333,1.2142600239223866,1.0
friday,42,25000,perm_disagree,GT2,10,0.4,0.26666666666666666,1.2142600239223866,1.0
friday,42,25000,perm_disagree,GT2,20,0.35,0.4666666666666667,1.2142600239223866,1.0
friday,42,25000,random,GT1,5,0.0,0.0,1.2142600239223866,1.0
friday,42,25000,random,GT1,10,0.2,0.13333333333333333,1.2142600239223866,1.0
friday,42,25000,random,GT1,20,0.2,0.26666666666666666,1.2142600239223866,1.0
friday,42,25000,random,GT2,5,0.0,0.0,1.2142600239223866,1.0
friday,42,25000,random,GT2,10,0.2,0.13333333333333333,1.2142600239223866,1.0
friday,42,25000,random,GT2,20,0.25,0.3333333333333333,1.2142600239223866,1.0
friday,42,100000,dual_gain,GT1,5,0.8,0.26666666666666666,1.1958534295972583,1.0
friday,42,100000,dual_gain,GT1,10,0.5,0.3333333333333333,1.1958534295972583,1.0
friday,42,100000,dual_gain,GT1,20,0.3,0.4,1.1958534295972583,1.0
friday,42,100000,dual_gain,GT2,5,0.8,0.26666666666666666,1.1958534295972583,1.0
friday,42,100000,dual_gain,GT2,10,0.5,0.3333333333333333,1.1958534295972583,1.0
friday,42,100000,dual_gain,GT2,20,0.35,0.4666666666666667,1.1958534295972583,1.0
friday,42,100000,dual_abs,GT1,5,0.6,0.2,1.1958534295972583,1.0
friday,42,100000,dual_abs,GT1,10,0.4,0.26666666666666666,1.1958534295972583,1.0
friday,42,100000,dual_abs,GT1,20,0.4,0.5333333333333333,1.1958534295972583,1.0
friday,42,100000,dual_abs,GT2,5,0.6,0.2,1.1958534295972583,1.0
friday,42,100000,dual_abs,GT2,10,0.4,0.26666666666666666,1.1958534295972583,1.0
friday,42,100000,dual_abs,GT2,20,0.45,0.6,1.1958534295972583,1.0
friday,42,100000,aux_only,GT1,5,0.8,0.26666666666666666,1.1958534295972583,1.0
friday,42,100000,aux_only,GT1,10,0.6,0.4,1.1958534295972583,1.0
friday,42,100000,aux_only,GT1,20,0.4,0.5333333333333333,1.1958534295972583,1.0
friday,42,100000,aux_only,GT2,5,0.8,0.26666666666666666,1.1958534295972583,1.0
friday,42,100000,aux_only,GT2,10,0.6,0.4,1.1958534295972583,1.0
friday,42,100000,aux_only,GT2,20,0.35,0.4666666666666667,1.1958534295972583,1.0
friday,42,100000,main_only,GT1,5,0.2,0.06666666666666667,1.1958534295972583,1.0
friday,42,100000,main_only,GT1,10,0.2,0.13333333333333333,1.1958534295972583,1.0
friday,42,100000,main_only,GT1,20,0.35,0.4666666666666667,1.1958534295972583,1.0
friday,42,100000,main_only,GT2,5,0.2,0.06666666666666667,1.1958534295972583,1.0
friday,42,100000,main_only,GT2,10,0.3,0.2,1.1958534295972583,1.0
friday,42,100000,main_only,GT2,20,0.4,0.5333333333333333,1.1958534295972583,1.0
friday,42,100000,perm_disagree,GT1,5,0.4,0.13333333333333333,1.1958534295972583,1.0
friday,42,100000,perm_disagree,GT1,10,0.4,0.26666666666666666,1.1958534295972583,1.0
friday,42,100000,perm_disagree,GT1,20,0.35,0.4666666666666667,1.1958534295972583,1.0
friday,42,100000,perm_disagree,GT2,5,0.4,0.13333333333333333,1.1958534295972583,1.0
friday,42,100000,perm_disagree,GT2,10,0.4,0.26666666666666666,1.1958534295972583,1.0
friday,42,100000,perm_disagree,GT2,20,0.35,0.4666666666666667,1.1958534295972583,1.0
friday,42,100000,random,GT1,5,0.0,0.0,1.1958534295972583,1.0
friday,42,100000,random,GT1,10,0.2,0.13333333333333333,1.1958534295972583,1.0
friday,42,100000,random,GT1,20,0.2,0.26666666666666666,1.1958534295972583,1.0
friday,42,100000,random,GT2,5,0.0,0.0,1.1958534295972583,1.0
friday,42,100000,random,GT2,10,0.2,0.13333333333333333,1.1958534295972583,1.0
friday,42,100000,random,GT2,20,0.25,0.3333333333333333,1.1958534295972583,1.0
friday,1,250,dual_gain,GT1,5,1.0,0.3333333333333333,1.180670450373517,0.992600422832981
friday,1,250,dual_gain,GT1,10,0.6,0.4,1.180670450373517,0.992600422832981
friday,1,250,dual_gain,GT1,20,0.45,0.6,1.180670450373517,0.992600422832981
friday,1,250,dual_gain,GT2,5,1.0,0.3333333333333333,1.180670450373517,0.992600422832981
friday,1,250,dual_gain,GT2,10,0.6,0.4,1.180670450373517,0.992600422832981
friday,1,250,dual_gain,GT2,20,0.45,0.6,1.180670450373517,0.992600422832981
friday,1,250,dual_abs,GT1,5,0.6,0.2,1.180670450373517,0.992600422832981
friday,1,250,dual_abs,GT1,10,0.6,0.4,1.180670450373517,0.992600422832981
friday,1,250,dual_abs,GT1,20,0.4,0.5333333333333333,1.180670450373517,0.992600422832981
friday,1,250,dual_abs,GT2,5,0.6,0.2,1.180670450373517,0.992600422832981
friday,1,250,dual_abs,GT2,10,0.6,0.4,1.180670450373517,0.992600422832981
friday,1,250,dual_abs,GT2,20,0.45,0.6,1.180670450373517,0.992600422832981
friday,1,250,aux_only,GT1,5,1.0,0.3333333333333333,1.180670450373517,0.992600422832981
friday,1,250,aux_only,GT1,10,0.7,0.4666666666666667,1.180670450373517,0.992600422832981
friday,1,250,aux_only,GT1,20,0.65,0.8666666666666667,1.180670450373517,0.992600422832981
friday,1,250,aux_only,GT2,5,1.0,0.3333333333333333,1.180670450373517,0.992600422832981
friday,1,250,aux_only,GT2,10,0.7,0.4666666666666667,1.180670450373517,0.992600422832981
friday,1,250,aux_only,GT2,20,0.55,0.7333333333333333,1.180670450373517,0.992600422832981
friday,1,250,main_only,GT1,5,0.2,0.06666666666666667,1.180670450373517,0.992600422832981
friday,1,250,main_only,GT1,10,0.2,0.13333333333333333,1.180670450373517,0.992600422832981
friday,1,250,main_only,GT1,20,0.35,0.4666666666666667,1.180670450373517,0.992600422832981
friday,1,250,main_only,GT2,5,0.2,0.06666666666666667,1.180670450373517,0.992600422832981
friday,1,250,main_only,GT2,10,0.3,0.2,1.180670450373517,0.992600422832981
friday,1,250,main_only,GT2,20,0.4,0.5333333333333333,1.180670450373517,0.992600422832981
friday,1,250,perm_disagree,GT1,5,1.0,0.3333333333333333,1.180670450373517,0.992600422832981
friday,1,250,perm_disagree,GT1,10,0.7,0.4666666666666667,1.180670450373517,0.992600422832981
friday,1,250,perm_disagree,GT1,20,0.45,0.6,1.180670450373517,0.992600422832981
friday,1,250,perm_disagree,GT2,5,1.0,0.3333333333333333,1.180670450373517,0.992600422832981
friday,1,250,perm_disagree,GT2,10,0.7,0.4666666666666667,1.180670450373517,0.992600422832981
friday,1,250,perm_disagree,GT2,20,0.45,0.6,1.180670450373517,0.992600422832981
friday,1,250,random,GT1,5,0.2,0.06666666666666667,1.180670450373517,0.992600422832981
friday,1,250,random,GT1,10,0.2,0.13333333333333333,1.180670450373517,0.992600422832981
friday,1,250,random,GT1,20,0.3,0.4,1.180670450373517,0.992600422832981
friday,1,250,random,GT2,5,0.2,0.06666666666666667,1.180670450373517,0.992600422832981
friday,1,250,random,GT2,10,0.1,0.06666666666666667,1.180670450373517,0.992600422832981
friday,1,250,random,GT2,20,0.25,0.3333333333333333,1.180670450373517,0.992600422832981
friday,1,1000,dual_gain,GT1,5,0.8,0.26666666666666666,1.1813246959099486,0.9957716701902748
friday,1,1000,dual_gain,GT1,10,0.6,0.4,1.1813246959099486,0.9957716701902748
friday,1,1000,dual_gain,GT1,20,0.35,0.4666666666666667,1.1813246959099486,0.9957716701902748
friday,1,1000,dual_gain,GT2,5,0.8,0.26666666666666666,1.1813246959099486,0.9957716701902748
friday,1,1000,dual_gain,GT2,10,0.6,0.4,1.1813246959099486,0.9957716701902748
friday,1,1000,dual_gain,GT2,20,0.4,0.5333333333333333,1.1813246959099486,0.9957716701902748
friday,1,1000,dual_abs,GT1,5,0.6,0.2,1.1813246959099486,0.9957716701902748
friday,1,1000,dual_abs,GT1,10,0.5,0.3333333333333333,1.1813246959099486,0.9957716701902748
friday,1,1000,dual_abs,GT1,20,0.35,0.4666666666666667,1.1813246959099486,0.9957716701902748
friday,1,1000,dual_abs,GT2,5,0.6,0.2,1.1813246959099486,0.9957716701902748
friday,1,1000,dual_abs,GT2,10,0.5,0.3333333333333333,1.1813246959099486,0.9957716701902748
friday,1,1000,dual_abs,GT2,20,0.4,0.5333333333333333,1.1813246959099486,0.9957716701902748
friday,1,1000,aux_only,GT1,5,0.8,0.26666666666666666,1.1813246959099486,0.9957716701902748
friday,1,1000,aux_only,GT1,10,0.6,0.4,1.1813246959099486,0.9957716701902748
friday,1,1000,aux_only,GT1,20,0.4,0.5333333333333333,1.1813246959099486,0.9957716701902748
friday,1,1000,aux_only,GT2,5,0.8,0.26666666666666666,1.1813246959099486,0.9957716701902748
friday,1,1000,aux_only,GT2,10,0.6,0.4,1.1813246959099486,0.9957716701902748
friday,1,1000,aux_only,GT2,20,0.4,0.5333333333333333,1.1813246959099486,0.9957716701902748
friday,1,1000,main_only,GT1,5,0.2,0.06666666666666667,1.1813246959099486,0.9957716701902748
friday,1,1000,main_only,GT1,10,0.2,0.13333333333333333,1.1813246959099486,0.9957716701902748
friday,1,1000,main_only,GT1,20,0.35,0.4666666666666667,1.1813246959099486,0.9957716701902748
friday,1,1000,main_only,GT2,5,0.2,0.06666666666666667,1.1813246959099486,0.9957716701902748
friday,1,1000,main_only,GT2,10,0.3,0.2,1.1813246959099486,0.9957716701902748
friday,1,1000,main_only,GT2,20,0.4,0.5333333333333333,1.1813246959099486,0.9957716701902748
friday,1,1000,perm_disagree,GT1,5,0.2,0.06666666666666667,1.1813246959099486,0.9957716701902748
friday,1,1000,perm_disagree,GT1,10,0.3,0.2,1.1813246959099486,0.9957716701902748
friday,1,1000,perm_disagree,GT1,20,0.3,0.4,1.1813246959099486,0.9957716701902748
friday,1,1000,perm_disagree,GT2,5,0.2,0.06666666666666667,1.1813246959099486,0.9957716701902748
friday,1,1000,perm_disagree,GT2,10,0.3,0.2,1.1813246959099486,0.9957716701902748
friday,1,1000,perm_disagree,GT2,20,0.35,0.4666666666666667,1.1813246959099486,0.9957716701902748
friday,1,1000,random,GT1,5,0.2,0.06666666666666667,1.1813246959099486,0.9957716701902748
friday,1,1000,random,GT1,10,0.2,0.13333333333333333,1.1813246959099486,0.9957716701902748
friday,1,1000,random,GT1,20,0.3,0.4,1.1813246959099486,0.9957716701902748
friday,1,1000,random,GT2,5,0.2,0.06666666666666667,1.1813246959099486,0.9957716701902748
friday,1,1000,random,GT2,10,0.1,0.06666666666666667,1.1813246959099486,0.9957716701902748
friday,1,1000,random,GT2,20,0.25,0.3333333333333333,1.1813246959099486,0.9957716701902748
friday,1,5000,dual_gain,GT1,5,1.0,0.3333333333333333,1.1967864895368583,0.9957716701902748
friday,1,5000,dual_gain,GT1,10,0.7,0.4666666666666667,1.1967864895368583,0.9957716701902748
friday,1,5000,dual_gain,GT1,20,0.35,0.4666666666666667,1.1967864895368583,0.9957716701902748
friday,1,5000,dual_gain,GT2,5,1.0,0.3333333333333333,1.1967864895368583,0.9957716701902748
friday,1,5000,dual_gain,GT2,10,0.7,0.4666666666666667,1.1967864895368583,0.9957716701902748
friday,1,5000,dual_gain,GT2,20,0.35,0.4666666666666667,1.1967864895368583,0.9957716701902748
friday,1,5000,dual_abs,GT1,5,0.6,0.2,1.1967864895368583,0.9957716701902748
friday,1,5000,dual_abs,GT1,10,0.6,0.4,1.1967864895368583,0.9957716701902748
friday,1,5000,dual_abs,GT1,20,0.4,0.5333333333333333,1.1967864895368583,0.9957716701902748
friday,1,5000,dual_abs,GT2,5,0.6,0.2,1.1967864895368583,0.9957716701902748
friday,1,5000,dual_abs,GT2,10,0.6,0.4,1.1967864895368583,0.9957716701902748
friday,1,5000,dual_abs,GT2,20,0.45,0.6,1.1967864895368583,0.9957716701902748
friday,1,5000,aux_only,GT1,5,1.0,0.3333333333333333,1.1967864895368583,0.9957716701902748
friday,1,5000,aux_only,GT1,10,0.6,0.4,1.1967864895368583,0.9957716701902748
friday,1,5000,aux_only,GT1,20,0.4,0.5333333333333333,1.1967864895368583,0.9957716701902748
friday,1,5000,aux_only,GT2,5,1.0,0.3333333333333333,1.1967864895368583,0.9957716701902748
friday,1,5000,aux_only,GT2,10,0.6,0.4,1.1967864895368583,0.9957716701902748
friday,1,5000,aux_only,GT2,20,0.4,0.5333333333333333,1.1967864895368583,0.9957716701902748
friday,1,5000,main_only,GT1,5,0.2,0.06666666666666667,1.1967864895368583,0.9957716701902748
friday,1,5000,main_only,GT1,10,0.2,0.13333333333333333,1.1967864895368583,0.9957716701902748
friday,1,5000,main_only,GT1,20,0.35,0.4666666666666667,1.1967864895368583,0.9957716701902748
friday,1,5000,main_only,GT2,5,0.2,0.06666666666666667,1.1967864895368583,0.9957716701902748
friday,1,5000,main_only,GT2,10,0.3,0.2,1.1967864895368583,0.9957716701902748
friday,1,5000,main_only,GT2,20,0.4,0.5333333333333333,1.1967864895368583,0.9957716701902748
friday,1,5000,perm_disagree,GT1,5,0.4,0.13333333333333333,1.1967864895368583,0.9957716701902748
friday,1,5000,perm_disagree,GT1,10,0.2,0.13333333333333333,1.1967864895368583,0.9957716701902748
friday,1,5000,perm_disagree,GT1,20,0.2,0.26666666666666666,1.1967864895368583,0.9957716701902748
friday,1,5000,perm_disagree,GT2,5,0.4,0.13333333333333333,1.1967864895368583,0.9957716701902748
friday,1,5000,perm_disagree,GT2,10,0.2,0.13333333333333333,1.1967864895368583,0.9957716701902748
friday,1,5000,perm_disagree,GT2,20,0.2,0.26666666666666666,1.1967864895368583,0.9957716701902748
friday,1,5000,random,GT1,5,0.2,0.06666666666666667,1.1967864895368583,0.9957716701902748
friday,1,5000,random,GT1,10,0.2,0.13333333333333333,1.1967864895368583,0.9957716701902748
friday,1,5000,random,GT1,20,0.3,0.4,1.1967864895368583,0.9957716701902748
friday,1,5000,random,GT2,5,0.2,0.06666666666666667,1.1967864895368583,0.9957716701902748
friday,1,5000,random,GT2,10,0.1,0.06666666666666667,1.1967864895368583,0.9957716701902748
friday,1,5000,random,GT2,20,0.25,0.3333333333333333,1.1967864895368583,0.9957716701902748
friday,1,25000,dual_gain,GT1,5,0.8,0.26666666666666666,1.2110669715602709,0.9978858350951374
friday,1,25000,dual_gain,GT1,10,0.7,0.4666666666666667,1.2110669715602709,0.9978858350951374
friday,1,25000,dual_gain,GT1,20,0.4,0.5333333333333333,1.2110669715602709,0.9978858350951374
friday,1,25000,dual_gain,GT2,5,0.8,0.26666666666666666,1.2110669715602709,0.9978858350951374
friday,1,25000,dual_gain,GT2,10,0.7,0.4666666666666667,1.2110669715602709,0.9978858350951374
friday,1,25000,dual_gain,GT2,20,0.4,0.5333333333333333,1.2110669715602709,0.9978858350951374
friday,1,25000,dual_abs,GT1,5,0.6,0.2,1.2110669715602709,0.9978858350951374
friday,1,25000,dual_abs,GT1,10,0.5,0.3333333333333333,1.2110669715602709,0.9978858350951374
friday,1,25000,dual_abs,GT1,20,0.4,0.5333333333333333,1.2110669715602709,0.9978858350951374
friday,1,25000,dual_abs,GT2,5,0.6,0.2,1.2110669715602709,0.9978858350951374
friday,1,25000,dual_abs,GT2,10,0.5,0.3333333333333333,1.2110669715602709,0.9978858350951374
friday,1,25000,dual_abs,GT2,20,0.45,0.6,1.2110669715602709,0.9978858350951374
friday,1,25000,aux_only,GT1,5,1.0,0.3333333333333333,1.2110669715602709,0.9978858350951374
friday,1,25000,aux_only,GT1,10,0.7,0.4666666666666667,1.2110669715602709,0.9978858350951374
friday,1,25000,aux_only,GT1,20,0.4,0.5333333333333333,1.2110669715602709,0.9978858350951374
friday,1,25000,aux_only,GT2,5,1.0,0.3333333333333333,1.2110669715602709,0.9978858350951374
friday,1,25000,aux_only,GT2,10,0.7,0.4666666666666667,1.2110669715602709,0.9978858350951374
friday,1,25000,aux_only,GT2,20,0.45,0.6,1.2110669715602709,0.9978858350951374
friday,1,25000,main_only,GT1,5,0.2,0.06666666666666667,1.2110669715602709,0.9978858350951374
friday,1,25000,main_only,GT1,10,0.2,0.13333333333333333,1.2110669715602709,0.9978858350951374
friday,1,25000,main_only,GT1,20,0.35,0.4666666666666667,1.2110669715602709,0.9978858350951374
friday,1,25000,main_only,GT2,5,0.2,0.06666666666666667,1.2110669715602709,0.9978858350951374
friday,1,25000,main_only,GT2,10,0.3,0.2,1.2110669715602709,0.9978858350951374
friday,1,25000,main_only,GT2,20,0.4,0.5333333333333333,1.2110669715602709,0.9978858350951374
friday,1,25000,perm_disagree,GT1,5,0.2,0.06666666666666667,1.2110669715602709,0.9978858350951374
friday,1,25000,perm_disagree,GT1,10,0.4,0.26666666666666666,1.2110669715602709,0.9978858350951374
friday,1,25000,perm_disagree,GT1,20,0.35,0.4666666666666667,1.2110669715602709,0.9978858350951374
friday,1,25000,perm_disagree,GT2,5,0.2,0.06666666666666667,1.2110669715602709,0.9978858350951374
friday,1,25000,perm_disagree,GT2,10,0.4,0.26666666666666666,1.2110669715602709,0.9978858350951374
friday,1,25000,perm_disagree,GT2,20,0.35,0.4666666666666667,1.2110669715602709,0.9978858350951374
friday,1,25000,random,GT1,5,0.2,0.06666666666666667,1.2110669715602709,0.9978858350951374
friday,1,25000,random,GT1,10,0.2,0.13333333333333333,1.2110669715602709,0.9978858350951374
friday,1,25000,random,GT1,20,0.3,0.4,1.2110669715602709,0.9978858350951374
friday,1,25000,random,GT2,5,0.2,0.06666666666666667,1.2110669715602709,0.9978858350951374
friday,1,25000,random,GT2,10,0.1,0.06666666666666667,1.2110669715602709,0.9978858350951374
friday,1,25000,random,GT2,20,0.25,0.3333333333333333,1.2110669715602709,0.9978858350951374
friday,1,100000,dual_gain,GT1,5,0.8,0.26666666666666666,1.1852535902763257,0.9978858350951374
friday,1,100000,dual_gain,GT1,10,0.7,0.4666666666666667,1.1852535902763257,0.9978858350951374
friday,1,100000,dual_gain,GT1,20,0.35,0.4666666666666667,1.1852535902763257,0.9978858350951374
friday,1,100000,dual_gain,GT2,5,0.8,0.26666666666666666,1.1852535902763257,0.9978858350951374
friday,1,100000,dual_gain,GT2,10,0.7,0.4666666666666667,1.1852535902763257,0.9978858350951374
friday,1,100000,dual_gain,GT2,20,0.4,0.5333333333333333,1.1852535902763257,0.9978858350951374
friday,1,100000,dual_abs,GT1,5,0.6,0.2,1.1852535902763257,0.9978858350951374
friday,1,100000,dual_abs,GT1,10,0.5,0.3333333333333333,1.1852535902763257,0.9978858350951374
friday,1,100000,dual_abs,GT1,20,0.5,0.6666666666666666,1.1852535902763257,0.9978858350951374
friday,1,100000,dual_abs,GT2,5,0.6,0.2,1.1852535902763257,0.9978858350951374
friday,1,100000,dual_abs,GT2,10,0.5,0.3333333333333333,1.1852535902763257,0.9978858350951374
friday,1,100000,dual_abs,GT2,20,0.55,0.7333333333333333,1.1852535902763257,0.9978858350951374
friday,1,100000,aux_only,GT1,5,1.0,0.3333333333333333,1.1852535902763257,0.9978858350951374
friday,1,100000,aux_only,GT1,10,0.7,0.4666666666666667,1.1852535902763257,0.9978858350951374
friday,1,100000,aux_only,GT1,20,0.4,0.5333333333333333,1.1852535902763257,0.9978858350951374
friday,1,100000,aux_only,GT2,5,1.0,0.3333333333333333,1.1852535902763257,0.9978858350951374
friday,1,100000,aux_only,GT2,10,0.7,0.4666666666666667,1.1852535902763257,0.9978858350951374
friday,1,100000,aux_only,GT2,20,0.45,0.6,1.1852535902763257,0.9978858350951374
friday,1,100000,main_only,GT1,5,0.2,0.06666666666666667,1.1852535902763257,0.9978858350951374
friday,1,100000,main_only,GT1,10,0.2,0.13333333333333333,1.1852535902763257,0.9978858350951374
friday,1,100000,main_only,GT1,20,0.35,0.4666666666666667,1.1852535902763257,0.9978858350951374
friday,1,100000,main_only,GT2,5,0.2,0.06666666666666667,1.1852535902763257,0.9978858350951374
friday,1,100000,main_only,GT2,10,0.3,0.2,1.1852535902763257,0.9978858350951374
friday,1,100000,main_only,GT2,20,0.4,0.5333333333333333,1.1852535902763257,0.9978858350951374
friday,1,100000,perm_disagree,GT1,5,0.6,0.2,1.1852535902763257,0.9978858350951374
friday,1,100000,perm_disagree,GT1,10,0.5,0.3333333333333333,1.1852535902763257,0.9978858350951374
friday,1,100000,perm_disagree,GT1,20,0.4,0.5333333333333333,1.1852535902763257,0.9978858350951374
friday,1,100000,perm_disagree,GT2,5,0.6,0.2,1.1852535902763257,0.9978858350951374
friday,1,100000,perm_disagree,GT2,10,0.5,0.3333333333333333,1.1852535902763257,0.9978858350951374
friday,1,100000,perm_disagree,GT2,20,0.4,0.5333333333333333,1.1852535902763257,0.9978858350951374
friday,1,100000,random,GT1,5,0.2,0.06666666666666667,1.1852535902763257,0.9978858350951374
friday,1,100000,random,GT1,10,0.2,0.13333333333333333,1.1852535902763257,0.9978858350951374
friday,1,100000,random,GT1,20,0.3,0.4,1.1852535902763257,0.9978858350951374
friday,1,100000,random,GT2,5,0.2,0.06666666666666667,1.1852535902763257,0.9978858350951374
friday,1,100000,random,GT2,10,0.1,0.06666666666666667,1.1852535902763257,0.9978858350951374
friday,1,100000,random,GT2,20,0.25,0.3333333333333333,1.1852535902763257,0.9978858350951374
friday,7,250,dual_gain,GT1,5,1.0,0.3333333333333333,1.149843190709929,0.9989429175475687
friday,7,250,dual_gain,GT1,10,0.6,0.4,1.149843190709929,0.9989429175475687
friday,7,250,dual_gain,GT1,20,0.45,0.6,1.149843190709929,0.9989429175475687
friday,7,250,dual_gain,GT2,5,1.0,0.3333333333333333,1.149843190709929,0.9989429175475687
friday,7,250,dual_gain,GT2,10,0.6,0.4,1.149843190709929,0.9989429175475687
friday,7,250,dual_gain,GT2,20,0.4,0.5333333333333333,1.149843190709929,0.9989429175475687
friday,7,250,dual_abs,GT1,5,1.0,0.3333333333333333,1.149843190709929,0.9989429175475687
friday,7,250,dual_abs,GT1,10,0.5,0.3333333333333333,1.149843190709929,0.9989429175475687
friday,7,250,dual_abs,GT1,20,0.35,0.4666666666666667,1.149843190709929,0.9989429175475687
friday,7,250,dual_abs,GT2,5,1.0,0.3333333333333333,1.149843190709929,0.9989429175475687
friday,7,250,dual_abs,GT2,10,0.5,0.3333333333333333,1.149843190709929,0.9989429175475687
friday,7,250,dual_abs,GT2,20,0.4,0.5333333333333333,1.149843190709929,0.9989429175475687
friday,7,250,aux_only,GT1,5,1.0,0.3333333333333333,1.149843190709929,0.9989429175475687
friday,7,250,aux_only,GT1,10,0.8,0.5333333333333333,1.149843190709929,0.9989429175475687
friday,7,250,aux_only,GT1,20,0.6,0.8,1.149843190709929,0.9989429175475687
friday,7,250,aux_only,GT2,5,1.0,0.3333333333333333,1.149843190709929,0.9989429175475687
friday,7,250,aux_only,GT2,10,0.7,0.4666666666666667,1.149843190709929,0.9989429175475687
friday,7,250,aux_only,GT2,20,0.55,0.7333333333333333,1.149843190709929,0.9989429175475687
friday,7,250,main_only,GT1,5,0.2,0.06666666666666667,1.149843190709929,0.9989429175475687
friday,7,250,main_only,GT1,10,0.2,0.13333333333333333,1.149843190709929,0.9989429175475687
friday,7,250,main_only,GT1,20,0.35,0.4666666666666667,1.149843190709929,0.9989429175475687
friday,7,250,main_only,GT2,5,0.2,0.06666666666666667,1.149843190709929,0.9989429175475687
friday,7,250,main_only,GT2,10,0.3,0.2,1.149843190709929,0.9989429175475687
friday,7,250,main_only,GT2,20,0.4,0.5333333333333333,1.149843190709929,0.9989429175475687
friday,7,250,perm_disagree,GT1,5,1.0,0.3333333333333333,1.149843190709929,0.9989429175475687
friday,7,250,perm_disagree,GT1,10,0.7,0.4666666666666667,1.149843190709929,0.9989429175475687
friday,7,250,perm_disagree,GT1,20,0.4,0.5333333333333333,1.149843190709929,0.9989429175475687
friday,7,250,perm_disagree,GT2,5,1.0,0.3333333333333333,1.149843190709929,0.9989429175475687
friday,7,250,perm_disagree,GT2,10,0.7,0.4666666666666667,1.149843190709929,0.9989429175475687
friday,7,250,perm_disagree,GT2,20,0.4,0.5333333333333333,1.149843190709929,0.9989429175475687
friday,7,250,random,GT1,5,0.0,0.0,1.149843190709929,0.9989429175475687
friday,7,250,random,GT1,10,0.2,0.13333333333333333,1.149843190709929,0.9989429175475687
friday,7,250,random,GT1,20,0.2,0.26666666666666666,1.149843190709929,0.9989429175475687
friday,7,250,random,GT2,5,0.0,0.0,1.149843190709929,0.9989429175475687
friday,7,250,random,GT2,10,0.2,0.13333333333333333,1.149843190709929,0.9989429175475687
friday,7,250,random,GT2,20,0.25,0.3333333333333333,1.149843190709929,0.9989429175475687
friday,7,1000,dual_gain,GT1,5,1.0,0.3333333333333333,1.1685505175365385,0.9978858350951374
friday,7,1000,dual_gain,GT1,10,0.5,0.3333333333333333,1.1685505175365385,0.9978858350951374
friday,7,1000,dual_gain,GT1,20,0.4,0.5333333333333333,1.1685505175365385,0.9978858350951374
friday,7,1000,dual_gain,GT2,5,1.0,0.3333333333333333,1.1685505175365385,0.9978858350951374
friday,7,1000,dual_gain,GT2,10,0.5,0.3333333333333333,1.1685505175365385,0.9978858350951374
friday,7,1000,dual_gain,GT2,20,0.45,0.6,1.1685505175365385,0.9978858350951374
friday,7,1000,dual_abs,GT1,5,0.6,0.2,1.1685505175365385,0.9978858350951374
friday,7,1000,dual_abs,GT1,10,0.5,0.3333333333333333,1.1685505175365385,0.9978858350951374
friday,7,1000,dual_abs,GT1,20,0.35,0.4666666666666667,1.1685505175365385,0.9978858350951374
friday,7,1000,dual_abs,GT2,5,0.6,0.2,1.1685505175365385,0.9978858350951374
friday,7,1000,dual_abs,GT2,10,0.5,0.3333333333333333,1.1685505175365385,0.9978858350951374
friday,7,1000,dual_abs,GT2,20,0.4,0.5333333333333333,1.1685505175365385,0.9978858350951374
friday,7,1000,aux_only,GT1,5,1.0,0.3333333333333333,1.1685505175365385,0.9978858350951374
friday,7,1000,aux_only,GT1,10,0.7,0.4666666666666667,1.1685505175365385,0.9978858350951374
friday,7,1000,aux_only,GT1,20,0.4,0.5333333333333333,1.1685505175365385,0.9978858350951374
friday,7,1000,aux_only,GT2,5,1.0,0.3333333333333333,1.1685505175365385,0.9978858350951374
friday,7,1000,aux_only,GT2,10,0.7,0.4666666666666667,1.1685505175365385,0.9978858350951374
friday,7,1000,aux_only,GT2,20,0.45,0.6,1.1685505175365385,0.9978858350951374
friday,7,1000,main_only,GT1,5,0.2,0.06666666666666667,1.1685505175365385,0.9978858350951374
friday,7,1000,main_only,GT1,10,0.2,0.13333333333333333,1.1685505175365385,0.9978858350951374
friday,7,1000,main_only,GT1,20,0.35,0.4666666666666667,1.1685505175365385,0.9978858350951374
friday,7,1000,main_only,GT2,5,0.2,0.06666666666666667,1.1685505175365385,0.9978858350951374
friday,7,1000,main_only,GT2,10,0.3,0.2,1.1685505175365385,0.9978858350951374
friday,7,1000,main_only,GT2,20,0.4,0.5333333333333333,1.1685505175365385,0.9978858350951374
friday,7,1000,perm_disagree,GT1,5,0.4,0.13333333333333333,1.1685505175365385,0.9978858350951374
friday,7,1000,perm_disagree,GT1,10,0.4,0.26666666666666666,1.1685505175365385,0.9978858350951374
friday,7,1000,perm_disagree,GT1,20,0.4,0.5333333333333333,1.1685505175365385,0.9978858350951374
friday,7,1000,perm_disagree,GT2,5,0.4,0.13333333333333333,1.1685505175365385,0.9978858350951374
friday,7,1000,perm_disagree,GT2,10,0.4,0.26666666666666666,1.1685505175365385,0.9978858350951374
friday,7,1000,perm_disagree,GT2,20,0.4,0.5333333333333333,1.1685505175365385,0.9978858350951374
friday,7,1000,random,GT1,5,0.0,0.0,1.1685505175365385,0.9978858350951374
friday,7,1000,random,GT1,10,0.2,0.13333333333333333,1.1685505175365385,0.9978858350951374
friday,7,1000,random,GT1,20,0.2,0.26666666666666666,1.1685505175365385,0.9978858350951374
friday,7,1000,random,GT2,5,0.0,0.0,1.1685505175365385,0.9978858350951374
friday,7,1000,random,GT2,10,0.2,0.13333333333333333,1.1685505175365385,0.9978858350951374
friday,7,1000,random,GT2,20,0.25,0.3333333333333333,1.1685505175365385,0.9978858350951374
friday,7,5000,dual_gain,GT1,5,1.0,0.3333333333333333,1.1814539745034247,0.9978858350951374
friday,7,5000,dual_gain,GT1,10,0.5,0.3333333333333333,1.1814539745034247,0.9978858350951374
friday,7,5000,dual_gain,GT1,20,0.35,0.4666666666666667,1.1814539745034247,0.9978858350951374
friday,7,5000,dual_gain,GT2,5,1.0,0.3333333333333333,1.1814539745034247,0.9978858350951374
friday,7,5000,dual_gain,GT2,10,0.5,0.3333333333333333,1.1814539745034247,0.9978858350951374
friday,7,5000,dual_gain,GT2,20,0.4,0.5333333333333333,1.1814539745034247,0.9978858350951374
friday,7,5000,dual_abs,GT1,5,0.6,0.2,1.1814539745034247,0.9978858350951374
friday,7,5000,dual_abs,GT1,10,0.5,0.3333333333333333,1.1814539745034247,0.9978858350951374
friday,7,5000,dual_abs,GT1,20,0.35,0.4666666666666667,1.1814539745034247,0.9978858350951374
friday,7,5000,dual_abs,GT2,5,0.6,0.2,1.1814539745034247,0.9978858350951374
friday,7,5000,dual_abs,GT2,10,0.5,0.3333333333333333,1.1814539745034247,0.9978858350951374
friday,7,5000,dual_abs,GT2,20,0.4,0.5333333333333333,1.1814539745034247,0.9978858350951374
friday,7,5000,aux_only,GT1,5,1.0,0.3333333333333333,1.1814539745034247,0.9978858350951374
friday,7,5000,aux_only,GT1,10,0.6,0.4,1.1814539745034247,0.9978858350951374
friday,7,5000,aux_only,GT1,20,0.45,0.6,1.1814539745034247,0.9978858350951374
friday,7,5000,aux_only,GT2,5,1.0,0.3333333333333333,1.1814539745034247,0.9978858350951374
friday,7,5000,aux_only,GT2,10,0.6,0.4,1.1814539745034247,0.9978858350951374
friday,7,5000,aux_only,GT2,20,0.45,0.6,1.1814539745034247,0.9978858350951374
friday,7,5000,main_only,GT1,5,0.2,0.06666666666666667,1.1814539745034247,0.9978858350951374
friday,7,5000,main_only,GT1,10,0.2,0.13333333333333333,1.1814539745034247,0.9978858350951374
friday,7,5000,main_only,GT1,20,0.35,0.4666666666666667,1.1814539745034247,0.9978858350951374
friday,7,5000,main_only,GT2,5,0.2,0.06666666666666667,1.1814539745034247,0.9978858350951374
friday,7,5000,main_only,GT2,10,0.3,0.2,1.1814539745034247,0.9978858350951374
friday,7,5000,main_only,GT2,20,0.4,0.5333333333333333,1.1814539745034247,0.9978858350951374
friday,7,5000,perm_disagree,GT1,5,0.8,0.26666666666666666,1.1814539745034247,0.9978858350951374
friday,7,5000,perm_disagree,GT1,10,0.5,0.3333333333333333,1.1814539745034247,0.9978858350951374
friday,7,5000,perm_disagree,GT1,20,0.35,0.4666666666666667,1.1814539745034247,0.9978858350951374
friday,7,5000,perm_disagree,GT2,5,0.8,0.26666666666666666,1.1814539745034247,0.9978858350951374
friday,7,5000,perm_disagree,GT2,10,0.5,0.3333333333333333,1.1814539745034247,0.9978858350951374
friday,7,5000,perm_disagree,GT2,20,0.35,0.4666666666666667,1.1814539745034247,0.9978858350951374
friday,7,5000,random,GT1,5,0.0,0.0,1.1814539745034247,0.9978858350951374
friday,7,5000,random,GT1,10,0.2,0.13333333333333333,1.1814539745034247,0.9978858350951374
friday,7,5000,random,GT1,20,0.2,0.26666666666666666,1.1814539745034247,0.9978858350951374
friday,7,5000,random,GT2,5,0.0,0.0,1.1814539745034247,0.9978858350951374
friday,7,5000,random,GT2,10,0.2,0.13333333333333333,1.1814539745034247,0.9978858350951374
friday,7,5000,random,GT2,20,0.25,0.3333333333333333,1.1814539745034247,0.9978858350951374
friday,7,25000,dual_gain,GT1,5,1.0,0.3333333333333333,1.1412710602993197,0.9989429175475687
friday,7,25000,dual_gain,GT1,10,0.6,0.4,1.1412710602993197,0.9989429175475687
friday,7,25000,dual_gain,GT1,20,0.35,0.4666666666666667,1.1412710602993197,0.9989429175475687
friday,7,25000,dual_gain,GT2,5,1.0,0.3333333333333333,1.1412710602993197,0.9989429175475687
friday,7,25000,dual_gain,GT2,10,0.6,0.4,1.1412710602993197,0.9989429175475687
friday,7,25000,dual_gain,GT2,20,0.4,0.5333333333333333,1.1412710602993197,0.9989429175475687
friday,7,25000,dual_abs,GT1,5,0.6,0.2,1.1412710602993197,0.9989429175475687
friday,7,25000,dual_abs,GT1,10,0.5,0.3333333333333333,1.1412710602993197,0.9989429175475687
friday,7,25000,dual_abs,GT1,20,0.4,0.5333333333333333,1.1412710602993197,0.9989429175475687
friday,7,25000,dual_abs,GT2,5,0.6,0.2,1.1412710602993197,0.9989429175475687
friday,7,25000,dual_abs,GT2,10,0.5,0.3333333333333333,1.1412710602993197,0.9989429175475687
friday,7,25000,dual_abs,GT2,20,0.45,0.6,1.1412710602993197,0.9989429175475687
friday,7,25000,aux_only,GT1,5,1.0,0.3333333333333333,1.1412710602993197,0.9989429175475687
friday,7,25000,aux_only,GT1,10,0.6,0.4,1.1412710602993197,0.9989429175475687
friday,7,25000,aux_only,GT1,20,0.4,0.5333333333333333,1.1412710602993197,0.9989429175475687
friday,7,25000,aux_only,GT2,5,1.0,0.3333333333333333,1.1412710602993197,0.9989429175475687
friday,7,25000,aux_only,GT2,10,0.6,0.4,1.1412710602993197,0.9989429175475687
friday,7,25000,aux_only,GT2,20,0.45,0.6,1.1412710602993197,0.9989429175475687
friday,7,25000,main_only,GT1,5,0.2,0.06666666666666667,1.1412710602993197,0.9989429175475687
friday,7,25000,main_only,GT1,10,0.2,0.13333333333333333,1.1412710602993197,0.9989429175475687
friday,7,25000,main_only,GT1,20,0.35,0.4666666666666667,1.1412710602993197,0.9989429175475687
friday,7,25000,main_only,GT2,5,0.2,0.06666666666666667,1.1412710602993197,0.9989429175475687
friday,7,25000,main_only,GT2,10,0.3,0.2,1.1412710602993197,0.9989429175475687
friday,7,25000,main_only,GT2,20,0.4,0.5333333333333333,1.1412710602993197,0.9989429175475687
friday,7,25000,perm_disagree,GT1,5,0.6,0.2,1.1412710602993197,0.9989429175475687
friday,7,25000,perm_disagree,GT1,10,0.4,0.26666666666666666,1.1412710602993197,0.9989429175475687
friday,7,25000,perm_disagree,GT1,20,0.35,0.4666666666666667,1.1412710602993197,0.9989429175475687
friday,7,25000,perm_disagree,GT2,5,0.6,0.2,1.1412710602993197,0.9989429175475687
friday,7,25000,perm_disagree,GT2,10,0.4,0.26666666666666666,1.1412710602993197,0.9989429175475687
friday,7,25000,perm_disagree,GT2,20,0.35,0.4666666666666667,1.1412710602993197,0.9989429175475687
friday,7,25000,random,GT1,5,0.0,0.0,1.1412710602993197,0.9989429175475687
friday,7,25000,random,GT1,10,0.2,0.13333333333333333,1.1412710602993197,0.9989429175475687
friday,7,25000,random,GT1,20,0.2,0.26666666666666666,1.1412710602993197,0.9989429175475687
friday,7,25000,random,GT2,5,0.0,0.0,1.1412710602993197,0.9989429175475687
friday,7,25000,random,GT2,10,0.2,0.13333333333333333,1.1412710602993197,0.9989429175475687
friday,7,25000,random,GT2,20,0.25,0.3333333333333333,1.1412710602993197,0.9989429175475687
friday,7,100000,dual_gain,GT1,5,0.8,0.26666666666666666,1.1451216154057702,1.0
friday,7,100000,dual_gain,GT1,10,0.6,0.4,1.1451216154057702,1.0
friday,7,100000,dual_gain,GT1,20,0.35,0.4666666666666667,1.1451216154057702,1.0
friday,7,100000,dual_gain,GT2,5,0.8,0.26666666666666666,1.1451216154057702,1.0
friday,7,100000,dual_gain,GT2,10,0.6,0.4,1.1451216154057702,1.0
friday,7,100000,dual_gain,GT2,20,0.4,0.5333333333333333,1.1451216154057702,1.0
friday,7,100000,dual_abs,GT1,5,0.6,0.2,1.1451216154057702,1.0
friday,7,100000,dual_abs,GT1,10,0.5,0.3333333333333333,1.1451216154057702,1.0
friday,7,100000,dual_abs,GT1,20,0.4,0.5333333333333333,1.1451216154057702,1.0
friday,7,100000,dual_abs,GT2,5,0.6,0.2,1.1451216154057702,1.0
friday,7,100000,dual_abs,GT2,10,0.5,0.3333333333333333,1.1451216154057702,1.0
friday,7,100000,dual_abs,GT2,20,0.45,0.6,1.1451216154057702,1.0
friday,7,100000,aux_only,GT1,5,1.0,0.3333333333333333,1.1451216154057702,1.0
friday,7,100000,aux_only,GT1,10,0.6,0.4,1.1451216154057702,1.0
friday,7,100000,aux_only,GT1,20,0.35,0.4666666666666667,1.1451216154057702,1.0
friday,7,100000,aux_only,GT2,5,1.0,0.3333333333333333,1.1451216154057702,1.0
friday,7,100000,aux_only,GT2,10,0.6,0.4,1.1451216154057702,1.0
friday,7,100000,aux_only,GT2,20,0.4,0.5333333333333333,1.1451216154057702,1.0
friday,7,100000,main_only,GT1,5,0.2,0.06666666666666667,1.1451216154057702,1.0
friday,7,100000,main_only,GT1,10,0.2,0.13333333333333333,1.1451216154057702,1.0
friday,7,100000,main_only,GT1,20,0.35,0.4666666666666667,1.1451216154057702,1.0
friday,7,100000,main_only,GT2,5,0.2,0.06666666666666667,1.1451216154057702,1.0
friday,7,100000,main_only,GT2,10,0.3,0.2,1.1451216154057702,1.0
friday,7,100000,main_only,GT2,20,0.4,0.5333333333333333,1.1451216154057702,1.0
friday,7,100000,perm_disagree,GT1,5,0.4,0.13333333333333333,1.1451216154057702,1.0
friday,7,100000,perm_disagree,GT1,10,0.4,0.26666666666666666,1.1451216154057702,1.0
friday,7,100000,perm_disagree,GT1,20,0.35,0.4666666666666667,1.1451216154057702,1.0
friday,7,100000,perm_disagree,GT2,5,0.4,0.13333333333333333,1.1451216154057702,1.0
friday,7,100000,perm_disagree,GT2,10,0.4,0.26666666666666666,1.1451216154057702,1.0
friday,7,100000,perm_disagree,GT2,20,0.35,0.4666666666666667,1.1451216154057702,1.0
friday,7,100000,random,GT1,5,0.0,0.0,1.1451216154057702,1.0
friday,7,100000,random,GT1,10,0.2,0.13333333333333333,1.1451216154057702,1.0
friday,7,100000,random,GT1,20,0.2,0.26666666666666666,1.1451216154057702,1.0
friday,7,100000,random,GT2,5,0.0,0.0,1.1451216154057702,1.0
friday,7,100000,random,GT2,10,0.2,0.13333333333333333,1.1451216154057702,1.0
friday,7,100000,random,GT2,20,0.25,0.3333333333333333,1.1451216154057702,1.0
