dataset,arm,q,model,seed,method,precision,chance,ks_max,domain_acc
cicids2017,covariate,0.1,rf,42,ks,1.0,0.12345679012345678,0.1065,0.5416666666666666
cicids2017,covariate,0.1,rf,42,cond_ks,0.2,0.12345679012345678,0.1065,0.5416666666666666
cicids2017,covariate,0.1,rf,42,random,0.1,0.12345679012345678,0.1065,0.5416666666666666
cicids2017,covariate,0.1,rf,42,domain_shap,0.9,0.12345679012345678,0.1065,0.5416666666666666
cicids2017,covariate,0.1,rf,42,perm_domain,0.4,0.12345679012345678,0.1065,0.5416666666666666
cicids2017,covariate,0.1,rf,42,aux_shap,0.1,0.12345679012345678,0.1065,0.5416666666666666
cicids2017,covariate,0.1,rf,42,dual,0.3,0.12345679012345678,0.1065,0.5416666666666666
cicids2017,covariate,0.1,xgb,42,ks,1.0,0.12345679012345678,0.1065,0.5158333333333334
cicids2017,covariate,0.1,xgb,42,cond_ks,0.2,0.12345679012345678,0.1065,0.5158333333333334
cicids2017,covariate,0.1,xgb,42,random,0.1,0.12345679012345678,0.1065,0.5158333333333334
cicids2017,covariate,0.1,xgb,42,domain_shap,0.6,0.12345679012345678,0.1065,0.5158333333333334
cicids2017,covariate,0.1,xgb,42,perm_domain,0.1,0.12345679012345678,0.1065,0.5158333333333334
cicids2017,covariate,0.1,xgb,42,aux_shap,0.0,0.12345679012345678,0.1065,0.5158333333333334
cicids2017,covariate,0.1,xgb,42,dual,0.1,0.12345679012345678,0.1065,0.5158333333333334
cicids2017,covariate,0.1,mlp,42,ks,1.0,0.12345679012345678,0.1065,0.5308333333333334
cicids2017,covariate,0.1,mlp,42,cond_ks,0.2,0.12345679012345678,0.1065,0.5308333333333334
cicids2017,covariate,0.1,mlp,42,random,0.1,0.12345679012345678,0.1065,0.5308333333333334
cicids2017,covariate,0.1,mlp,42,domain_shap,0.7,0.12345679012345678,0.1065,0.5308333333333334
cicids2017,covariate,0.1,mlp,42,perm_domain,0.0,0.12345679012345678,0.1065,0.5308333333333334
cicids2017,covariate,0.1,mlp,42,aux_shap,0.2,0.12345679012345678,0.1065,0.5308333333333334
cicids2017,covariate,0.1,mlp,42,dual,0.4,0.12345679012345678,0.1065,0.5308333333333334
cicids2017,covariate,0.1,rf,1,ks,1.0,0.12345679012345678,0.10125,0.525
cicids2017,covariate,0.1,rf,1,cond_ks,0.0,0.12345679012345678,0.10125,0.525
cicids2017,covariate,0.1,rf,1,random,0.0,0.12345679012345678,0.10125,0.525
cicids2017,covariate,0.1,rf,1,domain_shap,0.8,0.12345679012345678,0.10125,0.525
cicids2017,covariate,0.1,rf,1,perm_domain,0.2,0.12345679012345678,0.10125,0.525
cicids2017,covariate,0.1,rf,1,aux_shap,0.1,0.12345679012345678,0.10125,0.525
cicids2017,covariate,0.1,rf,1,dual,0.2,0.12345679012345678,0.10125,0.525
cicids2017,covariate,0.1,xgb,1,ks,1.0,0.12345679012345678,0.10125,0.5204166666666666
cicids2017,covariate,0.1,xgb,1,cond_ks,0.0,0.12345679012345678,0.10125,0.5204166666666666
cicids2017,covariate,0.1,xgb,1,random,0.0,0.12345679012345678,0.10125,0.5204166666666666
cicids2017,covariate,0.1,xgb,1,domain_shap,0.4,0.12345679012345678,0.10125,0.5204166666666666
cicids2017,covariate,0.1,xgb,1,perm_domain,0.2,0.12345679012345678,0.10125,0.5204166666666666
cicids2017,covariate,0.1,xgb,1,aux_shap,0.1,0.12345679012345678,0.10125,0.5204166666666666
cicids2017,covariate,0.1,xgb,1,dual,0.1,0.12345679012345678,0.10125,0.5204166666666666
cicids2017,covariate,0.1,mlp,1,ks,1.0,0.12345679012345678,0.10125,0.5195833333333333
cicids2017,covariate,0.1,mlp,1,cond_ks,0.0,0.12345679012345678,0.10125,0.5195833333333333
cicids2017,covariate,0.1,mlp,1,random,0.0,0.12345679012345678,0.10125,0.5195833333333333
cicids2017,covariate,0.1,mlp,1,domain_shap,0.8,0.12345679012345678,0.10125,0.5195833333333333
cicids2017,covariate,0.1,mlp,1,perm_domain,0.4,0.12345679012345678,0.10125,0.5195833333333333
cicids2017,covariate,0.1,mlp,1,aux_shap,0.3,0.12345679012345678,0.10125,0.5195833333333333
cicids2017,covariate,0.1,mlp,1,dual,0.4,0.12345679012345678,0.10125,0.5195833333333333
cicids2017,covariate,0.1,rf,7,ks,1.0,0.12345679012345678,0.1025,0.5145833333333333
cicids2017,covariate,0.1,rf,7,cond_ks,0.2,0.12345679012345678,0.1025,0.5145833333333333
cicids2017,covariate,0.1,rf,7,random,0.1,0.12345679012345678,0.1025,0.5145833333333333
cicids2017,covariate,0.1,rf,7,domain_shap,0.9,0.12345679012345678,0.1025,0.5145833333333333
cicids2017,covariate,0.1,rf,7,perm_domain,0.2,0.12345679012345678,0.1025,0.5145833333333333
cicids2017,covariate,0.1,rf,7,aux_shap,0.0,0.12345679012345678,0.1025,0.5145833333333333
cicids2017,covariate,0.1,rf,7,dual,0.2,0.12345679012345678,0.1025,0.5145833333333333
cicids2017,covariate,0.1,xgb,7,ks,1.0,0.12345679012345678,0.1025,0.5241666666666667
cicids2017,covariate,0.1,xgb,7,cond_ks,0.2,0.12345679012345678,0.1025,0.5241666666666667
cicids2017,covariate,0.1,xgb,7,random,0.1,0.12345679012345678,0.1025,0.5241666666666667
cicids2017,covariate,0.1,xgb,7,domain_shap,0.5,0.12345679012345678,0.1025,0.5241666666666667
cicids2017,covariate,0.1,xgb,7,perm_domain,0.2,0.12345679012345678,0.1025,0.5241666666666667
cicids2017,covariate,0.1,xgb,7,aux_shap,0.0,0.12345679012345678,0.1025,0.5241666666666667
cicids2017,covariate,0.1,xgb,7,dual,0.1,0.12345679012345678,0.1025,0.5241666666666667
cicids2017,covariate,0.1,mlp,7,ks,1.0,0.12345679012345678,0.1025,0.52625
cicids2017,covariate,0.1,mlp,7,cond_ks,0.2,0.12345679012345678,0.1025,0.52625
cicids2017,covariate,0.1,mlp,7,random,0.1,0.12345679012345678,0.1025,0.52625
cicids2017,covariate,0.1,mlp,7,domain_shap,0.8,0.12345679012345678,0.1025,0.52625
cicids2017,covariate,0.1,mlp,7,perm_domain,0.1,0.12345679012345678,0.1025,0.52625
cicids2017,covariate,0.1,mlp,7,aux_shap,0.1,0.12345679012345678,0.1025,0.52625
cicids2017,covariate,0.1,mlp,7,dual,0.1,0.12345679012345678,0.1025,0.52625
cicids2017,covariate,0.1,rf,13,ks,1.0,0.12345679012345678,0.10875,0.54125
cicids2017,covariate,0.1,rf,13,cond_ks,0.2,0.12345679012345678,0.10875,0.54125
cicids2017,covariate,0.1,rf,13,random,0.1,0.12345679012345678,0.10875,0.54125
cicids2017,covariate,0.1,rf,13,domain_shap,0.8,0.12345679012345678,0.10875,0.54125
cicids2017,covariate,0.1,rf,13,perm_domain,0.1,0.12345679012345678,0.10875,0.54125
cicids2017,covariate,0.1,rf,13,aux_shap,0.0,0.12345679012345678,0.10875,0.54125
cicids2017,covariate,0.1,rf,13,dual,0.3,0.12345679012345678,0.10875,0.54125
cicids2017,covariate,0.1,xgb,13,ks,1.0,0.12345679012345678,0.10875,0.5425
cicids2017,covariate,0.1,xgb,13,cond_ks,0.2,0.12345679012345678,0.10875,0.5425
cicids2017,covariate,0.1,xgb,13,random,0.1,0.12345679012345678,0.10875,0.5425
cicids2017,covariate,0.1,xgb,13,domain_shap,0.3,0.12345679012345678,0.10875,0.5425
cicids2017,covariate,0.1,xgb,13,perm_domain,0.2,0.12345679012345678,0.10875,0.5425
cicids2017,covariate,0.1,xgb,13,aux_shap,0.0,0.12345679012345678,0.10875,0.5425
cicids2017,covariate,0.1,xgb,13,dual,0.1,0.12345679012345678,0.10875,0.5425
cicids2017,covariate,0.1,mlp,13,ks,1.0,0.12345679012345678,0.10875,0.5395833333333333
cicids2017,covariate,0.1,mlp,13,cond_ks,0.2,0.12345679012345678,0.10875,0.5395833333333333
cicids2017,covariate,0.1,mlp,13,random,0.1,0.12345679012345678,0.10875,0.5395833333333333
cicids2017,covariate,0.1,mlp,13,domain_shap,0.5,0.12345679012345678,0.10875,0.5395833333333333
cicids2017,covariate,0.1,mlp,13,perm_domain,0.2,0.12345679012345678,0.10875,0.5395833333333333
cicids2017,covariate,0.1,mlp,13,aux_shap,0.1,0.12345679012345678,0.10875,0.5395833333333333
cicids2017,covariate,0.1,mlp,13,dual,0.0,0.12345679012345678,0.10875,0.5395833333333333
cicids2017,covariate,0.1,rf,99,ks,1.0,0.12345679012345678,0.107,0.53625
cicids2017,covariate,0.1,rf,99,cond_ks,0.4,0.12345679012345678,0.107,0.53625
cicids2017,covariate,0.1,rf,99,random,0.0,0.12345679012345678,0.107,0.53625
cicids2017,covariate,0.1,rf,99,domain_shap,0.9,0.12345679012345678,0.107,0.53625
cicids2017,covariate,0.1,rf,99,perm_domain,0.1,0.12345679012345678,0.107,0.53625
cicids2017,covariate,0.1,rf,99,aux_shap,0.1,0.12345679012345678,0.107,0.53625
cicids2017,covariate,0.1,rf,99,dual,0.3,0.12345679012345678,0.107,0.53625
cicids2017,covariate,0.1,xgb,99,ks,1.0,0.12345679012345678,0.107,0.52875
cicids2017,covariate,0.1,xgb,99,cond_ks,0.4,0.12345679012345678,0.107,0.52875
cicids2017,covariate,0.1,xgb,99,random,0.0,0.12345679012345678,0.107,0.52875
cicids2017,covariate,0.1,xgb,99,domain_shap,0.4,0.12345679012345678,0.107,0.52875
cicids2017,covariate,0.1,xgb,99,perm_domain,0.2,0.12345679012345678,0.107,0.52875
cicids2017,covariate,0.1,xgb,99,aux_shap,0.0,0.12345679012345678,0.107,0.52875
cicids2017,covariate,0.1,xgb,99,dual,0.3,0.12345679012345678,0.107,0.52875
cicids2017,covariate,0.1,mlp,99,ks,1.0,0.12345679012345678,0.107,0.5233333333333333
cicids2017,covariate,0.1,mlp,99,cond_ks,0.4,0.12345679012345678,0.107,0.5233333333333333
cicids2017,covariate,0.1,mlp,99,random,0.0,0.12345679012345678,0.107,0.5233333333333333
cicids2017,covariate,0.1,mlp,99,domain_shap,0.7,0.12345679012345678,0.107,0.5233333333333333
cicids2017,covariate,0.1,mlp,99,perm_domain,0.1,0.12345679012345678,0.107,0.5233333333333333
cicids2017,covariate,0.1,mlp,99,aux_shap,0.1,0.12345679012345678,0.107,0.5233333333333333
cicids2017,covariate,0.1,mlp,99,dual,0.0,0.12345679012345678,0.107,0.5233333333333333
cicids2017,covariate,0.25,rf,42,ks,1.0,0.12345679012345678,0.24675,0.6104166666666667
cicids2017,covariate,0.25,rf,42,cond_ks,0.4,0.12345679012345678,0.24675,0.6104166666666667
cicids2017,covariate,0.25,rf,42,random,0.1,0.12345679012345678,0.24675,0.6104166666666667
cicids2017,covariate,0.25,rf,42,domain_shap,1.0,0.12345679012345678,0.24675,0.6104166666666667
cicids2017,covariate,0.25,rf,42,perm_domain,0.3,0.12345679012345678,0.24675,0.6104166666666667
cicids2017,covariate,0.25,rf,42,aux_shap,0.0,0.12345679012345678,0.24675,0.6104166666666667
cicids2017,covariate,0.25,rf,42,dual,0.3,0.12345679012345678,0.24675,0.6104166666666667
cicids2017,covariate,0.25,xgb,42,ks,1.0,0.12345679012345678,0.24675,0.5858333333333333
cicids2017,covariate,0.25,xgb,42,cond_ks,0.4,0.12345679012345678,0.24675,0.5858333333333333
cicids2017,covariate,0.25,xgb,42,random,0.1,0.12345679012345678,0.24675,0.5858333333333333
cicids2017,covariate,0.25,xgb,42,domain_shap,0.7,0.12345679012345678,0.24675,0.5858333333333333
cicids2017,covariate,0.25,xgb,42,perm_domain,0.2,0.12345679012345678,0.24675,0.5858333333333333
cicids2017,covariate,0.25,xgb,42,aux_shap,0.0,0.12345679012345678,0.24675,0.5858333333333333
cicids2017,covariate,0.25,xgb,42,dual,0.2,0.12345679012345678,0.24675,0.5858333333333333
cicids2017,covariate,0.25,mlp,42,ks,1.0,0.12345679012345678,0.24675,0.615
cicids2017,covariate,0.25,mlp,42,cond_ks,0.4,0.12345679012345678,0.24675,0.615
cicids2017,covariate,0.25,mlp,42,random,0.1,0.12345679012345678,0.24675,0.615
cicids2017,covariate,0.25,mlp,42,domain_shap,0.7,0.12345679012345678,0.24675,0.615
cicids2017,covariate,0.25,mlp,42,perm_domain,0.6,0.12345679012345678,0.24675,0.615
cicids2017,covariate,0.25,mlp,42,aux_shap,0.2,0.12345679012345678,0.24675,0.615
cicids2017,covariate,0.25,mlp,42,dual,0.7,0.12345679012345678,0.24675,0.615
cicids2017,covariate,0.25,rf,1,ks,1.0,0.12345679012345678,0.24175,0.58875
cicids2017,covariate,0.25,rf,1,cond_ks,0.4,0.12345679012345678,0.24175,0.58875
cicids2017,covariate,0.25,rf,1,random,0.0,0.12345679012345678,0.24175,0.58875
cicids2017,covariate,0.25,rf,1,domain_shap,0.9,0.12345679012345678,0.24175,0.58875
cicids2017,covariate,0.25,rf,1,perm_domain,0.5,0.12345679012345678,0.24175,0.58875
cicids2017,covariate,0.25,rf,1,aux_shap,0.0,0.12345679012345678,0.24175,0.58875
cicids2017,covariate,0.25,rf,1,dual,0.4,0.12345679012345678,0.24175,0.58875
cicids2017,covariate,0.25,xgb,1,ks,1.0,0.12345679012345678,0.24175,0.5770833333333333
cicids2017,covariate,0.25,xgb,1,cond_ks,0.4,0.12345679012345678,0.24175,0.5770833333333333
cicids2017,covariate,0.25,xgb,1,random,0.0,0.12345679012345678,0.24175,0.5770833333333333
cicids2017,covariate,0.25,xgb,1,domain_shap,0.4,0.12345679012345678,0.24175,0.5770833333333333
cicids2017,covariate,0.25,xgb,1,perm_domain,0.3,0.12345679012345678,0.24175,0.5770833333333333
cicids2017,covariate,0.25,xgb,1,aux_shap,0.0,0.12345679012345678,0.24175,0.5770833333333333
cicids2017,covariate,0.25,xgb,1,dual,0.1,0.12345679012345678,0.24175,0.5770833333333333
cicids2017,covariate,0.25,mlp,1,ks,1.0,0.12345679012345678,0.24175,0.61375
cicids2017,covariate,0.25,mlp,1,cond_ks,0.4,0.12345679012345678,0.24175,0.61375
cicids2017,covariate,0.25,mlp,1,random,0.0,0.12345679012345678,0.24175,0.61375
cicids2017,covariate,0.25,mlp,1,domain_shap,0.9,0.12345679012345678,0.24175,0.61375
cicids2017,covariate,0.25,mlp,1,perm_domain,0.8,0.12345679012345678,0.24175,0.61375
cicids2017,covariate,0.25,mlp,1,aux_shap,0.3,0.12345679012345678,0.24175,0.61375
cicids2017,covariate,0.25,mlp,1,dual,0.3,0.12345679012345678,0.24175,0.61375
cicids2017,covariate,0.25,rf,7,ks,1.0,0.12345679012345678,0.246,0.6045833333333334
cicids2017,covariate,0.25,rf,7,cond_ks,0.5,0.12345679012345678,0.246,0.6045833333333334
cicids2017,covariate,0.25,rf,7,random,0.1,0.12345679012345678,0.246,0.6045833333333334
cicids2017,covariate,0.25,rf,7,domain_shap,1.0,0.12345679012345678,0.246,0.6045833333333334
cicids2017,covariate,0.25,rf,7,perm_domain,0.2,0.12345679012345678,0.246,0.6045833333333334
cicids2017,covariate,0.25,rf,7,aux_shap,0.0,0.12345679012345678,0.246,0.6045833333333334
cicids2017,covariate,0.25,rf,7,dual,0.2,0.12345679012345678,0.246,0.6045833333333334
cicids2017,covariate,0.25,xgb,7,ks,1.0,0.12345679012345678,0.246,0.5741666666666667
cicids2017,covariate,0.25,xgb,7,cond_ks,0.5,0.12345679012345678,0.246,0.5741666666666667
cicids2017,covariate,0.25,xgb,7,random,0.1,0.12345679012345678,0.246,0.5741666666666667
cicids2017,covariate,0.25,xgb,7,domain_shap,0.6,0.12345679012345678,0.246,0.5741666666666667
cicids2017,covariate,0.25,xgb,7,perm_domain,0.0,0.12345679012345678,0.246,0.5741666666666667
cicids2017,covariate,0.25,xgb,7,aux_shap,0.0,0.12345679012345678,0.246,0.5741666666666667
cicids2017,covariate,0.25,xgb,7,dual,0.2,0.12345679012345678,0.246,0.5741666666666667
cicids2017,covariate,0.25,mlp,7,ks,1.0,0.12345679012345678,0.246,0.5995833333333334
cicids2017,covariate,0.25,mlp,7,cond_ks,0.5,0.12345679012345678,0.246,0.5995833333333334
cicids2017,covariate,0.25,mlp,7,random,0.1,0.12345679012345678,0.246,0.5995833333333334
cicids2017,covariate,0.25,mlp,7,domain_shap,0.7,0.12345679012345678,0.246,0.5995833333333334
cicids2017,covariate,0.25,mlp,7,perm_domain,0.1,0.12345679012345678,0.246,0.5995833333333334
cicids2017,covariate,0.25,mlp,7,aux_shap,0.1,0.12345679012345678,0.246,0.5995833333333334
cicids2017,covariate,0.25,mlp,7,dual,0.1,0.12345679012345678,0.246,0.5995833333333334
cicids2017,covariate,0.25,rf,13,ks,1.0,0.12345679012345678,0.259,0.6141666666666666
cicids2017,covariate,0.25,rf,13,cond_ks,0.3,0.12345679012345678,0.259,0.6141666666666666
cicids2017,covariate,0.25,rf,13,random,0.1,0.12345679012345678,0.259,0.6141666666666666
cicids2017,covariate,0.25,rf,13,domain_shap,0.9,0.12345679012345678,0.259,0.6141666666666666
cicids2017,covariate,0.25,rf,13,perm_domain,0.2,0.12345679012345678,0.259,0.6141666666666666
cicids2017,covariate,0.25,rf,13,aux_shap,0.0,0.12345679012345678,0.259,0.6141666666666666
cicids2017,covariate,0.25,rf,13,dual,0.4,0.12345679012345678,0.259,0.6141666666666666
cicids2017,covariate,0.25,xgb,13,ks,1.0,0.12345679012345678,0.259,0.5795833333333333
cicids2017,covariate,0.25,xgb,13,cond_ks,0.3,0.12345679012345678,0.259,0.5795833333333333
cicids2017,covariate,0.25,xgb,13,random,0.1,0.12345679012345678,0.259,0.5795833333333333
cicids2017,covariate,0.25,xgb,13,domain_shap,0.4,0.12345679012345678,0.259,0.5795833333333333
cicids2017,covariate,0.25,xgb,13,perm_domain,0.4,0.12345679012345678,0.259,0.5795833333333333
cicids2017,covariate,0.25,xgb,13,aux_shap,0.0,0.12345679012345678,0.259,0.5795833333333333
cicids2017,covariate,0.25,xgb,13,dual,0.1,0.12345679012345678,0.259,0.5795833333333333
cicids2017,covariate,0.25,mlp,13,ks,1.0,0.12345679012345678,0.259,0.6008333333333333
cicids2017,covariate,0.25,mlp,13,cond_ks,0.3,0.12345679012345678,0.259,0.6008333333333333
cicids2017,covariate,0.25,mlp,13,random,0.1,0.12345679012345678,0.259,0.6008333333333333
cicids2017,covariate,0.25,mlp,13,domain_shap,0.8,0.12345679012345678,0.259,0.6008333333333333
cicids2017,covariate,0.25,mlp,13,perm_domain,0.5,0.12345679012345678,0.259,0.6008333333333333
cicids2017,covariate,0.25,mlp,13,aux_shap,0.1,0.12345679012345678,0.259,0.6008333333333333
cicids2017,covariate,0.25,mlp,13,dual,0.1,0.12345679012345678,0.259,0.6008333333333333
cicids2017,covariate,0.25,rf,99,ks,1.0,0.12345679012345678,0.249,0.6054166666666667
cicids2017,covariate,0.25,rf,99,cond_ks,0.5,0.12345679012345678,0.249,0.6054166666666667
cicids2017,covariate,0.25,rf,99,random,0.0,0.12345679012345678,0.249,0.6054166666666667
cicids2017,covariate,0.25,rf,99,domain_shap,1.0,0.12345679012345678,0.249,0.6054166666666667
cicids2017,covariate,0.25,rf,99,perm_domain,0.0,0.12345679012345678,0.249,0.6054166666666667
cicids2017,covariate,0.25,rf,99,aux_shap,0.0,0.12345679012345678,0.249,0.6054166666666667
cicids2017,covariate,0.25,rf,99,dual,0.2,0.12345679012345678,0.249,0.6054166666666667
cicids2017,covariate,0.25,xgb,99,ks,1.0,0.12345679012345678,0.249,0.5908333333333333
cicids2017,covariate,0.25,xgb,99,cond_ks,0.5,0.12345679012345678,0.249,0.5908333333333333
cicids2017,covariate,0.25,xgb,99,random,0.0,0.12345679012345678,0.249,0.5908333333333333
cicids2017,covariate,0.25,xgb,99,domain_shap,0.5,0.12345679012345678,0.249,0.5908333333333333
cicids2017,covariate,0.25,xgb,99,perm_domain,0.3,0.12345679012345678,0.249,0.5908333333333333
cicids2017,covariate,0.25,xgb,99,aux_shap,0.0,0.12345679012345678,0.249,0.5908333333333333
cicids2017,covariate,0.25,xgb,99,dual,0.2,0.12345679012345678,0.249,0.5908333333333333
cicids2017,covariate,0.25,mlp,99,ks,1.0,0.12345679012345678,0.249,0.6075
cicids2017,covariate,0.25,mlp,99,cond_ks,0.5,0.12345679012345678,0.249,0.6075
cicids2017,covariate,0.25,mlp,99,random,0.0,0.12345679012345678,0.249,0.6075
cicids2017,covariate,0.25,mlp,99,domain_shap,0.8,0.12345679012345678,0.249,0.6075
cicids2017,covariate,0.25,mlp,99,perm_domain,0.6,0.12345679012345678,0.249,0.6075
cicids2017,covariate,0.25,mlp,99,aux_shap,0.0,0.12345679012345678,0.249,0.6075
cicids2017,covariate,0.25,mlp,99,dual,0.3,0.12345679012345678,0.249,0.6075
cicids2017,covariate,0.5,rf,42,ks,1.0,0.12345679012345678,0.48475,0.7316666666666667
cicids2017,covariate,0.5,rf,42,cond_ks,0.5,0.12345679012345678,0.48475,0.7316666666666667
cicids2017,covariate,0.5,rf,42,random,0.1,0.12345679012345678,0.48475,0.7316666666666667
cicids2017,covariate,0.5,rf,42,domain_shap,1.0,0.12345679012345678,0.48475,0.7316666666666667
cicids2017,covariate,0.5,rf,42,perm_domain,0.4,0.12345679012345678,0.48475,0.7316666666666667
cicids2017,covariate,0.5,rf,42,aux_shap,0.0,0.12345679012345678,0.48475,0.7316666666666667
cicids2017,covariate,0.5,rf,42,dual,0.4,0.12345679012345678,0.48475,0.7316666666666667
cicids2017,covariate,0.5,xgb,42,ks,1.0,0.12345679012345678,0.48475,0.7008333333333333
cicids2017,covariate,0.5,xgb,42,cond_ks,0.5,0.12345679012345678,0.48475,0.7008333333333333
cicids2017,covariate,0.5,xgb,42,random,0.1,0.12345679012345678,0.48475,0.7008333333333333
cicids2017,covariate,0.5,xgb,42,domain_shap,0.7,0.12345679012345678,0.48475,0.7008333333333333
cicids2017,covariate,0.5,xgb,42,perm_domain,0.7,0.12345679012345678,0.48475,0.7008333333333333
cicids2017,covariate,0.5,xgb,42,aux_shap,0.0,0.12345679012345678,0.48475,0.7008333333333333
cicids2017,covariate,0.5,xgb,42,dual,0.2,0.12345679012345678,0.48475,0.7008333333333333
cicids2017,covariate,0.5,mlp,42,ks,1.0,0.12345679012345678,0.48475,0.7258333333333333
cicids2017,covariate,0.5,mlp,42,cond_ks,0.5,0.12345679012345678,0.48475,0.7258333333333333
cicids2017,covariate,0.5,mlp,42,random,0.1,0.12345679012345678,0.48475,0.7258333333333333
cicids2017,covariate,0.5,mlp,42,domain_shap,0.8,0.12345679012345678,0.48475,0.7258333333333333
cicids2017,covariate,0.5,mlp,42,perm_domain,0.8,0.12345679012345678,0.48475,0.7258333333333333
cicids2017,covariate,0.5,mlp,42,aux_shap,0.1,0.12345679012345678,0.48475,0.7258333333333333
cicids2017,covariate,0.5,mlp,42,dual,0.6,0.12345679012345678,0.48475,0.7258333333333333
cicids2017,covariate,0.5,rf,1,ks,1.0,0.12345679012345678,0.4985,0.7416666666666667
cicids2017,covariate,0.5,rf,1,cond_ks,0.5,0.12345679012345678,0.4985,0.7416666666666667
cicids2017,covariate,0.5,rf,1,random,0.0,0.12345679012345678,0.4985,0.7416666666666667
cicids2017,covariate,0.5,rf,1,domain_shap,1.0,0.12345679012345678,0.4985,0.7416666666666667
cicids2017,covariate,0.5,rf,1,perm_domain,0.5,0.12345679012345678,0.4985,0.7416666666666667
cicids2017,covariate,0.5,rf,1,aux_shap,0.0,0.12345679012345678,0.4985,0.7416666666666667
cicids2017,covariate,0.5,rf,1,dual,0.4,0.12345679012345678,0.4985,0.7416666666666667
cicids2017,covariate,0.5,xgb,1,ks,1.0,0.12345679012345678,0.4985,0.7083333333333334
cicids2017,covariate,0.5,xgb,1,cond_ks,0.5,0.12345679012345678,0.4985,0.7083333333333334
cicids2017,covariate,0.5,xgb,1,random,0.0,0.12345679012345678,0.4985,0.7083333333333334
cicids2017,covariate,0.5,xgb,1,domain_shap,0.5,0.12345679012345678,0.4985,0.7083333333333334
cicids2017,covariate,0.5,xgb,1,perm_domain,0.4,0.12345679012345678,0.4985,0.7083333333333334
cicids2017,covariate,0.5,xgb,1,aux_shap,0.0,0.12345679012345678,0.4985,0.7083333333333334
cicids2017,covariate,0.5,xgb,1,dual,0.2,0.12345679012345678,0.4985,0.7083333333333334
cicids2017,covariate,0.5,mlp,1,ks,1.0,0.12345679012345678,0.4985,0.75
cicids2017,covariate,0.5,mlp,1,cond_ks,0.5,0.12345679012345678,0.4985,0.75
cicids2017,covariate,0.5,mlp,1,random,0.0,0.12345679012345678,0.4985,0.75
cicids2017,covariate,0.5,mlp,1,domain_shap,0.9,0.12345679012345678,0.4985,0.75
cicids2017,covariate,0.5,mlp,1,perm_domain,0.8,0.12345679012345678,0.4985,0.75
cicids2017,covariate,0.5,mlp,1,aux_shap,0.3,0.12345679012345678,0.4985,0.75
cicids2017,covariate,0.5,mlp,1,dual,0.3,0.12345679012345678,0.4985,0.75
cicids2017,covariate,0.5,rf,7,ks,1.0,0.12345679012345678,0.49475,0.735
cicids2017,covariate,0.5,rf,7,cond_ks,0.6,0.12345679012345678,0.49475,0.735
cicids2017,covariate,0.5,rf,7,random,0.1,0.12345679012345678,0.49475,0.735
cicids2017,covariate,0.5,rf,7,domain_shap,1.0,0.12345679012345678,0.49475,0.735
cicids2017,covariate,0.5,rf,7,perm_domain,0.3,0.12345679012345678,0.49475,0.735
cicids2017,covariate,0.5,rf,7,aux_shap,0.0,0.12345679012345678,0.49475,0.735
cicids2017,covariate,0.5,rf,7,dual,0.4,0.12345679012345678,0.49475,0.735
cicids2017,covariate,0.5,xgb,7,ks,1.0,0.12345679012345678,0.49475,0.7020833333333333
cicids2017,covariate,0.5,xgb,7,cond_ks,0.6,0.12345679012345678,0.49475,0.7020833333333333
cicids2017,covariate,0.5,xgb,7,random,0.1,0.12345679012345678,0.49475,0.7020833333333333
cicids2017,covariate,0.5,xgb,7,domain_shap,0.6,0.12345679012345678,0.49475,0.7020833333333333
cicids2017,covariate,0.5,xgb,7,perm_domain,0.4,0.12345679012345678,0.49475,0.7020833333333333
cicids2017,covariate,0.5,xgb,7,aux_shap,0.0,0.12345679012345678,0.49475,0.7020833333333333
cicids2017,covariate,0.5,xgb,7,dual,0.2,0.12345679012345678,0.49475,0.7020833333333333
cicids2017,covariate,0.5,mlp,7,ks,1.0,0.12345679012345678,0.49475,0.73625
cicids2017,covariate,0.5,mlp,7,cond_ks,0.6,0.12345679012345678,0.49475,0.73625
cicids2017,covariate,0.5,mlp,7,random,0.1,0.12345679012345678,0.49475,0.73625
cicids2017,covariate,0.5,mlp,7,domain_shap,0.9,0.12345679012345678,0.49475,0.73625
cicids2017,covariate,0.5,mlp,7,perm_domain,0.8,0.12345679012345678,0.49475,0.73625
cicids2017,covariate,0.5,mlp,7,aux_shap,0.1,0.12345679012345678,0.49475,0.73625
cicids2017,covariate,0.5,mlp,7,dual,0.3,0.12345679012345678,0.49475,0.73625
cicids2017,covariate,0.5,rf,13,ks,1.0,0.12345679012345678,0.50425,0.7529166666666667
cicids2017,covariate,0.5,rf,13,cond_ks,0.4,0.12345679012345678,0.50425,0.7529166666666667
cicids2017,covariate,0.5,rf,13,random,0.1,0.12345679012345678,0.50425,0.7529166666666667
cicids2017,covariate,0.5,rf,13,domain_shap,1.0,0.12345679012345678,0.50425,0.7529166666666667
cicids2017,covariate,0.5,rf,13,perm_domain,0.1,0.12345679012345678,0.50425,0.7529166666666667
cicids2017,covariate,0.5,rf,13,aux_shap,0.0,0.12345679012345678,0.50425,0.7529166666666667
cicids2017,covariate,0.5,rf,13,dual,0.5,0.12345679012345678,0.50425,0.7529166666666667
cicids2017,covariate,0.5,xgb,13,ks,1.0,0.12345679012345678,0.50425,0.7075
cicids2017,covariate,0.5,xgb,13,cond_ks,0.4,0.12345679012345678,0.50425,0.7075
cicids2017,covariate,0.5,xgb,13,random,0.1,0.12345679012345678,0.50425,0.7075
cicids2017,covariate,0.5,xgb,13,domain_shap,0.8,0.12345679012345678,0.50425,0.7075
cicids2017,covariate,0.5,xgb,13,perm_domain,0.6,0.12345679012345678,0.50425,0.7075
cicids2017,covariate,0.5,xgb,13,aux_shap,0.0,0.12345679012345678,0.50425,0.7075
cicids2017,covariate,0.5,xgb,13,dual,0.2,0.12345679012345678,0.50425,0.7075
cicids2017,covariate,0.5,mlp,13,ks,1.0,0.12345679012345678,0.50425,0.7554166666666666
cicids2017,covariate,0.5,mlp,13,cond_ks,0.4,0.12345679012345678,0.50425,0.7554166666666666
cicids2017,covariate,0.5,mlp,13,random,0.1,0.12345679012345678,0.50425,0.7554166666666666
cicids2017,covariate,0.5,mlp,13,domain_shap,1.0,0.12345679012345678,0.50425,0.7554166666666666
cicids2017,covariate,0.5,mlp,13,perm_domain,0.8,0.12345679012345678,0.50425,0.7554166666666666
cicids2017,covariate,0.5,mlp,13,aux_shap,0.1,0.12345679012345678,0.50425,0.7554166666666666
cicids2017,covariate,0.5,mlp,13,dual,0.1,0.12345679012345678,0.50425,0.7554166666666666
cicids2017,covariate,0.5,rf,99,ks,1.0,0.12345679012345678,0.5125,0.7491666666666666
cicids2017,covariate,0.5,rf,99,cond_ks,0.5,0.12345679012345678,0.5125,0.7491666666666666
cicids2017,covariate,0.5,rf,99,random,0.0,0.12345679012345678,0.5125,0.7491666666666666
cicids2017,covariate,0.5,rf,99,domain_shap,1.0,0.12345679012345678,0.5125,0.7491666666666666
cicids2017,covariate,0.5,rf,99,perm_domain,0.5,0.12345679012345678,0.5125,0.7491666666666666
cicids2017,covariate,0.5,rf,99,aux_shap,0.0,0.12345679012345678,0.5125,0.7491666666666666
cicids2017,covariate,0.5,rf,99,dual,0.4,0.12345679012345678,0.5125,0.7491666666666666
cicids2017,covariate,0.5,xgb,99,ks,1.0,0.12345679012345678,0.5125,0.7129166666666666
cicids2017,covariate,0.5,xgb,99,cond_ks,0.5,0.12345679012345678,0.5125,0.7129166666666666
cicids2017,covariate,0.5,xgb,99,random,0.0,0.12345679012345678,0.5125,0.7129166666666666
cicids2017,covariate,0.5,xgb,99,domain_shap,0.6,0.12345679012345678,0.5125,0.7129166666666666
cicids2017,covariate,0.5,xgb,99,perm_domain,0.6,0.12345679012345678,0.5125,0.7129166666666666
cicids2017,covariate,0.5,xgb,99,aux_shap,0.0,0.12345679012345678,0.5125,0.7129166666666666
cicids2017,covariate,0.5,xgb,99,dual,0.2,0.12345679012345678,0.5125,0.7129166666666666
cicids2017,covariate,0.5,mlp,99,ks,1.0,0.12345679012345678,0.5125,0.7525
cicids2017,covariate,0.5,mlp,99,cond_ks,0.5,0.12345679012345678,0.5125,0.7525
cicids2017,covariate,0.5,mlp,99,random,0.0,0.12345679012345678,0.5125,0.7525
cicids2017,covariate,0.5,mlp,99,domain_shap,0.9,0.12345679012345678,0.5125,0.7525
cicids2017,covariate,0.5,mlp,99,perm_domain,0.7,0.12345679012345678,0.5125,0.7525
cicids2017,covariate,0.5,mlp,99,aux_shap,0.1,0.12345679012345678,0.5125,0.7525
cicids2017,covariate,0.5,mlp,99,dual,0.2,0.12345679012345678,0.5125,0.7525
cicids2017,dependency,0.1,rf,42,ks,0.2,0.12345679012345678,0.037,0.535
cicids2017,dependency,0.1,rf,42,cond_ks,0.4,0.12345679012345678,0.037,0.535
cicids2017,dependency,0.1,rf,42,random,0.1,0.12345679012345678,0.037,0.535
cicids2017,dependency,0.1,rf,42,domain_shap,0.7,0.12345679012345678,0.037,0.535
cicids2017,dependency,0.1,rf,42,perm_domain,0.3,0.12345679012345678,0.037,0.535
cicids2017,dependency,0.1,rf,42,aux_shap,0.0,0.12345679012345678,0.037,0.535
cicids2017,dependency,0.1,rf,42,dual,0.3,0.12345679012345678,0.037,0.535
cicids2017,dependency,0.1,xgb,42,ks,0.2,0.12345679012345678,0.037,0.5145833333333333
cicids2017,dependency,0.1,xgb,42,cond_ks,0.4,0.12345679012345678,0.037,0.5145833333333333
cicids2017,dependency,0.1,xgb,42,random,0.1,0.12345679012345678,0.037,0.5145833333333333
cicids2017,dependency,0.1,xgb,42,domain_shap,0.6,0.12345679012345678,0.037,0.5145833333333333
cicids2017,dependency,0.1,xgb,42,perm_domain,0.2,0.12345679012345678,0.037,0.5145833333333333
cicids2017,dependency,0.1,xgb,42,aux_shap,0.0,0.12345679012345678,0.037,0.5145833333333333
cicids2017,dependency,0.1,xgb,42,dual,0.1,0.12345679012345678,0.037,0.5145833333333333
cicids2017,dependency,0.1,mlp,42,ks,0.2,0.12345679012345678,0.037,0.5333333333333333
cicids2017,dependency,0.1,mlp,42,cond_ks,0.4,0.12345679012345678,0.037,0.5333333333333333
cicids2017,dependency,0.1,mlp,42,random,0.1,0.12345679012345678,0.037,0.5333333333333333
cicids2017,dependency,0.1,mlp,42,domain_shap,0.3,0.12345679012345678,0.037,0.5333333333333333
cicids2017,dependency,0.1,mlp,42,perm_domain,0.2,0.12345679012345678,0.037,0.5333333333333333
cicids2017,dependency,0.1,mlp,42,aux_shap,0.0,0.12345679012345678,0.037,0.5333333333333333
cicids2017,dependency,0.1,mlp,42,dual,0.2,0.12345679012345678,0.037,0.5333333333333333
cicids2017,dependency,0.1,rf,1,ks,0.2,0.12345679012345678,0.0205,0.51375
cicids2017,dependency,0.1,rf,1,cond_ks,0.2,0.12345679012345678,0.0205,0.51375
cicids2017,dependency,0.1,rf,1,random,0.0,0.12345679012345678,0.0205,0.51375
cicids2017,dependency,0.1,rf,1,domain_shap,0.6,0.12345679012345678,0.0205,0.51375
cicids2017,dependency,0.1,rf,1,perm_domain,0.5,0.12345679012345678,0.0205,0.51375
cicids2017,dependency,0.1,rf,1,aux_shap,0.0,0.12345679012345678,0.0205,0.51375
cicids2017,dependency,0.1,rf,1,dual,0.3,0.12345679012345678,0.0205,0.51375
cicids2017,dependency,0.1,xgb,1,ks,0.2,0.12345679012345678,0.0205,0.5179166666666667
cicids2017,dependency,0.1,xgb,1,cond_ks,0.2,0.12345679012345678,0.0205,0.5179166666666667
cicids2017,dependency,0.1,xgb,1,random,0.0,0.12345679012345678,0.0205,0.5179166666666667
cicids2017,dependency,0.1,xgb,1,domain_shap,0.5,0.12345679012345678,0.0205,0.5179166666666667
cicids2017,dependency,0.1,xgb,1,perm_domain,0.4,0.12345679012345678,0.0205,0.5179166666666667
cicids2017,dependency,0.1,xgb,1,aux_shap,0.0,0.12345679012345678,0.0205,0.5179166666666667
cicids2017,dependency,0.1,xgb,1,dual,0.1,0.12345679012345678,0.0205,0.5179166666666667
cicids2017,dependency,0.1,mlp,1,ks,0.2,0.12345679012345678,0.0205,0.5204166666666666
cicids2017,dependency,0.1,mlp,1,cond_ks,0.2,0.12345679012345678,0.0205,0.5204166666666666
cicids2017,dependency,0.1,mlp,1,random,0.0,0.12345679012345678,0.0205,0.5204166666666666
cicids2017,dependency,0.1,mlp,1,domain_shap,0.3,0.12345679012345678,0.0205,0.5204166666666666
cicids2017,dependency,0.1,mlp,1,perm_domain,0.3,0.12345679012345678,0.0205,0.5204166666666666
cicids2017,dependency,0.1,mlp,1,aux_shap,0.2,0.12345679012345678,0.0205,0.5204166666666666
cicids2017,dependency,0.1,mlp,1,dual,0.5,0.12345679012345678,0.0205,0.5204166666666666
cicids2017,dependency,0.1,rf,7,ks,0.1,0.12345679012345678,0.027,0.5308333333333334
cicids2017,dependency,0.1,rf,7,cond_ks,0.2,0.12345679012345678,0.027,0.5308333333333334
cicids2017,dependency,0.1,rf,7,random,0.1,0.12345679012345678,0.027,0.5308333333333334
cicids2017,dependency,0.1,rf,7,domain_shap,0.4,0.12345679012345678,0.027,0.5308333333333334
cicids2017,dependency,0.1,rf,7,perm_domain,0.6,0.12345679012345678,0.027,0.5308333333333334
cicids2017,dependency,0.1,rf,7,aux_shap,0.0,0.12345679012345678,0.027,0.5308333333333334
cicids2017,dependency,0.1,rf,7,dual,0.3,0.12345679012345678,0.027,0.5308333333333334
cicids2017,dependency,0.1,xgb,7,ks,0.1,0.12345679012345678,0.027,0.5104166666666666
cicids2017,dependency,0.1,xgb,7,cond_ks,0.2,0.12345679012345678,0.027,0.5104166666666666
cicids2017,dependency,0.1,xgb,7,random,0.1,0.12345679012345678,0.027,0.5104166666666666
cicids2017,dependency,0.1,xgb,7,domain_shap,0.2,0.12345679012345678,0.027,0.5104166666666666
cicids2017,dependency,0.1,xgb,7,perm_domain,0.4,0.12345679012345678,0.027,0.5104166666666666
cicids2017,dependency,0.1,xgb,7,aux_shap,0.0,0.12345679012345678,0.027,0.5104166666666666
cicids2017,dependency,0.1,xgb,7,dual,0.2,0.12345679012345678,0.027,0.5104166666666666
cicids2017,dependency,0.1,mlp,7,ks,0.1,0.12345679012345678,0.027,0.50875
cicids2017,dependency,0.1,mlp,7,cond_ks,0.2,0.12345679012345678,0.027,0.50875
cicids2017,dependency,0.1,mlp,7,random,0.1,0.12345679012345678,0.027,0.50875
cicids2017,dependency,0.1,mlp,7,domain_shap,0.3,0.12345679012345678,0.027,0.50875
cicids2017,dependency,0.1,mlp,7,perm_domain,0.2,0.12345679012345678,0.027,0.50875
cicids2017,dependency,0.1,mlp,7,aux_shap,0.2,0.12345679012345678,0.027,0.50875
cicids2017,dependency,0.1,mlp,7,dual,0.2,0.12345679012345678,0.027,0.50875
cicids2017,dependency,0.1,rf,13,ks,0.0,0.12345679012345678,0.02575,0.5270833333333333
cicids2017,dependency,0.1,rf,13,cond_ks,0.4,0.12345679012345678,0.02575,0.5270833333333333
cicids2017,dependency,0.1,rf,13,random,0.1,0.12345679012345678,0.02575,0.5270833333333333
cicids2017,dependency,0.1,rf,13,domain_shap,0.4,0.12345679012345678,0.02575,0.5270833333333333
cicids2017,dependency,0.1,rf,13,perm_domain,0.1,0.12345679012345678,0.02575,0.5270833333333333
cicids2017,dependency,0.1,rf,13,aux_shap,0.0,0.12345679012345678,0.02575,0.5270833333333333
cicids2017,dependency,0.1,rf,13,dual,0.4,0.12345679012345678,0.02575,0.5270833333333333
cicids2017,dependency,0.1,xgb,13,ks,0.0,0.12345679012345678,0.02575,0.5229166666666667
cicids2017,dependency,0.1,xgb,13,cond_ks,0.4,0.12345679012345678,0.02575,0.5229166666666667
cicids2017,dependency,0.1,xgb,13,random,0.1,0.12345679012345678,0.02575,0.5229166666666667
cicids2017,dependency,0.1,xgb,13,domain_shap,0.4,0.12345679012345678,0.02575,0.5229166666666667
cicids2017,dependency,0.1,xgb,13,perm_domain,0.2,0.12345679012345678,0.02575,0.5229166666666667
cicids2017,dependency,0.1,xgb,13,aux_shap,0.0,0.12345679012345678,0.02575,0.5229166666666667
cicids2017,dependency,0.1,xgb,13,dual,0.1,0.12345679012345678,0.02575,0.5229166666666667
cicids2017,dependency,0.1,mlp,13,ks,0.0,0.12345679012345678,0.02575,0.52875
cicids2017,dependency,0.1,mlp,13,cond_ks,0.4,0.12345679012345678,0.02575,0.52875
cicids2017,dependency,0.1,mlp,13,random,0.1,0.12345679012345678,0.02575,0.52875
cicids2017,dependency,0.1,mlp,13,domain_shap,0.3,0.12345679012345678,0.02575,0.52875
cicids2017,dependency,0.1,mlp,13,perm_domain,0.3,0.12345679012345678,0.02575,0.52875
cicids2017,dependency,0.1,mlp,13,aux_shap,0.0,0.12345679012345678,0.02575,0.52875
cicids2017,dependency,0.1,mlp,13,dual,0.1,0.12345679012345678,0.02575,0.52875
cicids2017,dependency,0.1,rf,99,ks,0.0,0.12345679012345678,0.03375,0.5320833333333334
cicids2017,dependency,0.1,rf,99,cond_ks,0.4,0.12345679012345678,0.03375,0.5320833333333334
cicids2017,dependency,0.1,rf,99,random,0.0,0.12345679012345678,0.03375,0.5320833333333334
cicids2017,dependency,0.1,rf,99,domain_shap,0.6,0.12345679012345678,0.03375,0.5320833333333334
cicids2017,dependency,0.1,rf,99,perm_domain,0.1,0.12345679012345678,0.03375,0.5320833333333334
cicids2017,dependency,0.1,rf,99,aux_shap,0.0,0.12345679012345678,0.03375,0.5320833333333334
cicids2017,dependency,0.1,rf,99,dual,0.2,0.12345679012345678,0.03375,0.5320833333333334
cicids2017,dependency,0.1,xgb,99,ks,0.0,0.12345679012345678,0.03375,0.53
cicids2017,dependency,0.1,xgb,99,cond_ks,0.4,0.12345679012345678,0.03375,0.53
cicids2017,dependency,0.1,xgb,99,random,0.0,0.12345679012345678,0.03375,0.53
cicids2017,dependency,0.1,xgb,99,domain_shap,0.5,0.12345679012345678,0.03375,0.53
cicids2017,dependency,0.1,xgb,99,perm_domain,0.2,0.12345679012345678,0.03375,0.53
cicids2017,dependency,0.1,xgb,99,aux_shap,0.1,0.12345679012345678,0.03375,0.53
cicids2017,dependency,0.1,xgb,99,dual,0.3,0.12345679012345678,0.03375,0.53
cicids2017,dependency,0.1,mlp,99,ks,0.0,0.12345679012345678,0.03375,0.5079166666666667
cicids2017,dependency,0.1,mlp,99,cond_ks,0.4,0.12345679012345678,0.03375,0.5079166666666667
cicids2017,dependency,0.1,mlp,99,random,0.0,0.12345679012345678,0.03375,0.5079166666666667
cicids2017,dependency,0.1,mlp,99,domain_shap,0.3,0.12345679012345678,0.03375,0.5079166666666667
cicids2017,dependency,0.1,mlp,99,perm_domain,0.1,0.12345679012345678,0.03375,0.5079166666666667
cicids2017,dependency,0.1,mlp,99,aux_shap,0.0,0.12345679012345678,0.03375,0.5079166666666667
cicids2017,dependency,0.1,mlp,99,dual,0.2,0.12345679012345678,0.03375,0.5079166666666667
cicids2017,dependency,0.25,rf,42,ks,0.4,0.12345679012345678,0.04475,0.6020833333333333
cicids2017,dependency,0.25,rf,42,cond_ks,0.3,0.12345679012345678,0.04475,0.6020833333333333
cicids2017,dependency,0.25,rf,42,random,0.1,0.12345679012345678,0.04475,0.6020833333333333
cicids2017,dependency,0.25,rf,42,domain_shap,0.8,0.12345679012345678,0.04475,0.6020833333333333
cicids2017,dependency,0.25,rf,42,perm_domain,0.7,0.12345679012345678,0.04475,0.6020833333333333
cicids2017,dependency,0.25,rf,42,aux_shap,0.0,0.12345679012345678,0.04475,0.6020833333333333
cicids2017,dependency,0.25,rf,42,dual,0.4,0.12345679012345678,0.04475,0.6020833333333333
cicids2017,dependency,0.25,xgb,42,ks,0.4,0.12345679012345678,0.04475,0.58875
cicids2017,dependency,0.25,xgb,42,cond_ks,0.3,0.12345679012345678,0.04475,0.58875
cicids2017,dependency,0.25,xgb,42,random,0.1,0.12345679012345678,0.04475,0.58875
cicids2017,dependency,0.25,xgb,42,domain_shap,0.6,0.12345679012345678,0.04475,0.58875
cicids2017,dependency,0.25,xgb,42,perm_domain,0.6,0.12345679012345678,0.04475,0.58875
cicids2017,dependency,0.25,xgb,42,aux_shap,0.0,0.12345679012345678,0.04475,0.58875
cicids2017,dependency,0.25,xgb,42,dual,0.1,0.12345679012345678,0.04475,0.58875
cicids2017,dependency,0.25,mlp,42,ks,0.4,0.12345679012345678,0.04475,0.5804166666666667
cicids2017,dependency,0.25,mlp,42,cond_ks,0.3,0.12345679012345678,0.04475,0.5804166666666667
cicids2017,dependency,0.25,mlp,42,random,0.1,0.12345679012345678,0.04475,0.5804166666666667
cicids2017,dependency,0.25,mlp,42,domain_shap,0.4,0.12345679012345678,0.04475,0.5804166666666667
cicids2017,dependency,0.25,mlp,42,perm_domain,0.5,0.12345679012345678,0.04475,0.5804166666666667
cicids2017,dependency,0.25,mlp,42,aux_shap,0.0,0.12345679012345678,0.04475,0.5804166666666667
cicids2017,dependency,0.25,mlp,42,dual,0.2,0.12345679012345678,0.04475,0.5804166666666667
cicids2017,dependency,0.25,rf,1,ks,0.0,0.12345679012345678,0.0205,0.57125
cicids2017,dependency,0.25,rf,1,cond_ks,0.2,0.12345679012345678,0.0205,0.57125
cicids2017,dependency,0.25,rf,1,random,0.0,0.12345679012345678,0.0205,0.57125
cicids2017,dependency,0.25,rf,1,domain_shap,0.4,0.12345679012345678,0.0205,0.57125
cicids2017,dependency,0.25,rf,1,perm_domain,0.6,0.12345679012345678,0.0205,0.57125
cicids2017,dependency,0.25,rf,1,aux_shap,0.0,0.12345679012345678,0.0205,0.57125
cicids2017,dependency,0.25,rf,1,dual,0.4,0.12345679012345678,0.0205,0.57125
cicids2017,dependency,0.25,xgb,1,ks,0.0,0.12345679012345678,0.0205,0.57375
cicids2017,dependency,0.25,xgb,1,cond_ks,0.2,0.12345679012345678,0.0205,0.57375
cicids2017,dependency,0.25,xgb,1,random,0.0,0.12345679012345678,0.0205,0.57375
cicids2017,dependency,0.25,xgb,1,domain_shap,0.4,0.12345679012345678,0.0205,0.57375
cicids2017,dependency,0.25,xgb,1,perm_domain,0.6,0.12345679012345678,0.0205,0.57375
cicids2017,dependency,0.25,xgb,1,aux_shap,0.0,0.12345679012345678,0.0205,0.57375
cicids2017,dependency,0.25,xgb,1,dual,0.1,0.12345679012345678,0.0205,0.57375
cicids2017,dependency,0.25,mlp,1,ks,0.0,0.12345679012345678,0.0205,0.56375
cicids2017,dependency,0.25,mlp,1,cond_ks,0.2,0.12345679012345678,0.0205,0.56375
cicids2017,dependency,0.25,mlp,1,random,0.0,0.12345679012345678,0.0205,0.56375
cicids2017,dependency,0.25,mlp,1,domain_shap,0.5,0.12345679012345678,0.0205,0.56375
cicids2017,dependency,0.25,mlp,1,perm_domain,0.4,0.12345679012345678,0.0205,0.56375
cicids2017,dependency,0.25,mlp,1,aux_shap,0.2,0.12345679012345678,0.0205,0.56375
cicids2017,dependency,0.25,mlp,1,dual,0.4,0.12345679012345678,0.0205,0.56375
cicids2017,dependency,0.25,rf,7,ks,0.1,0.12345679012345678,0.027,0.59375
cicids2017,dependency,0.25,rf,7,cond_ks,0.3,0.12345679012345678,0.027,0.59375
cicids2017,dependency,0.25,rf,7,random,0.1,0.12345679012345678,0.027,0.59375
cicids2017,dependency,0.25,rf,7,domain_shap,0.5,0.12345679012345678,0.027,0.59375
cicids2017,dependency,0.25,rf,7,perm_domain,0.7,0.12345679012345678,0.027,0.59375
cicids2017,dependency,0.25,rf,7,aux_shap,0.0,0.12345679012345678,0.027,0.59375
cicids2017,dependency,0.25,rf,7,dual,0.3,0.12345679012345678,0.027,0.59375
cicids2017,dependency,0.25,xgb,7,ks,0.1,0.12345679012345678,0.027,0.5733333333333334
cicids2017,dependency,0.25,xgb,7,cond_ks,0.3,0.12345679012345678,0.027,0.5733333333333334
cicids2017,dependency,0.25,xgb,7,random,0.1,0.12345679012345678,0.027,0.5733333333333334
cicids2017,dependency,0.25,xgb,7,domain_shap,0.5,0.12345679012345678,0.027,0.5733333333333334
cicids2017,dependency,0.25,xgb,7,perm_domain,0.6,0.12345679012345678,0.027,0.5733333333333334
cicids2017,dependency,0.25,xgb,7,aux_shap,0.0,0.12345679012345678,0.027,0.5733333333333334
cicids2017,dependency,0.25,xgb,7,dual,0.2,0.12345679012345678,0.027,0.5733333333333334
cicids2017,dependency,0.25,mlp,7,ks,0.1,0.12345679012345678,0.027,0.5854166666666667
cicids2017,dependency,0.25,mlp,7,cond_ks,0.3,0.12345679012345678,0.027,0.5854166666666667
cicids2017,dependency,0.25,mlp,7,random,0.1,0.12345679012345678,0.027,0.5854166666666667
cicids2017,dependency,0.25,mlp,7,domain_shap,0.3,0.12345679012345678,0.027,0.5854166666666667
cicids2017,dependency,0.25,mlp,7,perm_domain,0.3,0.12345679012345678,0.027,0.5854166666666667
cicids2017,dependency,0.25,mlp,7,aux_shap,0.0,0.12345679012345678,0.027,0.5854166666666667
cicids2017,dependency,0.25,mlp,7,dual,0.1,0.12345679012345678,0.027,0.5854166666666667
cicids2017,dependency,0.25,rf,13,ks,0.0,0.12345679012345678,0.02575,0.5891666666666666
cicids2017,dependency,0.25,rf,13,cond_ks,0.2,0.12345679012345678,0.02575,0.5891666666666666
cicids2017,dependency,0.25,rf,13,random,0.1,0.12345679012345678,0.02575,0.5891666666666666
cicids2017,dependency,0.25,rf,13,domain_shap,0.5,0.12345679012345678,0.02575,0.5891666666666666
cicids2017,dependency,0.25,rf,13,perm_domain,0.7,0.12345679012345678,0.02575,0.5891666666666666
cicids2017,dependency,0.25,rf,13,aux_shap,0.0,0.12345679012345678,0.02575,0.5891666666666666
cicids2017,dependency,0.25,rf,13,dual,0.4,0.12345679012345678,0.02575,0.5891666666666666
cicids2017,dependency,0.25,xgb,13,ks,0.0,0.12345679012345678,0.02575,0.5895833333333333
cicids2017,dependency,0.25,xgb,13,cond_ks,0.2,0.12345679012345678,0.02575,0.5895833333333333
cicids2017,dependency,0.25,xgb,13,random,0.1,0.12345679012345678,0.02575,0.5895833333333333
cicids2017,dependency,0.25,xgb,13,domain_shap,0.4,0.12345679012345678,0.02575,0.5895833333333333
cicids2017,dependency,0.25,xgb,13,perm_domain,0.5,0.12345679012345678,0.02575,0.5895833333333333
cicids2017,dependency,0.25,xgb,13,aux_shap,0.0,0.12345679012345678,0.02575,0.5895833333333333
cicids2017,dependency,0.25,xgb,13,dual,0.1,0.12345679012345678,0.02575,0.5895833333333333
cicids2017,dependency,0.25,mlp,13,ks,0.0,0.12345679012345678,0.02575,0.5858333333333333
cicids2017,dependency,0.25,mlp,13,cond_ks,0.2,0.12345679012345678,0.02575,0.5858333333333333
cicids2017,dependency,0.25,mlp,13,random,0.1,0.12345679012345678,0.02575,0.5858333333333333
cicids2017,dependency,0.25,mlp,13,domain_shap,0.3,0.12345679012345678,0.02575,0.5858333333333333
cicids2017,dependency,0.25,mlp,13,perm_domain,0.3,0.12345679012345678,0.02575,0.5858333333333333
cicids2017,dependency,0.25,mlp,13,aux_shap,0.0,0.12345679012345678,0.02575,0.5858333333333333
cicids2017,dependency,0.25,mlp,13,dual,0.2,0.12345679012345678,0.02575,0.5858333333333333
cicids2017,dependency,0.25,rf,99,ks,0.0,0.12345679012345678,0.03375,0.5945833333333334
cicids2017,dependency,0.25,rf,99,cond_ks,0.4,0.12345679012345678,0.03375,0.5945833333333334
cicids2017,dependency,0.25,rf,99,random,0.0,0.12345679012345678,0.03375,0.5945833333333334
cicids2017,dependency,0.25,rf,99,domain_shap,0.7,0.12345679012345678,0.03375,0.5945833333333334
cicids2017,dependency,0.25,rf,99,perm_domain,0.8,0.12345679012345678,0.03375,0.5945833333333334
cicids2017,dependency,0.25,rf,99,aux_shap,0.0,0.12345679012345678,0.03375,0.5945833333333334
cicids2017,dependency,0.25,rf,99,dual,0.3,0.12345679012345678,0.03375,0.5945833333333334
cicids2017,dependency,0.25,xgb,99,ks,0.0,0.12345679012345678,0.03375,0.57125
cicids2017,dependency,0.25,xgb,99,cond_ks,0.4,0.12345679012345678,0.03375,0.57125
cicids2017,dependency,0.25,xgb,99,random,0.0,0.12345679012345678,0.03375,0.57125
cicids2017,dependency,0.25,xgb,99,domain_shap,0.5,0.12345679012345678,0.03375,0.57125
cicids2017,dependency,0.25,xgb,99,perm_domain,0.7,0.12345679012345678,0.03375,0.57125
cicids2017,dependency,0.25,xgb,99,aux_shap,0.0,0.12345679012345678,0.03375,0.57125
cicids2017,dependency,0.25,xgb,99,dual,0.4,0.12345679012345678,0.03375,0.57125
cicids2017,dependency,0.25,mlp,99,ks,0.0,0.12345679012345678,0.03375,0.5966666666666667
cicids2017,dependency,0.25,mlp,99,cond_ks,0.4,0.12345679012345678,0.03375,0.5966666666666667
cicids2017,dependency,0.25,mlp,99,random,0.0,0.12345679012345678,0.03375,0.5966666666666667
cicids2017,dependency,0.25,mlp,99,domain_shap,0.5,0.12345679012345678,0.03375,0.5966666666666667
cicids2017,dependency,0.25,mlp,99,perm_domain,0.5,0.12345679012345678,0.03375,0.5966666666666667
cicids2017,dependency,0.25,mlp,99,aux_shap,0.0,0.12345679012345678,0.03375,0.5966666666666667
cicids2017,dependency,0.25,mlp,99,dual,0.3,0.12345679012345678,0.03375,0.5966666666666667
cicids2017,dependency,0.5,rf,42,ks,0.4,0.12345679012345678,0.0405,0.7175
cicids2017,dependency,0.5,rf,42,cond_ks,0.3,0.12345679012345678,0.0405,0.7175
cicids2017,dependency,0.5,rf,42,random,0.1,0.12345679012345678,0.0405,0.7175
cicids2017,dependency,0.5,rf,42,domain_shap,0.8,0.12345679012345678,0.0405,0.7175
cicids2017,dependency,0.5,rf,42,perm_domain,0.9,0.12345679012345678,0.0405,0.7175
cicids2017,dependency,0.5,rf,42,aux_shap,0.0,0.12345679012345678,0.0405,0.7175
cicids2017,dependency,0.5,rf,42,dual,0.4,0.12345679012345678,0.0405,0.7175
cicids2017,dependency,0.5,xgb,42,ks,0.4,0.12345679012345678,0.0405,0.69375
cicids2017,dependency,0.5,xgb,42,cond_ks,0.3,0.12345679012345678,0.0405,0.69375
cicids2017,dependency,0.5,xgb,42,random,0.1,0.12345679012345678,0.0405,0.69375
cicids2017,dependency,0.5,xgb,42,domain_shap,0.7,0.12345679012345678,0.0405,0.69375
cicids2017,dependency,0.5,xgb,42,perm_domain,0.7,0.12345679012345678,0.0405,0.69375
cicids2017,dependency,0.5,xgb,42,aux_shap,0.0,0.12345679012345678,0.0405,0.69375
cicids2017,dependency,0.5,xgb,42,dual,0.2,0.12345679012345678,0.0405,0.69375
cicids2017,dependency,0.5,mlp,42,ks,0.4,0.12345679012345678,0.0405,0.6820833333333334
cicids2017,dependency,0.5,mlp,42,cond_ks,0.3,0.12345679012345678,0.0405,0.6820833333333334
cicids2017,dependency,0.5,mlp,42,random,0.1,0.12345679012345678,0.0405,0.6820833333333334
cicids2017,dependency,0.5,mlp,42,domain_shap,0.4,0.12345679012345678,0.0405,0.6820833333333334
cicids2017,dependency,0.5,mlp,42,perm_domain,0.5,0.12345679012345678,0.0405,0.6820833333333334
cicids2017,dependency,0.5,mlp,42,aux_shap,0.0,0.12345679012345678,0.0405,0.6820833333333334
cicids2017,dependency,0.5,mlp,42,dual,0.3,0.12345679012345678,0.0405,0.6820833333333334
cicids2017,dependency,0.5,rf,1,ks,0.0,0.12345679012345678,0.0205,0.7108333333333333
cicids2017,dependency,0.5,rf,1,cond_ks,0.3,0.12345679012345678,0.0205,0.7108333333333333
cicids2017,dependency,0.5,rf,1,random,0.0,0.12345679012345678,0.0205,0.7108333333333333
cicids2017,dependency,0.5,rf,1,domain_shap,0.8,0.12345679012345678,0.0205,0.7108333333333333
cicids2017,dependency,0.5,rf,1,perm_domain,0.8,0.12345679012345678,0.0205,0.7108333333333333
cicids2017,dependency,0.5,rf,1,aux_shap,0.0,0.12345679012345678,0.0205,0.7108333333333333
cicids2017,dependency,0.5,rf,1,dual,0.4,0.12345679012345678,0.0205,0.7108333333333333
cicids2017,dependency,0.5,xgb,1,ks,0.0,0.12345679012345678,0.0205,0.6966666666666667
cicids2017,dependency,0.5,xgb,1,cond_ks,0.3,0.12345679012345678,0.0205,0.6966666666666667
cicids2017,dependency,0.5,xgb,1,random,0.0,0.12345679012345678,0.0205,0.6966666666666667
cicids2017,dependency,0.5,xgb,1,domain_shap,0.5,0.12345679012345678,0.0205,0.6966666666666667
cicids2017,dependency,0.5,xgb,1,perm_domain,0.6,0.12345679012345678,0.0205,0.6966666666666667
cicids2017,dependency,0.5,xgb,1,aux_shap,0.0,0.12345679012345678,0.0205,0.6966666666666667
cicids2017,dependency,0.5,xgb,1,dual,0.1,0.12345679012345678,0.0205,0.6966666666666667
cicids2017,dependency,0.5,mlp,1,ks,0.0,0.12345679012345678,0.0205,0.7270833333333333
cicids2017,dependency,0.5,mlp,1,cond_ks,0.3,0.12345679012345678,0.0205,0.7270833333333333
cicids2017,dependency,0.5,mlp,1,random,0.0,0.12345679012345678,0.0205,0.7270833333333333
cicids2017,dependency,0.5,mlp,1,domain_shap,0.5,0.12345679012345678,0.0205,0.7270833333333333
cicids2017,dependency,0.5,mlp,1,perm_domain,0.6,0.12345679012345678,0.0205,0.7270833333333333
cicids2017,dependency,0.5,mlp,1,aux_shap,0.0,0.12345679012345678,0.0205,0.7270833333333333
cicids2017,dependency,0.5,mlp,1,dual,0.5,0.12345679012345678,0.0205,0.7270833333333333
cicids2017,dependency,0.5,rf,7,ks,0.3,0.12345679012345678,0.027,0.7075
cicids2017,dependency,0.5,rf,7,cond_ks,0.4,0.12345679012345678,0.027,0.7075
cicids2017,dependency,0.5,rf,7,random,0.1,0.12345679012345678,0.027,0.7075
cicids2017,dependency,0.5,rf,7,domain_shap,0.8,0.12345679012345678,0.027,0.7075
cicids2017,dependency,0.5,rf,7,perm_domain,0.8,0.12345679012345678,0.027,0.7075
cicids2017,dependency,0.5,rf,7,aux_shap,0.0,0.12345679012345678,0.027,0.7075
cicids2017,dependency,0.5,rf,7,dual,0.3,0.12345679012345678,0.027,0.7075
cicids2017,dependency,0.5,xgb,7,ks,0.3,0.12345679012345678,0.027,0.6916666666666667
cicids2017,dependency,0.5,xgb,7,cond_ks,0.4,0.12345679012345678,0.027,0.6916666666666667
cicids2017,dependency,0.5,xgb,7,random,0.1,0.12345679012345678,0.027,0.6916666666666667
cicids2017,dependency,0.5,xgb,7,domain_shap,0.6,0.12345679012345678,0.027,0.6916666666666667
cicids2017,dependency,0.5,xgb,7,perm_domain,0.5,0.12345679012345678,0.027,0.6916666666666667
cicids2017,dependency,0.5,xgb,7,aux_shap,0.0,0.12345679012345678,0.027,0.6916666666666667
cicids2017,dependency,0.5,xgb,7,dual,0.2,0.12345679012345678,0.027,0.6916666666666667
cicids2017,dependency,0.5,mlp,7,ks,0.3,0.12345679012345678,0.027,0.7125
cicids2017,dependency,0.5,mlp,7,cond_ks,0.4,0.12345679012345678,0.027,0.7125
cicids2017,dependency,0.5,mlp,7,random,0.1,0.12345679012345678,0.027,0.7125
cicids2017,dependency,0.5,mlp,7,domain_shap,0.4,0.12345679012345678,0.027,0.7125
cicids2017,dependency,0.5,mlp,7,perm_domain,0.4,0.12345679012345678,0.027,0.7125
cicids2017,dependency,0.5,mlp,7,aux_shap,0.0,0.12345679012345678,0.027,0.7125
cicids2017,dependency,0.5,mlp,7,dual,0.1,0.12345679012345678,0.027,0.7125
cicids2017,dependency,0.5,rf,13,ks,0.0,0.12345679012345678,0.02575,0.7125
cicids2017,dependency,0.5,rf,13,cond_ks,0.2,0.12345679012345678,0.02575,0.7125
cicids2017,dependency,0.5,rf,13,random,0.1,0.12345679012345678,0.02575,0.7125
cicids2017,dependency,0.5,rf,13,domain_shap,0.7,0.12345679012345678,0.02575,0.7125
cicids2017,dependency,0.5,rf,13,perm_domain,0.9,0.12345679012345678,0.02575,0.7125
cicids2017,dependency,0.5,rf,13,aux_shap,0.0,0.12345679012345678,0.02575,0.7125
cicids2017,dependency,0.5,rf,13,dual,0.4,0.12345679012345678,0.02575,0.7125
cicids2017,dependency,0.5,xgb,13,ks,0.0,0.12345679012345678,0.02575,0.6933333333333334
cicids2017,dependency,0.5,xgb,13,cond_ks,0.2,0.12345679012345678,0.02575,0.6933333333333334
cicids2017,dependency,0.5,xgb,13,random,0.1,0.12345679012345678,0.02575,0.6933333333333334
cicids2017,dependency,0.5,xgb,13,domain_shap,0.4,0.12345679012345678,0.02575,0.6933333333333334
cicids2017,dependency,0.5,xgb,13,perm_domain,0.6,0.12345679012345678,0.02575,0.6933333333333334
cicids2017,dependency,0.5,xgb,13,aux_shap,0.0,0.12345679012345678,0.02575,0.6933333333333334
cicids2017,dependency,0.5,xgb,13,dual,0.1,0.12345679012345678,0.02575,0.6933333333333334
cicids2017,dependency,0.5,mlp,13,ks,0.0,0.12345679012345678,0.02575,0.7129166666666666
cicids2017,dependency,0.5,mlp,13,cond_ks,0.2,0.12345679012345678,0.02575,0.7129166666666666
cicids2017,dependency,0.5,mlp,13,random,0.1,0.12345679012345678,0.02575,0.7129166666666666
cicids2017,dependency,0.5,mlp,13,domain_shap,0.4,0.12345679012345678,0.02575,0.7129166666666666
cicids2017,dependency,0.5,mlp,13,perm_domain,0.3,0.12345679012345678,0.02575,0.7129166666666666
cicids2017,dependency,0.5,mlp,13,aux_shap,0.0,0.12345679012345678,0.02575,0.7129166666666666
cicids2017,dependency,0.5,mlp,13,dual,0.1,0.12345679012345678,0.02575,0.7129166666666666
cicids2017,dependency,0.5,rf,99,ks,0.0,0.12345679012345678,0.03375,0.7229166666666667
cicids2017,dependency,0.5,rf,99,cond_ks,0.4,0.12345679012345678,0.03375,0.7229166666666667
cicids2017,dependency,0.5,rf,99,random,0.0,0.12345679012345678,0.03375,0.7229166666666667
cicids2017,dependency,0.5,rf,99,domain_shap,0.8,0.12345679012345678,0.03375,0.7229166666666667
cicids2017,dependency,0.5,rf,99,perm_domain,0.8,0.12345679012345678,0.03375,0.7229166666666667
cicids2017,dependency,0.5,rf,99,aux_shap,0.0,0.12345679012345678,0.03375,0.7229166666666667
cicids2017,dependency,0.5,rf,99,dual,0.5,0.12345679012345678,0.03375,0.7229166666666667
cicids2017,dependency,0.5,xgb,99,ks,0.0,0.12345679012345678,0.03375,0.7075
cicids2017,dependency,0.5,xgb,99,cond_ks,0.4,0.12345679012345678,0.03375,0.7075
cicids2017,dependency,0.5,xgb,99,random,0.0,0.12345679012345678,0.03375,0.7075
cicids2017,dependency,0.5,xgb,99,domain_shap,0.5,0.12345679012345678,0.03375,0.7075
cicids2017,dependency,0.5,xgb,99,perm_domain,0.6,0.12345679012345678,0.03375,0.7075
cicids2017,dependency,0.5,xgb,99,aux_shap,0.0,0.12345679012345678,0.03375,0.7075
cicids2017,dependency,0.5,xgb,99,dual,0.2,0.12345679012345678,0.03375,0.7075
cicids2017,dependency,0.5,mlp,99,ks,0.0,0.12345679012345678,0.03375,0.6941666666666667
cicids2017,dependency,0.5,mlp,99,cond_ks,0.4,0.12345679012345678,0.03375,0.6941666666666667
cicids2017,dependency,0.5,mlp,99,random,0.0,0.12345679012345678,0.03375,0.6941666666666667
cicids2017,dependency,0.5,mlp,99,domain_shap,0.5,0.12345679012345678,0.03375,0.6941666666666667
cicids2017,dependency,0.5,mlp,99,perm_domain,0.5,0.12345679012345678,0.03375,0.6941666666666667
cicids2017,dependency,0.5,mlp,99,aux_shap,0.0,0.12345679012345678,0.03375,0.6941666666666667
cicids2017,dependency,0.5,mlp,99,dual,0.3,0.12345679012345678,0.03375,0.6941666666666667
cicids2017,concept,1.0,rf,42,ks,0.3,0.12345679012345678,0.03575,0.50375
cicids2017,concept,1.0,rf,42,cond_ks,0.3,0.12345679012345678,0.03575,0.50375
cicids2017,concept,1.0,rf,42,random,0.1,0.12345679012345678,0.03575,0.50375
cicids2017,concept,1.0,rf,42,domain_shap,0.5,0.12345679012345678,0.03575,0.50375
cicids2017,concept,1.0,rf,42,perm_domain,0.1,0.12345679012345678,0.03575,0.50375
cicids2017,concept,1.0,rf,42,aux_shap,0.3,0.12345679012345678,0.03575,0.50375
cicids2017,concept,1.0,rf,42,dual,0.3,0.12345679012345678,0.03575,0.50375
cicids2017,concept,1.0,xgb,42,ks,0.3,0.12345679012345678,0.03575,0.4945833333333333
cicids2017,concept,1.0,xgb,42,cond_ks,0.3,0.12345679012345678,0.03575,0.4945833333333333
cicids2017,concept,1.0,xgb,42,random,0.1,0.12345679012345678,0.03575,0.4945833333333333
cicids2017,concept,1.0,xgb,42,domain_shap,0.3,0.12345679012345678,0.03575,0.4945833333333333
cicids2017,concept,1.0,xgb,42,perm_domain,0.2,0.12345679012345678,0.03575,0.4945833333333333
cicids2017,concept,1.0,xgb,42,aux_shap,0.5,0.12345679012345678,0.03575,0.4945833333333333
cicids2017,concept,1.0,xgb,42,dual,0.4,0.12345679012345678,0.03575,0.4945833333333333
cicids2017,concept,1.0,mlp,42,ks,0.3,0.12345679012345678,0.03575,0.5045833333333334
cicids2017,concept,1.0,mlp,42,cond_ks,0.3,0.12345679012345678,0.03575,0.5045833333333334
cicids2017,concept,1.0,mlp,42,random,0.1,0.12345679012345678,0.03575,0.5045833333333334
cicids2017,concept,1.0,mlp,42,domain_shap,0.3,0.12345679012345678,0.03575,0.5045833333333334
cicids2017,concept,1.0,mlp,42,perm_domain,0.2,0.12345679012345678,0.03575,0.5045833333333334
cicids2017,concept,1.0,mlp,42,aux_shap,0.4,0.12345679012345678,0.03575,0.5045833333333334
cicids2017,concept,1.0,mlp,42,dual,0.3,0.12345679012345678,0.03575,0.5045833333333334
cicids2017,concept,1.0,rf,1,ks,0.0,0.12345679012345678,0.0205,0.49291666666666667
cicids2017,concept,1.0,rf,1,cond_ks,0.1,0.12345679012345678,0.0205,0.49291666666666667
cicids2017,concept,1.0,rf,1,random,0.0,0.12345679012345678,0.0205,0.49291666666666667
cicids2017,concept,1.0,rf,1,domain_shap,0.1,0.12345679012345678,0.0205,0.49291666666666667
cicids2017,concept,1.0,rf,1,perm_domain,0.1,0.12345679012345678,0.0205,0.49291666666666667
cicids2017,concept,1.0,rf,1,aux_shap,0.3,0.12345679012345678,0.0205,0.49291666666666667
cicids2017,concept,1.0,rf,1,dual,0.2,0.12345679012345678,0.0205,0.49291666666666667
cicids2017,concept,1.0,xgb,1,ks,0.0,0.12345679012345678,0.0205,0.4870833333333333
cicids2017,concept,1.0,xgb,1,cond_ks,0.1,0.12345679012345678,0.0205,0.4870833333333333
cicids2017,concept,1.0,xgb,1,random,0.0,0.12345679012345678,0.0205,0.4870833333333333
cicids2017,concept,1.0,xgb,1,domain_shap,0.1,0.12345679012345678,0.0205,0.4870833333333333
cicids2017,concept,1.0,xgb,1,perm_domain,0.0,0.12345679012345678,0.0205,0.4870833333333333
cicids2017,concept,1.0,xgb,1,aux_shap,0.2,0.12345679012345678,0.0205,0.4870833333333333
cicids2017,concept,1.0,xgb,1,dual,0.2,0.12345679012345678,0.0205,0.4870833333333333
cicids2017,concept,1.0,mlp,1,ks,0.0,0.12345679012345678,0.0205,0.5016666666666667
cicids2017,concept,1.0,mlp,1,cond_ks,0.1,0.12345679012345678,0.0205,0.5016666666666667
cicids2017,concept,1.0,mlp,1,random,0.0,0.12345679012345678,0.0205,0.5016666666666667
cicids2017,concept,1.0,mlp,1,domain_shap,0.1,0.12345679012345678,0.0205,0.5016666666666667
cicids2017,concept,1.0,mlp,1,perm_domain,0.2,0.12345679012345678,0.0205,0.5016666666666667
cicids2017,concept,1.0,mlp,1,aux_shap,0.4,0.12345679012345678,0.0205,0.5016666666666667
cicids2017,concept,1.0,mlp,1,dual,0.4,0.12345679012345678,0.0205,0.5016666666666667
cicids2017,concept,1.0,rf,7,ks,0.1,0.12345679012345678,0.027,0.5116666666666667
cicids2017,concept,1.0,rf,7,cond_ks,0.1,0.12345679012345678,0.027,0.5116666666666667
cicids2017,concept,1.0,rf,7,random,0.1,0.12345679012345678,0.027,0.5116666666666667
cicids2017,concept,1.0,rf,7,domain_shap,0.2,0.12345679012345678,0.027,0.5116666666666667
cicids2017,concept,1.0,rf,7,perm_domain,0.1,0.12345679012345678,0.027,0.5116666666666667
cicids2017,concept,1.0,rf,7,aux_shap,0.2,0.12345679012345678,0.027,0.5116666666666667
cicids2017,concept,1.0,rf,7,dual,0.1,0.12345679012345678,0.027,0.5116666666666667
cicids2017,concept,1.0,xgb,7,ks,0.1,0.12345679012345678,0.027,0.48541666666666666
cicids2017,concept,1.0,xgb,7,cond_ks,0.1,0.12345679012345678,0.027,0.48541666666666666
cicids2017,concept,1.0,xgb,7,random,0.1,0.12345679012345678,0.027,0.48541666666666666
cicids2017,concept,1.0,xgb,7,domain_shap,0.3,0.12345679012345678,0.027,0.48541666666666666
cicids2017,concept,1.0,xgb,7,perm_domain,0.2,0.12345679012345678,0.027,0.48541666666666666
cicids2017,concept,1.0,xgb,7,aux_shap,0.4,0.12345679012345678,0.027,0.48541666666666666
cicids2017,concept,1.0,xgb,7,dual,0.2,0.12345679012345678,0.027,0.48541666666666666
cicids2017,concept,1.0,mlp,7,ks,0.1,0.12345679012345678,0.027,0.49541666666666667
cicids2017,concept,1.0,mlp,7,cond_ks,0.1,0.12345679012345678,0.027,0.49541666666666667
cicids2017,concept,1.0,mlp,7,random,0.1,0.12345679012345678,0.027,0.49541666666666667
cicids2017,concept,1.0,mlp,7,domain_shap,0.2,0.12345679012345678,0.027,0.49541666666666667
cicids2017,concept,1.0,mlp,7,perm_domain,0.2,0.12345679012345678,0.027,0.49541666666666667
cicids2017,concept,1.0,mlp,7,aux_shap,0.2,0.12345679012345678,0.027,0.49541666666666667
cicids2017,concept,1.0,mlp,7,dual,0.2,0.12345679012345678,0.027,0.49541666666666667
cicids2017,concept,1.0,rf,13,ks,0.1,0.12345679012345678,0.02575,0.50125
cicids2017,concept,1.0,rf,13,cond_ks,0.2,0.12345679012345678,0.02575,0.50125
cicids2017,concept,1.0,rf,13,random,0.1,0.12345679012345678,0.02575,0.50125
cicids2017,concept,1.0,rf,13,domain_shap,0.1,0.12345679012345678,0.02575,0.50125
cicids2017,concept,1.0,rf,13,perm_domain,0.2,0.12345679012345678,0.02575,0.50125
cicids2017,concept,1.0,rf,13,aux_shap,0.3,0.12345679012345678,0.02575,0.50125
cicids2017,concept,1.0,rf,13,dual,0.1,0.12345679012345678,0.02575,0.50125
cicids2017,concept,1.0,xgb,13,ks,0.1,0.12345679012345678,0.02575,0.49583333333333335
cicids2017,concept,1.0,xgb,13,cond_ks,0.2,0.12345679012345678,0.02575,0.49583333333333335
cicids2017,concept,1.0,xgb,13,random,0.1,0.12345679012345678,0.02575,0.49583333333333335
cicids2017,concept,1.0,xgb,13,domain_shap,0.1,0.12345679012345678,0.02575,0.49583333333333335
cicids2017,concept,1.0,xgb,13,perm_domain,0.0,0.12345679012345678,0.02575,0.49583333333333335
cicids2017,concept,1.0,xgb,13,aux_shap,0.3,0.12345679012345678,0.02575,0.49583333333333335
cicids2017,concept,1.0,xgb,13,dual,0.3,0.12345679012345678,0.02575,0.49583333333333335
cicids2017,concept,1.0,mlp,13,ks,0.1,0.12345679012345678,0.02575,0.50125
cicids2017,concept,1.0,mlp,13,cond_ks,0.2,0.12345679012345678,0.02575,0.50125
cicids2017,concept,1.0,mlp,13,random,0.1,0.12345679012345678,0.02575,0.50125
cicids2017,concept,1.0,mlp,13,domain_shap,0.1,0.12345679012345678,0.02575,0.50125
cicids2017,concept,1.0,mlp,13,perm_domain,0.1,0.12345679012345678,0.02575,0.50125
cicids2017,concept,1.0,mlp,13,aux_shap,0.3,0.12345679012345678,0.02575,0.50125
cicids2017,concept,1.0,mlp,13,dual,0.3,0.12345679012345678,0.02575,0.50125
cicids2017,concept,1.0,rf,99,ks,0.2,0.12345679012345678,0.03375,0.52125
cicids2017,concept,1.0,rf,99,cond_ks,0.4,0.12345679012345678,0.03375,0.52125
cicids2017,concept,1.0,rf,99,random,0.0,0.12345679012345678,0.03375,0.52125
cicids2017,concept,1.0,rf,99,domain_shap,0.2,0.12345679012345678,0.03375,0.52125
cicids2017,concept,1.0,rf,99,perm_domain,0.2,0.12345679012345678,0.03375,0.52125
cicids2017,concept,1.0,rf,99,aux_shap,0.2,0.12345679012345678,0.03375,0.52125
cicids2017,concept,1.0,rf,99,dual,0.2,0.12345679012345678,0.03375,0.52125
cicids2017,concept,1.0,xgb,99,ks,0.2,0.12345679012345678,0.03375,0.5008333333333334
cicids2017,concept,1.0,xgb,99,cond_ks,0.4,0.12345679012345678,0.03375,0.5008333333333334
cicids2017,concept,1.0,xgb,99,random,0.0,0.12345679012345678,0.03375,0.5008333333333334
cicids2017,concept,1.0,xgb,99,domain_shap,0.2,0.12345679012345678,0.03375,0.5008333333333334
cicids2017,concept,1.0,xgb,99,perm_domain,0.1,0.12345679012345678,0.03375,0.5008333333333334
cicids2017,concept,1.0,xgb,99,aux_shap,0.3,0.12345679012345678,0.03375,0.5008333333333334
cicids2017,concept,1.0,xgb,99,dual,0.3,0.12345679012345678,0.03375,0.5008333333333334
cicids2017,concept,1.0,mlp,99,ks,0.2,0.12345679012345678,0.03375,0.5145833333333333
cicids2017,concept,1.0,mlp,99,cond_ks,0.4,0.12345679012345678,0.03375,0.5145833333333333
cicids2017,concept,1.0,mlp,99,random,0.0,0.12345679012345678,0.03375,0.5145833333333333
cicids2017,concept,1.0,mlp,99,domain_shap,0.3,0.12345679012345678,0.03375,0.5145833333333333
cicids2017,concept,1.0,mlp,99,perm_domain,0.1,0.12345679012345678,0.03375,0.5145833333333333
cicids2017,concept,1.0,mlp,99,aux_shap,0.3,0.12345679012345678,0.03375,0.5145833333333333
cicids2017,concept,1.0,mlp,99,dual,0.2,0.12345679012345678,0.03375,0.5145833333333333
unsw_nb15,covariate,0.1,rf,42,ks,1.0,0.23809523809523808,0.104,0.5466666666666666
unsw_nb15,covariate,0.1,rf,42,cond_ks,0.3,0.23809523809523808,0.104,0.5466666666666666
unsw_nb15,covariate,0.1,rf,42,random,0.2,0.23809523809523808,0.104,0.5466666666666666
unsw_nb15,covariate,0.1,rf,42,domain_shap,0.7,0.23809523809523808,0.104,0.5466666666666666
unsw_nb15,covariate,0.1,rf,42,perm_domain,0.3,0.23809523809523808,0.104,0.5466666666666666
unsw_nb15,covariate,0.1,rf,42,aux_shap,0.0,0.23809523809523808,0.104,0.5466666666666666
unsw_nb15,covariate,0.1,rf,42,dual,0.3,0.23809523809523808,0.104,0.5466666666666666
unsw_nb15,covariate,0.1,xgb,42,ks,1.0,0.23809523809523808,0.104,0.54125
unsw_nb15,covariate,0.1,xgb,42,cond_ks,0.3,0.23809523809523808,0.104,0.54125
unsw_nb15,covariate,0.1,xgb,42,random,0.2,0.23809523809523808,0.104,0.54125
unsw_nb15,covariate,0.1,xgb,42,domain_shap,0.6,0.23809523809523808,0.104,0.54125
unsw_nb15,covariate,0.1,xgb,42,perm_domain,0.1,0.23809523809523808,0.104,0.54125
unsw_nb15,covariate,0.1,xgb,42,aux_shap,0.0,0.23809523809523808,0.104,0.54125
unsw_nb15,covariate,0.1,xgb,42,dual,0.4,0.23809523809523808,0.104,0.54125
unsw_nb15,covariate,0.1,mlp,42,ks,1.0,0.23809523809523808,0.104,0.53125
unsw_nb15,covariate,0.1,mlp,42,cond_ks,0.3,0.23809523809523808,0.104,0.53125
unsw_nb15,covariate,0.1,mlp,42,random,0.2,0.23809523809523808,0.104,0.53125
unsw_nb15,covariate,0.1,mlp,42,domain_shap,0.5,0.23809523809523808,0.104,0.53125
unsw_nb15,covariate,0.1,mlp,42,perm_domain,0.2,0.23809523809523808,0.104,0.53125
unsw_nb15,covariate,0.1,mlp,42,aux_shap,0.0,0.23809523809523808,0.104,0.53125
unsw_nb15,covariate,0.1,mlp,42,dual,0.2,0.23809523809523808,0.104,0.53125
unsw_nb15,covariate,0.1,rf,1,ks,1.0,0.23809523809523808,0.10025,0.5291666666666667
unsw_nb15,covariate,0.1,rf,1,cond_ks,0.3,0.23809523809523808,0.10025,0.5291666666666667
unsw_nb15,covariate,0.1,rf,1,random,0.3,0.23809523809523808,0.10025,0.5291666666666667
unsw_nb15,covariate,0.1,rf,1,domain_shap,0.8,0.23809523809523808,0.10025,0.5291666666666667
unsw_nb15,covariate,0.1,rf,1,perm_domain,0.2,0.23809523809523808,0.10025,0.5291666666666667
unsw_nb15,covariate,0.1,rf,1,aux_shap,0.0,0.23809523809523808,0.10025,0.5291666666666667
unsw_nb15,covariate,0.1,rf,1,dual,0.4,0.23809523809523808,0.10025,0.5291666666666667
unsw_nb15,covariate,0.1,xgb,1,ks,1.0,0.23809523809523808,0.10025,0.5316666666666666
unsw_nb15,covariate,0.1,xgb,1,cond_ks,0.3,0.23809523809523808,0.10025,0.5316666666666666
unsw_nb15,covariate,0.1,xgb,1,random,0.3,0.23809523809523808,0.10025,0.5316666666666666
unsw_nb15,covariate,0.1,xgb,1,domain_shap,0.5,0.23809523809523808,0.10025,0.5316666666666666
unsw_nb15,covariate,0.1,xgb,1,perm_domain,0.3,0.23809523809523808,0.10025,0.5316666666666666
unsw_nb15,covariate,0.1,xgb,1,aux_shap,0.0,0.23809523809523808,0.10025,0.5316666666666666
unsw_nb15,covariate,0.1,xgb,1,dual,0.1,0.23809523809523808,0.10025,0.5316666666666666
unsw_nb15,covariate,0.1,mlp,1,ks,1.0,0.23809523809523808,0.10025,0.5433333333333333
unsw_nb15,covariate,0.1,mlp,1,cond_ks,0.3,0.23809523809523808,0.10025,0.5433333333333333
unsw_nb15,covariate,0.1,mlp,1,random,0.3,0.23809523809523808,0.10025,0.5433333333333333
unsw_nb15,covariate,0.1,mlp,1,domain_shap,0.4,0.23809523809523808,0.10025,0.5433333333333333
unsw_nb15,covariate,0.1,mlp,1,perm_domain,0.2,0.23809523809523808,0.10025,0.5433333333333333
unsw_nb15,covariate,0.1,mlp,1,aux_shap,0.1,0.23809523809523808,0.10025,0.5433333333333333
unsw_nb15,covariate,0.1,mlp,1,dual,0.2,0.23809523809523808,0.10025,0.5433333333333333
unsw_nb15,covariate,0.1,rf,7,ks,1.0,0.23809523809523808,0.103,0.53125
unsw_nb15,covariate,0.1,rf,7,cond_ks,0.4,0.23809523809523808,0.103,0.53125
unsw_nb15,covariate,0.1,rf,7,random,0.4,0.23809523809523808,0.103,0.53125
unsw_nb15,covariate,0.1,rf,7,domain_shap,0.9,0.23809523809523808,0.103,0.53125
unsw_nb15,covariate,0.1,rf,7,perm_domain,0.1,0.23809523809523808,0.103,0.53125
unsw_nb15,covariate,0.1,rf,7,aux_shap,0.0,0.23809523809523808,0.103,0.53125
unsw_nb15,covariate,0.1,rf,7,dual,0.4,0.23809523809523808,0.103,0.53125
unsw_nb15,covariate,0.1,xgb,7,ks,1.0,0.23809523809523808,0.103,0.5175
unsw_nb15,covariate,0.1,xgb,7,cond_ks,0.4,0.23809523809523808,0.103,0.5175
unsw_nb15,covariate,0.1,xgb,7,random,0.4,0.23809523809523808,0.103,0.5175
unsw_nb15,covariate,0.1,xgb,7,domain_shap,0.4,0.23809523809523808,0.103,0.5175
unsw_nb15,covariate,0.1,xgb,7,perm_domain,0.2,0.23809523809523808,0.103,0.5175
unsw_nb15,covariate,0.1,xgb,7,aux_shap,0.0,0.23809523809523808,0.103,0.5175
unsw_nb15,covariate,0.1,xgb,7,dual,0.0,0.23809523809523808,0.103,0.5175
unsw_nb15,covariate,0.1,mlp,7,ks,1.0,0.23809523809523808,0.103,0.5404166666666667
unsw_nb15,covariate,0.1,mlp,7,cond_ks,0.4,0.23809523809523808,0.103,0.5404166666666667
unsw_nb15,covariate,0.1,mlp,7,random,0.4,0.23809523809523808,0.103,0.5404166666666667
unsw_nb15,covariate,0.1,mlp,7,domain_shap,0.5,0.23809523809523808,0.103,0.5404166666666667
unsw_nb15,covariate,0.1,mlp,7,perm_domain,0.2,0.23809523809523808,0.103,0.5404166666666667
unsw_nb15,covariate,0.1,mlp,7,aux_shap,0.2,0.23809523809523808,0.103,0.5404166666666667
unsw_nb15,covariate,0.1,mlp,7,dual,0.3,0.23809523809523808,0.103,0.5404166666666667
unsw_nb15,covariate,0.1,rf,13,ks,1.0,0.23809523809523808,0.0995,0.5358333333333334
unsw_nb15,covariate,0.1,rf,13,cond_ks,0.3,0.23809523809523808,0.0995,0.5358333333333334
unsw_nb15,covariate,0.1,rf,13,random,0.4,0.23809523809523808,0.0995,0.5358333333333334
unsw_nb15,covariate,0.1,rf,13,domain_shap,0.9,0.23809523809523808,0.0995,0.5358333333333334
unsw_nb15,covariate,0.1,rf,13,perm_domain,0.2,0.23809523809523808,0.0995,0.5358333333333334
unsw_nb15,covariate,0.1,rf,13,aux_shap,0.1,0.23809523809523808,0.0995,0.5358333333333334
unsw_nb15,covariate,0.1,rf,13,dual,0.3,0.23809523809523808,0.0995,0.5358333333333334
unsw_nb15,covariate,0.1,xgb,13,ks,1.0,0.23809523809523808,0.0995,0.5304166666666666
unsw_nb15,covariate,0.1,xgb,13,cond_ks,0.3,0.23809523809523808,0.0995,0.5304166666666666
unsw_nb15,covariate,0.1,xgb,13,random,0.4,0.23809523809523808,0.0995,0.5304166666666666
unsw_nb15,covariate,0.1,xgb,13,domain_shap,0.5,0.23809523809523808,0.0995,0.5304166666666666
unsw_nb15,covariate,0.1,xgb,13,perm_domain,0.4,0.23809523809523808,0.0995,0.5304166666666666
unsw_nb15,covariate,0.1,xgb,13,aux_shap,0.2,0.23809523809523808,0.0995,0.5304166666666666
unsw_nb15,covariate,0.1,xgb,13,dual,0.4,0.23809523809523808,0.0995,0.5304166666666666
unsw_nb15,covariate,0.1,mlp,13,ks,1.0,0.23809523809523808,0.0995,0.53375
unsw_nb15,covariate,0.1,mlp,13,cond_ks,0.3,0.23809523809523808,0.0995,0.53375
unsw_nb15,covariate,0.1,mlp,13,random,0.4,0.23809523809523808,0.0995,0.53375
unsw_nb15,covariate,0.1,mlp,13,domain_shap,0.6,0.23809523809523808,0.0995,0.53375
unsw_nb15,covariate,0.1,mlp,13,perm_domain,0.0,0.23809523809523808,0.0995,0.53375
unsw_nb15,covariate,0.1,mlp,13,aux_shap,0.3,0.23809523809523808,0.0995,0.53375
unsw_nb15,covariate,0.1,mlp,13,dual,0.4,0.23809523809523808,0.0995,0.53375
unsw_nb15,covariate,0.1,rf,99,ks,1.0,0.23809523809523808,0.10575,0.5404166666666667
unsw_nb15,covariate,0.1,rf,99,cond_ks,0.2,0.23809523809523808,0.10575,0.5404166666666667
unsw_nb15,covariate,0.1,rf,99,random,0.3,0.23809523809523808,0.10575,0.5404166666666667
unsw_nb15,covariate,0.1,rf,99,domain_shap,0.7,0.23809523809523808,0.10575,0.5404166666666667
unsw_nb15,covariate,0.1,rf,99,perm_domain,0.3,0.23809523809523808,0.10575,0.5404166666666667
unsw_nb15,covariate,0.1,rf,99,aux_shap,0.0,0.23809523809523808,0.10575,0.5404166666666667
unsw_nb15,covariate,0.1,rf,99,dual,0.3,0.23809523809523808,0.10575,0.5404166666666667
unsw_nb15,covariate,0.1,xgb,99,ks,1.0,0.23809523809523808,0.10575,0.5279166666666667
unsw_nb15,covariate,0.1,xgb,99,cond_ks,0.2,0.23809523809523808,0.10575,0.5279166666666667
unsw_nb15,covariate,0.1,xgb,99,random,0.3,0.23809523809523808,0.10575,0.5279166666666667
unsw_nb15,covariate,0.1,xgb,99,domain_shap,0.5,0.23809523809523808,0.10575,0.5279166666666667
unsw_nb15,covariate,0.1,xgb,99,perm_domain,0.4,0.23809523809523808,0.10575,0.5279166666666667
unsw_nb15,covariate,0.1,xgb,99,aux_shap,0.0,0.23809523809523808,0.10575,0.5279166666666667
unsw_nb15,covariate,0.1,xgb,99,dual,0.2,0.23809523809523808,0.10575,0.5279166666666667
unsw_nb15,covariate,0.1,mlp,99,ks,1.0,0.23809523809523808,0.10575,0.5429166666666667
unsw_nb15,covariate,0.1,mlp,99,cond_ks,0.2,0.23809523809523808,0.10575,0.5429166666666667
unsw_nb15,covariate,0.1,mlp,99,random,0.3,0.23809523809523808,0.10575,0.5429166666666667
unsw_nb15,covariate,0.1,mlp,99,domain_shap,0.7,0.23809523809523808,0.10575,0.5429166666666667
unsw_nb15,covariate,0.1,mlp,99,perm_domain,0.0,0.23809523809523808,0.10575,0.5429166666666667
unsw_nb15,covariate,0.1,mlp,99,aux_shap,0.1,0.23809523809523808,0.10575,0.5429166666666667
unsw_nb15,covariate,0.1,mlp,99,dual,0.2,0.23809523809523808,0.10575,0.5429166666666667
unsw_nb15,covariate,0.25,rf,42,ks,1.0,0.23809523809523808,0.2535,0.62
unsw_nb15,covariate,0.25,rf,42,cond_ks,0.3,0.23809523809523808,0.2535,0.62
unsw_nb15,covariate,0.25,rf,42,random,0.2,0.23809523809523808,0.2535,0.62
unsw_nb15,covariate,0.25,rf,42,domain_shap,0.9,0.23809523809523808,0.2535,0.62
unsw_nb15,covariate,0.25,rf,42,perm_domain,0.6,0.23809523809523808,0.2535,0.62
unsw_nb15,covariate,0.25,rf,42,aux_shap,0.0,0.23809523809523808,0.2535,0.62
unsw_nb15,covariate,0.25,rf,42,dual,0.4,0.23809523809523808,0.2535,0.62
unsw_nb15,covariate,0.25,xgb,42,ks,1.0,0.23809523809523808,0.2535,0.5954166666666667
unsw_nb15,covariate,0.25,xgb,42,cond_ks,0.3,0.23809523809523808,0.2535,0.5954166666666667
unsw_nb15,covariate,0.25,xgb,42,random,0.2,0.23809523809523808,0.2535,0.5954166666666667
unsw_nb15,covariate,0.25,xgb,42,domain_shap,0.8,0.23809523809523808,0.2535,0.5954166666666667
unsw_nb15,covariate,0.25,xgb,42,perm_domain,0.4,0.23809523809523808,0.2535,0.5954166666666667
unsw_nb15,covariate,0.25,xgb,42,aux_shap,0.0,0.23809523809523808,0.2535,0.5954166666666667
unsw_nb15,covariate,0.25,xgb,42,dual,0.3,0.23809523809523808,0.2535,0.5954166666666667
unsw_nb15,covariate,0.25,mlp,42,ks,1.0,0.23809523809523808,0.2535,0.6145833333333334
unsw_nb15,covariate,0.25,mlp,42,cond_ks,0.3,0.23809523809523808,0.2535,0.6145833333333334
unsw_nb15,covariate,0.25,mlp,42,random,0.2,0.23809523809523808,0.2535,0.6145833333333334
unsw_nb15,covariate,0.25,mlp,42,domain_shap,0.8,0.23809523809523808,0.2535,0.6145833333333334
unsw_nb15,covariate,0.25,mlp,42,perm_domain,0.9,0.23809523809523808,0.2535,0.6145833333333334
unsw_nb15,covariate,0.25,mlp,42,aux_shap,0.0,0.23809523809523808,0.2535,0.6145833333333334
unsw_nb15,covariate,0.25,mlp,42,dual,0.3,0.23809523809523808,0.2535,0.6145833333333334
unsw_nb15,covariate,0.25,rf,1,ks,1.0,0.23809523809523808,0.24025,0.6170833333333333
unsw_nb15,covariate,0.25,rf,1,cond_ks,0.4,0.23809523809523808,0.24025,0.6170833333333333
unsw_nb15,covariate,0.25,rf,1,random,0.3,0.23809523809523808,0.24025,0.6170833333333333
unsw_nb15,covariate,0.25,rf,1,domain_shap,0.9,0.23809523809523808,0.24025,0.6170833333333333
unsw_nb15,covariate,0.25,rf,1,perm_domain,0.5,0.23809523809523808,0.24025,0.6170833333333333
unsw_nb15,covariate,0.25,rf,1,aux_shap,0.0,0.23809523809523808,0.24025,0.6170833333333333
unsw_nb15,covariate,0.25,rf,1,dual,0.5,0.23809523809523808,0.24025,0.6170833333333333
unsw_nb15,covariate,0.25,xgb,1,ks,1.0,0.23809523809523808,0.24025,0.5804166666666667
unsw_nb15,covariate,0.25,xgb,1,cond_ks,0.4,0.23809523809523808,0.24025,0.5804166666666667
unsw_nb15,covariate,0.25,xgb,1,random,0.3,0.23809523809523808,0.24025,0.5804166666666667
unsw_nb15,covariate,0.25,xgb,1,domain_shap,0.6,0.23809523809523808,0.24025,0.5804166666666667
unsw_nb15,covariate,0.25,xgb,1,perm_domain,0.4,0.23809523809523808,0.24025,0.5804166666666667
unsw_nb15,covariate,0.25,xgb,1,aux_shap,0.0,0.23809523809523808,0.24025,0.5804166666666667
unsw_nb15,covariate,0.25,xgb,1,dual,0.3,0.23809523809523808,0.24025,0.5804166666666667
unsw_nb15,covariate,0.25,mlp,1,ks,1.0,0.23809523809523808,0.24025,0.59375
unsw_nb15,covariate,0.25,mlp,1,cond_ks,0.4,0.23809523809523808,0.24025,0.59375
unsw_nb15,covariate,0.25,mlp,1,random,0.3,0.23809523809523808,0.24025,0.59375
unsw_nb15,covariate,0.25,mlp,1,domain_shap,0.6,0.23809523809523808,0.24025,0.59375
unsw_nb15,covariate,0.25,mlp,1,perm_domain,0.6,0.23809523809523808,0.24025,0.59375
unsw_nb15,covariate,0.25,mlp,1,aux_shap,0.1,0.23809523809523808,0.24025,0.59375
unsw_nb15,covariate,0.25,mlp,1,dual,0.4,0.23809523809523808,0.24025,0.59375
unsw_nb15,covariate,0.25,rf,7,ks,1.0,0.23809523809523808,0.24575,0.6083333333333333
unsw_nb15,covariate,0.25,rf,7,cond_ks,0.6,0.23809523809523808,0.24575,0.6083333333333333
unsw_nb15,covariate,0.25,rf,7,random,0.4,0.23809523809523808,0.24575,0.6083333333333333
unsw_nb15,covariate,0.25,rf,7,domain_shap,1.0,0.23809523809523808,0.24575,0.6083333333333333
unsw_nb15,covariate,0.25,rf,7,perm_domain,0.3,0.23809523809523808,0.24575,0.6083333333333333
unsw_nb15,covariate,0.25,rf,7,aux_shap,0.0,0.23809523809523808,0.24575,0.6083333333333333
unsw_nb15,covariate,0.25,rf,7,dual,0.5,0.23809523809523808,0.24575,0.6083333333333333
unsw_nb15,covariate,0.25,xgb,7,ks,1.0,0.23809523809523808,0.24575,0.57125
unsw_nb15,covariate,0.25,xgb,7,cond_ks,0.6,0.23809523809523808,0.24575,0.57125
unsw_nb15,covariate,0.25,xgb,7,random,0.4,0.23809523809523808,0.24575,0.57125
unsw_nb15,covariate,0.25,xgb,7,domain_shap,0.6,0.23809523809523808,0.24575,0.57125
unsw_nb15,covariate,0.25,xgb,7,perm_domain,0.2,0.23809523809523808,0.24575,0.57125
unsw_nb15,covariate,0.25,xgb,7,aux_shap,0.0,0.23809523809523808,0.24575,0.57125
unsw_nb15,covariate,0.25,xgb,7,dual,0.1,0.23809523809523808,0.24575,0.57125
unsw_nb15,covariate,0.25,mlp,7,ks,1.0,0.23809523809523808,0.24575,0.61625
unsw_nb15,covariate,0.25,mlp,7,cond_ks,0.6,0.23809523809523808,0.24575,0.61625
unsw_nb15,covariate,0.25,mlp,7,random,0.4,0.23809523809523808,0.24575,0.61625
unsw_nb15,covariate,0.25,mlp,7,domain_shap,0.7,0.23809523809523808,0.24575,0.61625
unsw_nb15,covariate,0.25,mlp,7,perm_domain,0.5,0.23809523809523808,0.24575,0.61625
unsw_nb15,covariate,0.25,mlp,7,aux_shap,0.3,0.23809523809523808,0.24575,0.61625
unsw_nb15,covariate,0.25,mlp,7,dual,0.3,0.23809523809523808,0.24575,0.61625
unsw_nb15,covariate,0.25,rf,13,ks,1.0,0.23809523809523808,0.2495,0.6104166666666667
unsw_nb15,covariate,0.25,rf,13,cond_ks,0.5,0.23809523809523808,0.2495,0.6104166666666667
unsw_nb15,covariate,0.25,rf,13,random,0.4,0.23809523809523808,0.2495,0.6104166666666667
unsw_nb15,covariate,0.25,rf,13,domain_shap,1.0,0.23809523809523808,0.2495,0.6104166666666667
unsw_nb15,covariate,0.25,rf,13,perm_domain,0.4,0.23809523809523808,0.2495,0.6104166666666667
unsw_nb15,covariate,0.25,rf,13,aux_shap,0.1,0.23809523809523808,0.2495,0.6104166666666667
unsw_nb15,covariate,0.25,rf,13,dual,0.4,0.23809523809523808,0.2495,0.6104166666666667
unsw_nb15,covariate,0.25,xgb,13,ks,1.0,0.23809523809523808,0.2495,0.58125
unsw_nb15,covariate,0.25,xgb,13,cond_ks,0.5,0.23809523809523808,0.2495,0.58125
unsw_nb15,covariate,0.25,xgb,13,random,0.4,0.23809523809523808,0.2495,0.58125
unsw_nb15,covariate,0.25,xgb,13,domain_shap,0.8,0.23809523809523808,0.2495,0.58125
unsw_nb15,covariate,0.25,xgb,13,perm_domain,0.5,0.23809523809523808,0.2495,0.58125
unsw_nb15,covariate,0.25,xgb,13,aux_shap,0.3,0.23809523809523808,0.2495,0.58125
unsw_nb15,covariate,0.25,xgb,13,dual,0.4,0.23809523809523808,0.2495,0.58125
unsw_nb15,covariate,0.25,mlp,13,ks,1.0,0.23809523809523808,0.2495,0.6158333333333333
unsw_nb15,covariate,0.25,mlp,13,cond_ks,0.5,0.23809523809523808,0.2495,0.6158333333333333
unsw_nb15,covariate,0.25,mlp,13,random,0.4,0.23809523809523808,0.2495,0.6158333333333333
unsw_nb15,covariate,0.25,mlp,13,domain_shap,0.7,0.23809523809523808,0.2495,0.6158333333333333
unsw_nb15,covariate,0.25,mlp,13,perm_domain,0.3,0.23809523809523808,0.2495,0.6158333333333333
unsw_nb15,covariate,0.25,mlp,13,aux_shap,0.4,0.23809523809523808,0.2495,0.6158333333333333
unsw_nb15,covariate,0.25,mlp,13,dual,0.3,0.23809523809523808,0.2495,0.6158333333333333
unsw_nb15,covariate,0.25,rf,99,ks,1.0,0.23809523809523808,0.248,0.6104166666666667
unsw_nb15,covariate,0.25,rf,99,cond_ks,0.4,0.23809523809523808,0.248,0.6104166666666667
unsw_nb15,covariate,0.25,rf,99,random,0.3,0.23809523809523808,0.248,0.6104166666666667
unsw_nb15,covariate,0.25,rf,99,domain_shap,0.9,0.23809523809523808,0.248,0.6104166666666667
unsw_nb15,covariate,0.25,rf,99,perm_domain,0.4,0.23809523809523808,0.248,0.6104166666666667
unsw_nb15,covariate,0.25,rf,99,aux_shap,0.0,0.23809523809523808,0.248,0.6104166666666667
unsw_nb15,covariate,0.25,rf,99,dual,0.4,0.23809523809523808,0.248,0.6104166666666667
unsw_nb15,covariate,0.25,xgb,99,ks,1.0,0.23809523809523808,0.248,0.5833333333333334
unsw_nb15,covariate,0.25,xgb,99,cond_ks,0.4,0.23809523809523808,0.248,0.5833333333333334
unsw_nb15,covariate,0.25,xgb,99,random,0.3,0.23809523809523808,0.248,0.5833333333333334
unsw_nb15,covariate,0.25,xgb,99,domain_shap,0.5,0.23809523809523808,0.248,0.5833333333333334
unsw_nb15,covariate,0.25,xgb,99,perm_domain,0.7,0.23809523809523808,0.248,0.5833333333333334
unsw_nb15,covariate,0.25,xgb,99,aux_shap,0.0,0.23809523809523808,0.248,0.5833333333333334
unsw_nb15,covariate,0.25,xgb,99,dual,0.2,0.23809523809523808,0.248,0.5833333333333334
unsw_nb15,covariate,0.25,mlp,99,ks,1.0,0.23809523809523808,0.248,0.6166666666666667
unsw_nb15,covariate,0.25,mlp,99,cond_ks,0.4,0.23809523809523808,0.248,0.6166666666666667
unsw_nb15,covariate,0.25,mlp,99,random,0.3,0.23809523809523808,0.248,0.6166666666666667
unsw_nb15,covariate,0.25,mlp,99,domain_shap,0.7,0.23809523809523808,0.248,0.6166666666666667
unsw_nb15,covariate,0.25,mlp,99,perm_domain,0.6,0.23809523809523808,0.248,0.6166666666666667
unsw_nb15,covariate,0.25,mlp,99,aux_shap,0.1,0.23809523809523808,0.248,0.6166666666666667
unsw_nb15,covariate,0.25,mlp,99,dual,0.2,0.23809523809523808,0.248,0.6166666666666667
unsw_nb15,covariate,0.5,rf,42,ks,1.0,0.23809523809523808,0.49425,0.7379166666666667
unsw_nb15,covariate,0.5,rf,42,cond_ks,0.3,0.23809523809523808,0.49425,0.7379166666666667
unsw_nb15,covariate,0.5,rf,42,random,0.2,0.23809523809523808,0.49425,0.7379166666666667
unsw_nb15,covariate,0.5,rf,42,domain_shap,1.0,0.23809523809523808,0.49425,0.7379166666666667
unsw_nb15,covariate,0.5,rf,42,perm_domain,0.5,0.23809523809523808,0.49425,0.7379166666666667
unsw_nb15,covariate,0.5,rf,42,aux_shap,0.0,0.23809523809523808,0.49425,0.7379166666666667
unsw_nb15,covariate,0.5,rf,42,dual,0.5,0.23809523809523808,0.49425,0.7379166666666667
unsw_nb15,covariate,0.5,xgb,42,ks,1.0,0.23809523809523808,0.49425,0.7108333333333333
unsw_nb15,covariate,0.5,xgb,42,cond_ks,0.3,0.23809523809523808,0.49425,0.7108333333333333
unsw_nb15,covariate,0.5,xgb,42,random,0.2,0.23809523809523808,0.49425,0.7108333333333333
unsw_nb15,covariate,0.5,xgb,42,domain_shap,0.7,0.23809523809523808,0.49425,0.7108333333333333
unsw_nb15,covariate,0.5,xgb,42,perm_domain,0.6,0.23809523809523808,0.49425,0.7108333333333333
unsw_nb15,covariate,0.5,xgb,42,aux_shap,0.0,0.23809523809523808,0.49425,0.7108333333333333
unsw_nb15,covariate,0.5,xgb,42,dual,0.4,0.23809523809523808,0.49425,0.7108333333333333
unsw_nb15,covariate,0.5,mlp,42,ks,1.0,0.23809523809523808,0.49425,0.7391666666666666
unsw_nb15,covariate,0.5,mlp,42,cond_ks,0.3,0.23809523809523808,0.49425,0.7391666666666666
unsw_nb15,covariate,0.5,mlp,42,random,0.2,0.23809523809523808,0.49425,0.7391666666666666
unsw_nb15,covariate,0.5,mlp,42,domain_shap,0.9,0.23809523809523808,0.49425,0.7391666666666666
unsw_nb15,covariate,0.5,mlp,42,perm_domain,0.8,0.23809523809523808,0.49425,0.7391666666666666
unsw_nb15,covariate,0.5,mlp,42,aux_shap,0.1,0.23809523809523808,0.49425,0.7391666666666666
unsw_nb15,covariate,0.5,mlp,42,dual,0.3,0.23809523809523808,0.49425,0.7391666666666666
unsw_nb15,covariate,0.5,rf,1,ks,1.0,0.23809523809523808,0.4955,0.7495833333333334
unsw_nb15,covariate,0.5,rf,1,cond_ks,0.3,0.23809523809523808,0.4955,0.7495833333333334
unsw_nb15,covariate,0.5,rf,1,random,0.3,0.23809523809523808,0.4955,0.7495833333333334
unsw_nb15,covariate,0.5,rf,1,domain_shap,1.0,0.23809523809523808,0.4955,0.7495833333333334
unsw_nb15,covariate,0.5,rf,1,perm_domain,0.5,0.23809523809523808,0.4955,0.7495833333333334
unsw_nb15,covariate,0.5,rf,1,aux_shap,0.0,0.23809523809523808,0.4955,0.7495833333333334
unsw_nb15,covariate,0.5,rf,1,dual,0.5,0.23809523809523808,0.4955,0.7495833333333334
unsw_nb15,covariate,0.5,xgb,1,ks,1.0,0.23809523809523808,0.4955,0.7179166666666666
unsw_nb15,covariate,0.5,xgb,1,cond_ks,0.3,0.23809523809523808,0.4955,0.7179166666666666
unsw_nb15,covariate,0.5,xgb,1,random,0.3,0.23809523809523808,0.4955,0.7179166666666666
unsw_nb15,covariate,0.5,xgb,1,domain_shap,0.7,0.23809523809523808,0.4955,0.7179166666666666
unsw_nb15,covariate,0.5,xgb,1,perm_domain,0.7,0.23809523809523808,0.4955,0.7179166666666666
unsw_nb15,covariate,0.5,xgb,1,aux_shap,0.0,0.23809523809523808,0.4955,0.7179166666666666
unsw_nb15,covariate,0.5,xgb,1,dual,0.3,0.23809523809523808,0.4955,0.7179166666666666
unsw_nb15,covariate,0.5,mlp,1,ks,1.0,0.23809523809523808,0.4955,0.7495833333333334
unsw_nb15,covariate,0.5,mlp,1,cond_ks,0.3,0.23809523809523808,0.4955,0.7495833333333334
unsw_nb15,covariate,0.5,mlp,1,random,0.3,0.23809523809523808,0.4955,0.7495833333333334
unsw_nb15,covariate,0.5,mlp,1,domain_shap,0.8,0.23809523809523808,0.4955,0.7495833333333334
unsw_nb15,covariate,0.5,mlp,1,perm_domain,0.7,0.23809523809523808,0.4955,0.7495833333333334
unsw_nb15,covariate,0.5,mlp,1,aux_shap,0.2,0.23809523809523808,0.4955,0.7495833333333334
unsw_nb15,covariate,0.5,mlp,1,dual,0.4,0.23809523809523808,0.4955,0.7495833333333334
unsw_nb15,covariate,0.5,rf,7,ks,1.0,0.23809523809523808,0.4925,0.7395833333333334
unsw_nb15,covariate,0.5,rf,7,cond_ks,0.6,0.23809523809523808,0.4925,0.7395833333333334
unsw_nb15,covariate,0.5,rf,7,random,0.4,0.23809523809523808,0.4925,0.7395833333333334
unsw_nb15,covariate,0.5,rf,7,domain_shap,1.0,0.23809523809523808,0.4925,0.7395833333333334
unsw_nb15,covariate,0.5,rf,7,perm_domain,0.6,0.23809523809523808,0.4925,0.7395833333333334
unsw_nb15,covariate,0.5,rf,7,aux_shap,0.0,0.23809523809523808,0.4925,0.7395833333333334
unsw_nb15,covariate,0.5,rf,7,dual,0.4,0.23809523809523808,0.4925,0.7395833333333334
unsw_nb15,covariate,0.5,xgb,7,ks,1.0,0.23809523809523808,0.4925,0.69125
unsw_nb15,covariate,0.5,xgb,7,cond_ks,0.6,0.23809523809523808,0.4925,0.69125
unsw_nb15,covariate,0.5,xgb,7,random,0.4,0.23809523809523808,0.4925,0.69125
unsw_nb15,covariate,0.5,xgb,7,domain_shap,0.8,0.23809523809523808,0.4925,0.69125
unsw_nb15,covariate,0.5,xgb,7,perm_domain,0.4,0.23809523809523808,0.4925,0.69125
unsw_nb15,covariate,0.5,xgb,7,aux_shap,0.1,0.23809523809523808,0.4925,0.69125
unsw_nb15,covariate,0.5,xgb,7,dual,0.1,0.23809523809523808,0.4925,0.69125
unsw_nb15,covariate,0.5,mlp,7,ks,1.0,0.23809523809523808,0.4925,0.73375
unsw_nb15,covariate,0.5,mlp,7,cond_ks,0.6,0.23809523809523808,0.4925,0.73375
unsw_nb15,covariate,0.5,mlp,7,random,0.4,0.23809523809523808,0.4925,0.73375
unsw_nb15,covariate,0.5,mlp,7,domain_shap,0.8,0.23809523809523808,0.4925,0.73375
unsw_nb15,covariate,0.5,mlp,7,perm_domain,0.6,0.23809523809523808,0.4925,0.73375
unsw_nb15,covariate,0.5,mlp,7,aux_shap,0.3,0.23809523809523808,0.4925,0.73375
unsw_nb15,covariate,0.5,mlp,7,dual,0.3,0.23809523809523808,0.4925,0.73375
unsw_nb15,covariate,0.5,rf,13,ks,1.0,0.23809523809523808,0.48575,0.7575
unsw_nb15,covariate,0.5,rf,13,cond_ks,0.5,0.23809523809523808,0.48575,0.7575
unsw_nb15,covariate,0.5,rf,13,random,0.4,0.23809523809523808,0.48575,0.7575
unsw_nb15,covariate,0.5,rf,13,domain_shap,1.0,0.23809523809523808,0.48575,0.7575
unsw_nb15,covariate,0.5,rf,13,perm_domain,0.6,0.23809523809523808,0.48575,0.7575
unsw_nb15,covariate,0.5,rf,13,aux_shap,0.1,0.23809523809523808,0.48575,0.7575
unsw_nb15,covariate,0.5,rf,13,dual,0.3,0.23809523809523808,0.48575,0.7575
unsw_nb15,covariate,0.5,xgb,13,ks,1.0,0.23809523809523808,0.48575,0.7208333333333333
unsw_nb15,covariate,0.5,xgb,13,cond_ks,0.5,0.23809523809523808,0.48575,0.7208333333333333
unsw_nb15,covariate,0.5,xgb,13,random,0.4,0.23809523809523808,0.48575,0.7208333333333333
unsw_nb15,covariate,0.5,xgb,13,domain_shap,0.8,0.23809523809523808,0.48575,0.7208333333333333
unsw_nb15,covariate,0.5,xgb,13,perm_domain,0.7,0.23809523809523808,0.48575,0.7208333333333333
unsw_nb15,covariate,0.5,xgb,13,aux_shap,0.4,0.23809523809523808,0.48575,0.7208333333333333
unsw_nb15,covariate,0.5,xgb,13,dual,0.4,0.23809523809523808,0.48575,0.7208333333333333
unsw_nb15,covariate,0.5,mlp,13,ks,1.0,0.23809523809523808,0.48575,0.7558333333333334
unsw_nb15,covariate,0.5,mlp,13,cond_ks,0.5,0.23809523809523808,0.48575,0.7558333333333334
unsw_nb15,covariate,0.5,mlp,13,random,0.4,0.23809523809523808,0.48575,0.7558333333333334
unsw_nb15,covariate,0.5,mlp,13,domain_shap,0.8,0.23809523809523808,0.48575,0.7558333333333334
unsw_nb15,covariate,0.5,mlp,13,perm_domain,0.8,0.23809523809523808,0.48575,0.7558333333333334
unsw_nb15,covariate,0.5,mlp,13,aux_shap,0.3,0.23809523809523808,0.48575,0.7558333333333334
unsw_nb15,covariate,0.5,mlp,13,dual,0.4,0.23809523809523808,0.48575,0.7558333333333334
unsw_nb15,covariate,0.5,rf,99,ks,1.0,0.23809523809523808,0.50875,0.7475
unsw_nb15,covariate,0.5,rf,99,cond_ks,0.5,0.23809523809523808,0.50875,0.7475
unsw_nb15,covariate,0.5,rf,99,random,0.3,0.23809523809523808,0.50875,0.7475
unsw_nb15,covariate,0.5,rf,99,domain_shap,0.9,0.23809523809523808,0.50875,0.7475
unsw_nb15,covariate,0.5,rf,99,perm_domain,0.5,0.23809523809523808,0.50875,0.7475
unsw_nb15,covariate,0.5,rf,99,aux_shap,0.0,0.23809523809523808,0.50875,0.7475
unsw_nb15,covariate,0.5,rf,99,dual,0.5,0.23809523809523808,0.50875,0.7475
unsw_nb15,covariate,0.5,xgb,99,ks,1.0,0.23809523809523808,0.50875,0.7129166666666666
unsw_nb15,covariate,0.5,xgb,99,cond_ks,0.5,0.23809523809523808,0.50875,0.7129166666666666
unsw_nb15,covariate,0.5,xgb,99,random,0.3,0.23809523809523808,0.50875,0.7129166666666666
unsw_nb15,covariate,0.5,xgb,99,domain_shap,0.6,0.23809523809523808,0.50875,0.7129166666666666
unsw_nb15,covariate,0.5,xgb,99,perm_domain,0.6,0.23809523809523808,0.50875,0.7129166666666666
unsw_nb15,covariate,0.5,xgb,99,aux_shap,0.0,0.23809523809523808,0.50875,0.7129166666666666
unsw_nb15,covariate,0.5,xgb,99,dual,0.3,0.23809523809523808,0.50875,0.7129166666666666
unsw_nb15,covariate,0.5,mlp,99,ks,1.0,0.23809523809523808,0.50875,0.7545833333333334
unsw_nb15,covariate,0.5,mlp,99,cond_ks,0.5,0.23809523809523808,0.50875,0.7545833333333334
unsw_nb15,covariate,0.5,mlp,99,random,0.3,0.23809523809523808,0.50875,0.7545833333333334
unsw_nb15,covariate,0.5,mlp,99,domain_shap,0.8,0.23809523809523808,0.50875,0.7545833333333334
unsw_nb15,covariate,0.5,mlp,99,perm_domain,0.8,0.23809523809523808,0.50875,0.7545833333333334
unsw_nb15,covariate,0.5,mlp,99,aux_shap,0.1,0.23809523809523808,0.50875,0.7545833333333334
unsw_nb15,covariate,0.5,mlp,99,dual,0.2,0.23809523809523808,0.50875,0.7545833333333334
unsw_nb15,dependency,0.1,rf,42,ks,0.2,0.23809523809523808,0.027,0.54625
unsw_nb15,dependency,0.1,rf,42,cond_ks,0.3,0.23809523809523808,0.027,0.54625
unsw_nb15,dependency,0.1,rf,42,random,0.2,0.23809523809523808,0.027,0.54625
unsw_nb15,dependency,0.1,rf,42,domain_shap,0.4,0.23809523809523808,0.027,0.54625
unsw_nb15,dependency,0.1,rf,42,perm_domain,0.2,0.23809523809523808,0.027,0.54625
unsw_nb15,dependency,0.1,rf,42,aux_shap,0.0,0.23809523809523808,0.027,0.54625
unsw_nb15,dependency,0.1,rf,42,dual,0.4,0.23809523809523808,0.027,0.54625
unsw_nb15,dependency,0.1,xgb,42,ks,0.2,0.23809523809523808,0.027,0.5441666666666667
unsw_nb15,dependency,0.1,xgb,42,cond_ks,0.3,0.23809523809523808,0.027,0.5441666666666667
unsw_nb15,dependency,0.1,xgb,42,random,0.2,0.23809523809523808,0.027,0.5441666666666667
unsw_nb15,dependency,0.1,xgb,42,domain_shap,0.4,0.23809523809523808,0.027,0.5441666666666667
unsw_nb15,dependency,0.1,xgb,42,perm_domain,0.5,0.23809523809523808,0.027,0.5441666666666667
unsw_nb15,dependency,0.1,xgb,42,aux_shap,0.0,0.23809523809523808,0.027,0.5441666666666667
unsw_nb15,dependency,0.1,xgb,42,dual,0.3,0.23809523809523808,0.027,0.5441666666666667
unsw_nb15,dependency,0.1,mlp,42,ks,0.2,0.23809523809523808,0.027,0.50625
unsw_nb15,dependency,0.1,mlp,42,cond_ks,0.3,0.23809523809523808,0.027,0.50625
unsw_nb15,dependency,0.1,mlp,42,random,0.2,0.23809523809523808,0.027,0.50625
unsw_nb15,dependency,0.1,mlp,42,domain_shap,0.3,0.23809523809523808,0.027,0.50625
unsw_nb15,dependency,0.1,mlp,42,perm_domain,0.2,0.23809523809523808,0.027,0.50625
unsw_nb15,dependency,0.1,mlp,42,aux_shap,0.0,0.23809523809523808,0.027,0.50625
unsw_nb15,dependency,0.1,mlp,42,dual,0.2,0.23809523809523808,0.027,0.50625
unsw_nb15,dependency,0.1,rf,1,ks,0.3,0.23809523809523808,0.03,0.5225
unsw_nb15,dependency,0.1,rf,1,cond_ks,0.1,0.23809523809523808,0.03,0.5225
unsw_nb15,dependency,0.1,rf,1,random,0.3,0.23809523809523808,0.03,0.5225
unsw_nb15,dependency,0.1,rf,1,domain_shap,0.3,0.23809523809523808,0.03,0.5225
unsw_nb15,dependency,0.1,rf,1,perm_domain,0.1,0.23809523809523808,0.03,0.5225
unsw_nb15,dependency,0.1,rf,1,aux_shap,0.0,0.23809523809523808,0.03,0.5225
unsw_nb15,dependency,0.1,rf,1,dual,0.4,0.23809523809523808,0.03,0.5225
unsw_nb15,dependency,0.1,xgb,1,ks,0.3,0.23809523809523808,0.03,0.5266666666666666
unsw_nb15,dependency,0.1,xgb,1,cond_ks,0.1,0.23809523809523808,0.03,0.5266666666666666
unsw_nb15,dependency,0.1,xgb,1,random,0.3,0.23809523809523808,0.03,0.5266666666666666
unsw_nb15,dependency,0.1,xgb,1,domain_shap,0.5,0.23809523809523808,0.03,0.5266666666666666
unsw_nb15,dependency,0.1,xgb,1,perm_domain,0.4,0.23809523809523808,0.03,0.5266666666666666
unsw_nb15,dependency,0.1,xgb,1,aux_shap,0.0,0.23809523809523808,0.03,0.5266666666666666
unsw_nb15,dependency,0.1,xgb,1,dual,0.2,0.23809523809523808,0.03,0.5266666666666666
unsw_nb15,dependency,0.1,mlp,1,ks,0.3,0.23809523809523808,0.03,0.5295833333333333
unsw_nb15,dependency,0.1,mlp,1,cond_ks,0.1,0.23809523809523808,0.03,0.5295833333333333
unsw_nb15,dependency,0.1,mlp,1,random,0.3,0.23809523809523808,0.03,0.5295833333333333
unsw_nb15,dependency,0.1,mlp,1,domain_shap,0.4,0.23809523809523808,0.03,0.5295833333333333
unsw_nb15,dependency,0.1,mlp,1,perm_domain,0.2,0.23809523809523808,0.03,0.5295833333333333
unsw_nb15,dependency,0.1,mlp,1,aux_shap,0.0,0.23809523809523808,0.03,0.5295833333333333
unsw_nb15,dependency,0.1,mlp,1,dual,0.2,0.23809523809523808,0.03,0.5295833333333333
unsw_nb15,dependency,0.1,rf,7,ks,0.3,0.23809523809523808,0.029,0.53
unsw_nb15,dependency,0.1,rf,7,cond_ks,0.4,0.23809523809523808,0.029,0.53
unsw_nb15,dependency,0.1,rf,7,random,0.4,0.23809523809523808,0.029,0.53
unsw_nb15,dependency,0.1,rf,7,domain_shap,0.3,0.23809523809523808,0.029,0.53
unsw_nb15,dependency,0.1,rf,7,perm_domain,0.4,0.23809523809523808,0.029,0.53
unsw_nb15,dependency,0.1,rf,7,aux_shap,0.0,0.23809523809523808,0.029,0.53
unsw_nb15,dependency,0.1,rf,7,dual,0.4,0.23809523809523808,0.029,0.53
unsw_nb15,dependency,0.1,xgb,7,ks,0.3,0.23809523809523808,0.029,0.5195833333333333
unsw_nb15,dependency,0.1,xgb,7,cond_ks,0.4,0.23809523809523808,0.029,0.5195833333333333
unsw_nb15,dependency,0.1,xgb,7,random,0.4,0.23809523809523808,0.029,0.5195833333333333
unsw_nb15,dependency,0.1,xgb,7,domain_shap,0.5,0.23809523809523808,0.029,0.5195833333333333
unsw_nb15,dependency,0.1,xgb,7,perm_domain,0.3,0.23809523809523808,0.029,0.5195833333333333
unsw_nb15,dependency,0.1,xgb,7,aux_shap,0.0,0.23809523809523808,0.029,0.5195833333333333
unsw_nb15,dependency,0.1,xgb,7,dual,0.0,0.23809523809523808,0.029,0.5195833333333333
unsw_nb15,dependency,0.1,mlp,7,ks,0.3,0.23809523809523808,0.029,0.5191666666666667
unsw_nb15,dependency,0.1,mlp,7,cond_ks,0.4,0.23809523809523808,0.029,0.5191666666666667
unsw_nb15,dependency,0.1,mlp,7,random,0.4,0.23809523809523808,0.029,0.5191666666666667
unsw_nb15,dependency,0.1,mlp,7,domain_shap,0.4,0.23809523809523808,0.029,0.5191666666666667
unsw_nb15,dependency,0.1,mlp,7,perm_domain,0.4,0.23809523809523808,0.029,0.5191666666666667
unsw_nb15,dependency,0.1,mlp,7,aux_shap,0.2,0.23809523809523808,0.029,0.5191666666666667
unsw_nb15,dependency,0.1,mlp,7,dual,0.3,0.23809523809523808,0.029,0.5191666666666667
unsw_nb15,dependency,0.1,rf,13,ks,0.4,0.23809523809523808,0.019,0.53
unsw_nb15,dependency,0.1,rf,13,cond_ks,0.3,0.23809523809523808,0.019,0.53
unsw_nb15,dependency,0.1,rf,13,random,0.4,0.23809523809523808,0.019,0.53
unsw_nb15,dependency,0.1,rf,13,domain_shap,0.5,0.23809523809523808,0.019,0.53
unsw_nb15,dependency,0.1,rf,13,perm_domain,0.3,0.23809523809523808,0.019,0.53
unsw_nb15,dependency,0.1,rf,13,aux_shap,0.0,0.23809523809523808,0.019,0.53
unsw_nb15,dependency,0.1,rf,13,dual,0.3,0.23809523809523808,0.019,0.53
unsw_nb15,dependency,0.1,xgb,13,ks,0.4,0.23809523809523808,0.019,0.5308333333333334
unsw_nb15,dependency,0.1,xgb,13,cond_ks,0.3,0.23809523809523808,0.019,0.5308333333333334
unsw_nb15,dependency,0.1,xgb,13,random,0.4,0.23809523809523808,0.019,0.5308333333333334
unsw_nb15,dependency,0.1,xgb,13,domain_shap,0.5,0.23809523809523808,0.019,0.5308333333333334
unsw_nb15,dependency,0.1,xgb,13,perm_domain,0.5,0.23809523809523808,0.019,0.5308333333333334
unsw_nb15,dependency,0.1,xgb,13,aux_shap,0.1,0.23809523809523808,0.019,0.5308333333333334
unsw_nb15,dependency,0.1,xgb,13,dual,0.3,0.23809523809523808,0.019,0.5308333333333334
unsw_nb15,dependency,0.1,mlp,13,ks,0.4,0.23809523809523808,0.019,0.5316666666666666
unsw_nb15,dependency,0.1,mlp,13,cond_ks,0.3,0.23809523809523808,0.019,0.5316666666666666
unsw_nb15,dependency,0.1,mlp,13,random,0.4,0.23809523809523808,0.019,0.5316666666666666
unsw_nb15,dependency,0.1,mlp,13,domain_shap,0.5,0.23809523809523808,0.019,0.5316666666666666
unsw_nb15,dependency,0.1,mlp,13,perm_domain,0.4,0.23809523809523808,0.019,0.5316666666666666
unsw_nb15,dependency,0.1,mlp,13,aux_shap,0.1,0.23809523809523808,0.019,0.5316666666666666
unsw_nb15,dependency,0.1,mlp,13,dual,0.5,0.23809523809523808,0.019,0.5316666666666666
unsw_nb15,dependency,0.1,rf,99,ks,0.2,0.23809523809523808,0.025,0.5295833333333333
unsw_nb15,dependency,0.1,rf,99,cond_ks,0.1,0.23809523809523808,0.025,0.5295833333333333
unsw_nb15,dependency,0.1,rf,99,random,0.3,0.23809523809523808,0.025,0.5295833333333333
unsw_nb15,dependency,0.1,rf,99,domain_shap,0.4,0.23809523809523808,0.025,0.5295833333333333
unsw_nb15,dependency,0.1,rf,99,perm_domain,0.5,0.23809523809523808,0.025,0.5295833333333333
unsw_nb15,dependency,0.1,rf,99,aux_shap,0.0,0.23809523809523808,0.025,0.5295833333333333
unsw_nb15,dependency,0.1,rf,99,dual,0.4,0.23809523809523808,0.025,0.5295833333333333
unsw_nb15,dependency,0.1,xgb,99,ks,0.2,0.23809523809523808,0.025,0.5245833333333333
unsw_nb15,dependency,0.1,xgb,99,cond_ks,0.1,0.23809523809523808,0.025,0.5245833333333333
unsw_nb15,dependency,0.1,xgb,99,random,0.3,0.23809523809523808,0.025,0.5245833333333333
unsw_nb15,dependency,0.1,xgb,99,domain_shap,0.5,0.23809523809523808,0.025,0.5245833333333333
unsw_nb15,dependency,0.1,xgb,99,perm_domain,0.6,0.23809523809523808,0.025,0.5245833333333333
unsw_nb15,dependency,0.1,xgb,99,aux_shap,0.0,0.23809523809523808,0.025,0.5245833333333333
unsw_nb15,dependency,0.1,xgb,99,dual,0.2,0.23809523809523808,0.025,0.5245833333333333
unsw_nb15,dependency,0.1,mlp,99,ks,0.2,0.23809523809523808,0.025,0.52875
unsw_nb15,dependency,0.1,mlp,99,cond_ks,0.1,0.23809523809523808,0.025,0.52875
unsw_nb15,dependency,0.1,mlp,99,random,0.3,0.23809523809523808,0.025,0.52875
unsw_nb15,dependency,0.1,mlp,99,domain_shap,0.5,0.23809523809523808,0.025,0.52875
unsw_nb15,dependency,0.1,mlp,99,perm_domain,0.7,0.23809523809523808,0.025,0.52875
unsw_nb15,dependency,0.1,mlp,99,aux_shap,0.0,0.23809523809523808,0.025,0.52875
unsw_nb15,dependency,0.1,mlp,99,dual,0.3,0.23809523809523808,0.025,0.52875
unsw_nb15,dependency,0.25,rf,42,ks,0.3,0.23809523809523808,0.027,0.595
unsw_nb15,dependency,0.25,rf,42,cond_ks,0.3,0.23809523809523808,0.027,0.595
unsw_nb15,dependency,0.25,rf,42,random,0.2,0.23809523809523808,0.027,0.595
unsw_nb15,dependency,0.25,rf,42,domain_shap,0.7,0.23809523809523808,0.027,0.595
unsw_nb15,dependency,0.25,rf,42,perm_domain,0.6,0.23809523809523808,0.027,0.595
unsw_nb15,dependency,0.25,rf,42,aux_shap,0.0,0.23809523809523808,0.027,0.595
unsw_nb15,dependency,0.25,rf,42,dual,0.3,0.23809523809523808,0.027,0.595
unsw_nb15,dependency,0.25,xgb,42,ks,0.3,0.23809523809523808,0.027,0.5879166666666666
unsw_nb15,dependency,0.25,xgb,42,cond_ks,0.3,0.23809523809523808,0.027,0.5879166666666666
unsw_nb15,dependency,0.25,xgb,42,random,0.2,0.23809523809523808,0.027,0.5879166666666666
unsw_nb15,dependency,0.25,xgb,42,domain_shap,0.6,0.23809523809523808,0.027,0.5879166666666666
unsw_nb15,dependency,0.25,xgb,42,perm_domain,0.6,0.23809523809523808,0.027,0.5879166666666666
unsw_nb15,dependency,0.25,xgb,42,aux_shap,0.0,0.23809523809523808,0.027,0.5879166666666666
unsw_nb15,dependency,0.25,xgb,42,dual,0.3,0.23809523809523808,0.027,0.5879166666666666
unsw_nb15,dependency,0.25,mlp,42,ks,0.3,0.23809523809523808,0.027,0.58375
unsw_nb15,dependency,0.25,mlp,42,cond_ks,0.3,0.23809523809523808,0.027,0.58375
unsw_nb15,dependency,0.25,mlp,42,random,0.2,0.23809523809523808,0.027,0.58375
unsw_nb15,dependency,0.25,mlp,42,domain_shap,0.2,0.23809523809523808,0.027,0.58375
unsw_nb15,dependency,0.25,mlp,42,perm_domain,0.3,0.23809523809523808,0.027,0.58375
unsw_nb15,dependency,0.25,mlp,42,aux_shap,0.0,0.23809523809523808,0.027,0.58375
unsw_nb15,dependency,0.25,mlp,42,dual,0.2,0.23809523809523808,0.027,0.58375
unsw_nb15,dependency,0.25,rf,1,ks,0.2,0.23809523809523808,0.03,0.5920833333333333
unsw_nb15,dependency,0.25,rf,1,cond_ks,0.3,0.23809523809523808,0.03,0.5920833333333333
unsw_nb15,dependency,0.25,rf,1,random,0.3,0.23809523809523808,0.03,0.5920833333333333
unsw_nb15,dependency,0.25,rf,1,domain_shap,0.5,0.23809523809523808,0.03,0.5920833333333333
unsw_nb15,dependency,0.25,rf,1,perm_domain,0.8,0.23809523809523808,0.03,0.5920833333333333
unsw_nb15,dependency,0.25,rf,1,aux_shap,0.0,0.23809523809523808,0.03,0.5920833333333333
unsw_nb15,dependency,0.25,rf,1,dual,0.4,0.23809523809523808,0.03,0.5920833333333333
unsw_nb15,dependency,0.25,xgb,1,ks,0.2,0.23809523809523808,0.03,0.5708333333333333
unsw_nb15,dependency,0.25,xgb,1,cond_ks,0.3,0.23809523809523808,0.03,0.5708333333333333
unsw_nb15,dependency,0.25,xgb,1,random,0.3,0.23809523809523808,0.03,0.5708333333333333
unsw_nb15,dependency,0.25,xgb,1,domain_shap,0.4,0.23809523809523808,0.03,0.5708333333333333
unsw_nb15,dependency,0.25,xgb,1,perm_domain,0.4,0.23809523809523808,0.03,0.5708333333333333
unsw_nb15,dependency,0.25,xgb,1,aux_shap,0.0,0.23809523809523808,0.03,0.5708333333333333
unsw_nb15,dependency,0.25,xgb,1,dual,0.2,0.23809523809523808,0.03,0.5708333333333333
unsw_nb15,dependency,0.25,mlp,1,ks,0.2,0.23809523809523808,0.03,0.5745833333333333
unsw_nb15,dependency,0.25,mlp,1,cond_ks,0.3,0.23809523809523808,0.03,0.5745833333333333
unsw_nb15,dependency,0.25,mlp,1,random,0.3,0.23809523809523808,0.03,0.5745833333333333
unsw_nb15,dependency,0.25,mlp,1,domain_shap,0.4,0.23809523809523808,0.03,0.5745833333333333
unsw_nb15,dependency,0.25,mlp,1,perm_domain,0.5,0.23809523809523808,0.03,0.5745833333333333
unsw_nb15,dependency,0.25,mlp,1,aux_shap,0.2,0.23809523809523808,0.03,0.5745833333333333
unsw_nb15,dependency,0.25,mlp,1,dual,0.1,0.23809523809523808,0.03,0.5745833333333333
unsw_nb15,dependency,0.25,rf,7,ks,0.2,0.23809523809523808,0.0275,0.58125
unsw_nb15,dependency,0.25,rf,7,cond_ks,0.2,0.23809523809523808,0.0275,0.58125
unsw_nb15,dependency,0.25,rf,7,random,0.4,0.23809523809523808,0.0275,0.58125
unsw_nb15,dependency,0.25,rf,7,domain_shap,0.5,0.23809523809523808,0.0275,0.58125
unsw_nb15,dependency,0.25,rf,7,perm_domain,0.7,0.23809523809523808,0.0275,0.58125
unsw_nb15,dependency,0.25,rf,7,aux_shap,0.0,0.23809523809523808,0.0275,0.58125
unsw_nb15,dependency,0.25,rf,7,dual,0.5,0.23809523809523808,0.0275,0.58125
unsw_nb15,dependency,0.25,xgb,7,ks,0.2,0.23809523809523808,0.0275,0.5620833333333334
unsw_nb15,dependency,0.25,xgb,7,cond_ks,0.2,0.23809523809523808,0.0275,0.5620833333333334
unsw_nb15,dependency,0.25,xgb,7,random,0.4,0.23809523809523808,0.0275,0.5620833333333334
unsw_nb15,dependency,0.25,xgb,7,domain_shap,0.5,0.23809523809523808,0.0275,0.5620833333333334
unsw_nb15,dependency,0.25,xgb,7,perm_domain,0.5,0.23809523809523808,0.0275,0.5620833333333334
unsw_nb15,dependency,0.25,xgb,7,aux_shap,0.0,0.23809523809523808,0.0275,0.5620833333333334
unsw_nb15,dependency,0.25,xgb,7,dual,0.0,0.23809523809523808,0.0275,0.5620833333333334
unsw_nb15,dependency,0.25,mlp,7,ks,0.2,0.23809523809523808,0.0275,0.57625
unsw_nb15,dependency,0.25,mlp,7,cond_ks,0.2,0.23809523809523808,0.0275,0.57625
unsw_nb15,dependency,0.25,mlp,7,random,0.4,0.23809523809523808,0.0275,0.57625
unsw_nb15,dependency,0.25,mlp,7,domain_shap,0.5,0.23809523809523808,0.0275,0.57625
unsw_nb15,dependency,0.25,mlp,7,perm_domain,0.3,0.23809523809523808,0.0275,0.57625
unsw_nb15,dependency,0.25,mlp,7,aux_shap,0.0,0.23809523809523808,0.0275,0.57625
unsw_nb15,dependency,0.25,mlp,7,dual,0.4,0.23809523809523808,0.0275,0.57625
unsw_nb15,dependency,0.25,rf,13,ks,0.3,0.23809523809523808,0.019,0.5858333333333333
unsw_nb15,dependency,0.25,rf,13,cond_ks,0.4,0.23809523809523808,0.019,0.5858333333333333
unsw_nb15,dependency,0.25,rf,13,random,0.4,0.23809523809523808,0.019,0.5858333333333333
unsw_nb15,dependency,0.25,rf,13,domain_shap,0.5,0.23809523809523808,0.019,0.5858333333333333
unsw_nb15,dependency,0.25,rf,13,perm_domain,0.5,0.23809523809523808,0.019,0.5858333333333333
unsw_nb15,dependency,0.25,rf,13,aux_shap,0.0,0.23809523809523808,0.019,0.5858333333333333
unsw_nb15,dependency,0.25,rf,13,dual,0.4,0.23809523809523808,0.019,0.5858333333333333
unsw_nb15,dependency,0.25,xgb,13,ks,0.3,0.23809523809523808,0.019,0.5816666666666667
unsw_nb15,dependency,0.25,xgb,13,cond_ks,0.4,0.23809523809523808,0.019,0.5816666666666667
unsw_nb15,dependency,0.25,xgb,13,random,0.4,0.23809523809523808,0.019,0.5816666666666667
unsw_nb15,dependency,0.25,xgb,13,domain_shap,0.5,0.23809523809523808,0.019,0.5816666666666667
unsw_nb15,dependency,0.25,xgb,13,perm_domain,0.6,0.23809523809523808,0.019,0.5816666666666667
unsw_nb15,dependency,0.25,xgb,13,aux_shap,0.1,0.23809523809523808,0.019,0.5816666666666667
unsw_nb15,dependency,0.25,xgb,13,dual,0.4,0.23809523809523808,0.019,0.5816666666666667
unsw_nb15,dependency,0.25,mlp,13,ks,0.3,0.23809523809523808,0.019,0.5941666666666666
unsw_nb15,dependency,0.25,mlp,13,cond_ks,0.4,0.23809523809523808,0.019,0.5941666666666666
unsw_nb15,dependency,0.25,mlp,13,random,0.4,0.23809523809523808,0.019,0.5941666666666666
unsw_nb15,dependency,0.25,mlp,13,domain_shap,0.5,0.23809523809523808,0.019,0.5941666666666666
unsw_nb15,dependency,0.25,mlp,13,perm_domain,0.4,0.23809523809523808,0.019,0.5941666666666666
unsw_nb15,dependency,0.25,mlp,13,aux_shap,0.1,0.23809523809523808,0.019,0.5941666666666666
unsw_nb15,dependency,0.25,mlp,13,dual,0.5,0.23809523809523808,0.019,0.5941666666666666
unsw_nb15,dependency,0.25,rf,99,ks,0.5,0.23809523809523808,0.025,0.5920833333333333
unsw_nb15,dependency,0.25,rf,99,cond_ks,0.4,0.23809523809523808,0.025,0.5920833333333333
unsw_nb15,dependency,0.25,rf,99,random,0.3,0.23809523809523808,0.025,0.5920833333333333
unsw_nb15,dependency,0.25,rf,99,domain_shap,0.6,0.23809523809523808,0.025,0.5920833333333333
unsw_nb15,dependency,0.25,rf,99,perm_domain,0.7,0.23809523809523808,0.025,0.5920833333333333
unsw_nb15,dependency,0.25,rf,99,aux_shap,0.0,0.23809523809523808,0.025,0.5920833333333333
unsw_nb15,dependency,0.25,rf,99,dual,0.6,0.23809523809523808,0.025,0.5920833333333333
unsw_nb15,dependency,0.25,xgb,99,ks,0.5,0.23809523809523808,0.025,0.5854166666666667
unsw_nb15,dependency,0.25,xgb,99,cond_ks,0.4,0.23809523809523808,0.025,0.5854166666666667
unsw_nb15,dependency,0.25,xgb,99,random,0.3,0.23809523809523808,0.025,0.5854166666666667
unsw_nb15,dependency,0.25,xgb,99,domain_shap,0.6,0.23809523809523808,0.025,0.5854166666666667
unsw_nb15,dependency,0.25,xgb,99,perm_domain,0.7,0.23809523809523808,0.025,0.5854166666666667
unsw_nb15,dependency,0.25,xgb,99,aux_shap,0.0,0.23809523809523808,0.025,0.5854166666666667
unsw_nb15,dependency,0.25,xgb,99,dual,0.2,0.23809523809523808,0.025,0.5854166666666667
unsw_nb15,dependency,0.25,mlp,99,ks,0.5,0.23809523809523808,0.025,0.5683333333333334
unsw_nb15,dependency,0.25,mlp,99,cond_ks,0.4,0.23809523809523808,0.025,0.5683333333333334
unsw_nb15,dependency,0.25,mlp,99,random,0.3,0.23809523809523808,0.025,0.5683333333333334
unsw_nb15,dependency,0.25,mlp,99,domain_shap,0.4,0.23809523809523808,0.025,0.5683333333333334
unsw_nb15,dependency,0.25,mlp,99,perm_domain,0.6,0.23809523809523808,0.025,0.5683333333333334
unsw_nb15,dependency,0.25,mlp,99,aux_shap,0.0,0.23809523809523808,0.025,0.5683333333333334
unsw_nb15,dependency,0.25,mlp,99,dual,0.2,0.23809523809523808,0.025,0.5683333333333334
unsw_nb15,dependency,0.5,rf,42,ks,0.4,0.23809523809523808,0.027,0.7016666666666667
unsw_nb15,dependency,0.5,rf,42,cond_ks,0.3,0.23809523809523808,0.027,0.7016666666666667
unsw_nb15,dependency,0.5,rf,42,random,0.2,0.23809523809523808,0.027,0.7016666666666667
unsw_nb15,dependency,0.5,rf,42,domain_shap,0.8,0.23809523809523808,0.027,0.7016666666666667
unsw_nb15,dependency,0.5,rf,42,perm_domain,0.7,0.23809523809523808,0.027,0.7016666666666667
unsw_nb15,dependency,0.5,rf,42,aux_shap,0.0,0.23809523809523808,0.027,0.7016666666666667
unsw_nb15,dependency,0.5,rf,42,dual,0.4,0.23809523809523808,0.027,0.7016666666666667
unsw_nb15,dependency,0.5,xgb,42,ks,0.4,0.23809523809523808,0.027,0.6908333333333333
unsw_nb15,dependency,0.5,xgb,42,cond_ks,0.3,0.23809523809523808,0.027,0.6908333333333333
unsw_nb15,dependency,0.5,xgb,42,random,0.2,0.23809523809523808,0.027,0.6908333333333333
unsw_nb15,dependency,0.5,xgb,42,domain_shap,0.7,0.23809523809523808,0.027,0.6908333333333333
unsw_nb15,dependency,0.5,xgb,42,perm_domain,0.6,0.23809523809523808,0.027,0.6908333333333333
unsw_nb15,dependency,0.5,xgb,42,aux_shap,0.0,0.23809523809523808,0.027,0.6908333333333333
unsw_nb15,dependency,0.5,xgb,42,dual,0.3,0.23809523809523808,0.027,0.6908333333333333
unsw_nb15,dependency,0.5,mlp,42,ks,0.4,0.23809523809523808,0.027,0.6854166666666667
unsw_nb15,dependency,0.5,mlp,42,cond_ks,0.3,0.23809523809523808,0.027,0.6854166666666667
unsw_nb15,dependency,0.5,mlp,42,random,0.2,0.23809523809523808,0.027,0.6854166666666667
unsw_nb15,dependency,0.5,mlp,42,domain_shap,0.4,0.23809523809523808,0.027,0.6854166666666667
unsw_nb15,dependency,0.5,mlp,42,perm_domain,0.5,0.23809523809523808,0.027,0.6854166666666667
unsw_nb15,dependency,0.5,mlp,42,aux_shap,0.0,0.23809523809523808,0.027,0.6854166666666667
unsw_nb15,dependency,0.5,mlp,42,dual,0.2,0.23809523809523808,0.027,0.6854166666666667
unsw_nb15,dependency,0.5,rf,1,ks,0.2,0.23809523809523808,0.03,0.7066666666666667
unsw_nb15,dependency,0.5,rf,1,cond_ks,0.5,0.23809523809523808,0.03,0.7066666666666667
unsw_nb15,dependency,0.5,rf,1,random,0.3,0.23809523809523808,0.03,0.7066666666666667
unsw_nb15,dependency,0.5,rf,1,domain_shap,0.7,0.23809523809523808,0.03,0.7066666666666667
unsw_nb15,dependency,0.5,rf,1,perm_domain,0.7,0.23809523809523808,0.03,0.7066666666666667
unsw_nb15,dependency,0.5,rf,1,aux_shap,0.0,0.23809523809523808,0.03,0.7066666666666667
unsw_nb15,dependency,0.5,rf,1,dual,0.4,0.23809523809523808,0.03,0.7066666666666667
unsw_nb15,dependency,0.5,xgb,1,ks,0.2,0.23809523809523808,0.03,0.6920833333333334
unsw_nb15,dependency,0.5,xgb,1,cond_ks,0.5,0.23809523809523808,0.03,0.6920833333333334
unsw_nb15,dependency,0.5,xgb,1,random,0.3,0.23809523809523808,0.03,0.6920833333333334
unsw_nb15,dependency,0.5,xgb,1,domain_shap,0.4,0.23809523809523808,0.03,0.6920833333333334
unsw_nb15,dependency,0.5,xgb,1,perm_domain,0.6,0.23809523809523808,0.03,0.6920833333333334
unsw_nb15,dependency,0.5,xgb,1,aux_shap,0.0,0.23809523809523808,0.03,0.6920833333333334
unsw_nb15,dependency,0.5,xgb,1,dual,0.2,0.23809523809523808,0.03,0.6920833333333334
unsw_nb15,dependency,0.5,mlp,1,ks,0.2,0.23809523809523808,0.03,0.6904166666666667
unsw_nb15,dependency,0.5,mlp,1,cond_ks,0.5,0.23809523809523808,0.03,0.6904166666666667
unsw_nb15,dependency,0.5,mlp,1,random,0.3,0.23809523809523808,0.03,0.6904166666666667
unsw_nb15,dependency,0.5,mlp,1,domain_shap,0.5,0.23809523809523808,0.03,0.6904166666666667
unsw_nb15,dependency,0.5,mlp,1,perm_domain,0.5,0.23809523809523808,0.03,0.6904166666666667
unsw_nb15,dependency,0.5,mlp,1,aux_shap,0.0,0.23809523809523808,0.03,0.6904166666666667
unsw_nb15,dependency,0.5,mlp,1,dual,0.2,0.23809523809523808,0.03,0.6904166666666667
unsw_nb15,dependency,0.5,rf,7,ks,0.1,0.23809523809523808,0.027,0.69625
unsw_nb15,dependency,0.5,rf,7,cond_ks,0.2,0.23809523809523808,0.027,0.69625
unsw_nb15,dependency,0.5,rf,7,random,0.4,0.23809523809523808,0.027,0.69625
unsw_nb15,dependency,0.5,rf,7,domain_shap,0.8,0.23809523809523808,0.027,0.69625
unsw_nb15,dependency,0.5,rf,7,perm_domain,0.8,0.23809523809523808,0.027,0.69625
unsw_nb15,dependency,0.5,rf,7,aux_shap,0.0,0.23809523809523808,0.027,0.69625
unsw_nb15,dependency,0.5,rf,7,dual,0.4,0.23809523809523808,0.027,0.69625
unsw_nb15,dependency,0.5,xgb,7,ks,0.1,0.23809523809523808,0.027,0.6854166666666667
unsw_nb15,dependency,0.5,xgb,7,cond_ks,0.2,0.23809523809523808,0.027,0.6854166666666667
unsw_nb15,dependency,0.5,xgb,7,random,0.4,0.23809523809523808,0.027,0.6854166666666667
unsw_nb15,dependency,0.5,xgb,7,domain_shap,0.4,0.23809523809523808,0.027,0.6854166666666667
unsw_nb15,dependency,0.5,xgb,7,perm_domain,0.5,0.23809523809523808,0.027,0.6854166666666667
unsw_nb15,dependency,0.5,xgb,7,aux_shap,0.0,0.23809523809523808,0.027,0.6854166666666667
unsw_nb15,dependency,0.5,xgb,7,dual,0.0,0.23809523809523808,0.027,0.6854166666666667
unsw_nb15,dependency,0.5,mlp,7,ks,0.1,0.23809523809523808,0.027,0.6804166666666667
unsw_nb15,dependency,0.5,mlp,7,cond_ks,0.2,0.23809523809523808,0.027,0.6804166666666667
unsw_nb15,dependency,0.5,mlp,7,random,0.4,0.23809523809523808,0.027,0.6804166666666667
unsw_nb15,dependency,0.5,mlp,7,domain_shap,0.5,0.23809523809523808,0.027,0.6804166666666667
unsw_nb15,dependency,0.5,mlp,7,perm_domain,0.4,0.23809523809523808,0.027,0.6804166666666667
unsw_nb15,dependency,0.5,mlp,7,aux_shap,0.0,0.23809523809523808,0.027,0.6804166666666667
unsw_nb15,dependency,0.5,mlp,7,dual,0.4,0.23809523809523808,0.027,0.6804166666666667
unsw_nb15,dependency,0.5,rf,13,ks,0.3,0.23809523809523808,0.019,0.7120833333333333
unsw_nb15,dependency,0.5,rf,13,cond_ks,0.4,0.23809523809523808,0.019,0.7120833333333333
unsw_nb15,dependency,0.5,rf,13,random,0.4,0.23809523809523808,0.019,0.7120833333333333
unsw_nb15,dependency,0.5,rf,13,domain_shap,0.6,0.23809523809523808,0.019,0.7120833333333333
unsw_nb15,dependency,0.5,rf,13,perm_domain,0.5,0.23809523809523808,0.019,0.7120833333333333
unsw_nb15,dependency,0.5,rf,13,aux_shap,0.0,0.23809523809523808,0.019,0.7120833333333333
unsw_nb15,dependency,0.5,rf,13,dual,0.5,0.23809523809523808,0.019,0.7120833333333333
unsw_nb15,dependency,0.5,xgb,13,ks,0.3,0.23809523809523808,0.019,0.69375
unsw_nb15,dependency,0.5,xgb,13,cond_ks,0.4,0.23809523809523808,0.019,0.69375
unsw_nb15,dependency,0.5,xgb,13,random,0.4,0.23809523809523808,0.019,0.69375
unsw_nb15,dependency,0.5,xgb,13,domain_shap,0.4,0.23809523809523808,0.019,0.69375
unsw_nb15,dependency,0.5,xgb,13,perm_domain,0.6,0.23809523809523808,0.019,0.69375
unsw_nb15,dependency,0.5,xgb,13,aux_shap,0.2,0.23809523809523808,0.019,0.69375
unsw_nb15,dependency,0.5,xgb,13,dual,0.3,0.23809523809523808,0.019,0.69375
unsw_nb15,dependency,0.5,mlp,13,ks,0.3,0.23809523809523808,0.019,0.7004166666666667
unsw_nb15,dependency,0.5,mlp,13,cond_ks,0.4,0.23809523809523808,0.019,0.7004166666666667
unsw_nb15,dependency,0.5,mlp,13,random,0.4,0.23809523809523808,0.019,0.7004166666666667
unsw_nb15,dependency,0.5,mlp,13,domain_shap,0.5,0.23809523809523808,0.019,0.7004166666666667
unsw_nb15,dependency,0.5,mlp,13,perm_domain,0.5,0.23809523809523808,0.019,0.7004166666666667
unsw_nb15,dependency,0.5,mlp,13,aux_shap,0.0,0.23809523809523808,0.019,0.7004166666666667
unsw_nb15,dependency,0.5,mlp,13,dual,0.5,0.23809523809523808,0.019,0.7004166666666667
unsw_nb15,dependency,0.5,rf,99,ks,0.3,0.23809523809523808,0.025,0.7125
unsw_nb15,dependency,0.5,rf,99,cond_ks,0.3,0.23809523809523808,0.025,0.7125
unsw_nb15,dependency,0.5,rf,99,random,0.3,0.23809523809523808,0.025,0.7125
unsw_nb15,dependency,0.5,rf,99,domain_shap,0.8,0.23809523809523808,0.025,0.7125
unsw_nb15,dependency,0.5,rf,99,perm_domain,0.9,0.23809523809523808,0.025,0.7125
unsw_nb15,dependency,0.5,rf,99,aux_shap,0.0,0.23809523809523808,0.025,0.7125
unsw_nb15,dependency,0.5,rf,99,dual,0.7,0.23809523809523808,0.025,0.7125
unsw_nb15,dependency,0.5,xgb,99,ks,0.3,0.23809523809523808,0.025,0.6929166666666666
unsw_nb15,dependency,0.5,xgb,99,cond_ks,0.3,0.23809523809523808,0.025,0.6929166666666666
unsw_nb15,dependency,0.5,xgb,99,random,0.3,0.23809523809523808,0.025,0.6929166666666666
unsw_nb15,dependency,0.5,xgb,99,domain_shap,0.5,0.23809523809523808,0.025,0.6929166666666666
unsw_nb15,dependency,0.5,xgb,99,perm_domain,0.7,0.23809523809523808,0.025,0.6929166666666666
unsw_nb15,dependency,0.5,xgb,99,aux_shap,0.0,0.23809523809523808,0.025,0.6929166666666666
unsw_nb15,dependency,0.5,xgb,99,dual,0.3,0.23809523809523808,0.025,0.6929166666666666
unsw_nb15,dependency,0.5,mlp,99,ks,0.3,0.23809523809523808,0.025,0.7104166666666667
unsw_nb15,dependency,0.5,mlp,99,cond_ks,0.3,0.23809523809523808,0.025,0.7104166666666667
unsw_nb15,dependency,0.5,mlp,99,random,0.3,0.23809523809523808,0.025,0.7104166666666667
unsw_nb15,dependency,0.5,mlp,99,domain_shap,0.4,0.23809523809523808,0.025,0.7104166666666667
unsw_nb15,dependency,0.5,mlp,99,perm_domain,0.5,0.23809523809523808,0.025,0.7104166666666667
unsw_nb15,dependency,0.5,mlp,99,aux_shap,0.0,0.23809523809523808,0.025,0.7104166666666667
unsw_nb15,dependency,0.5,mlp,99,dual,0.2,0.23809523809523808,0.025,0.7104166666666667
unsw_nb15,concept,1.0,rf,42,ks,0.3,0.23809523809523808,0.027,0.5275
unsw_nb15,concept,1.0,rf,42,cond_ks,0.3,0.23809523809523808,0.027,0.5275
unsw_nb15,concept,1.0,rf,42,random,0.2,0.23809523809523808,0.027,0.5275
unsw_nb15,concept,1.0,rf,42,domain_shap,0.5,0.23809523809523808,0.027,0.5275
unsw_nb15,concept,1.0,rf,42,perm_domain,0.3,0.23809523809523808,0.027,0.5275
unsw_nb15,concept,1.0,rf,42,aux_shap,0.5,0.23809523809523808,0.027,0.5275
unsw_nb15,concept,1.0,rf,42,dual,0.3,0.23809523809523808,0.027,0.5275
unsw_nb15,concept,1.0,xgb,42,ks,0.3,0.23809523809523808,0.027,0.52375
unsw_nb15,concept,1.0,xgb,42,cond_ks,0.3,0.23809523809523808,0.027,0.52375
unsw_nb15,concept,1.0,xgb,42,random,0.2,0.23809523809523808,0.027,0.52375
unsw_nb15,concept,1.0,xgb,42,domain_shap,0.4,0.23809523809523808,0.027,0.52375
unsw_nb15,concept,1.0,xgb,42,perm_domain,0.2,0.23809523809523808,0.027,0.52375
unsw_nb15,concept,1.0,xgb,42,aux_shap,0.5,0.23809523809523808,0.027,0.52375
unsw_nb15,concept,1.0,xgb,42,dual,0.4,0.23809523809523808,0.027,0.52375
unsw_nb15,concept,1.0,mlp,42,ks,0.3,0.23809523809523808,0.027,0.52
unsw_nb15,concept,1.0,mlp,42,cond_ks,0.3,0.23809523809523808,0.027,0.52
unsw_nb15,concept,1.0,mlp,42,random,0.2,0.23809523809523808,0.027,0.52
unsw_nb15,concept,1.0,mlp,42,domain_shap,0.4,0.23809523809523808,0.027,0.52
unsw_nb15,concept,1.0,mlp,42,perm_domain,0.4,0.23809523809523808,0.027,0.52
unsw_nb15,concept,1.0,mlp,42,aux_shap,0.5,0.23809523809523808,0.027,0.52
unsw_nb15,concept,1.0,mlp,42,dual,0.3,0.23809523809523808,0.027,0.52
unsw_nb15,concept,1.0,rf,1,ks,0.4,0.23809523809523808,0.03,0.4975
unsw_nb15,concept,1.0,rf,1,cond_ks,0.3,0.23809523809523808,0.03,0.4975
unsw_nb15,concept,1.0,rf,1,random,0.3,0.23809523809523808,0.03,0.4975
unsw_nb15,concept,1.0,rf,1,domain_shap,0.2,0.23809523809523808,0.03,0.4975
unsw_nb15,concept,1.0,rf,1,perm_domain,0.2,0.23809523809523808,0.03,0.4975
unsw_nb15,concept,1.0,rf,1,aux_shap,0.5,0.23809523809523808,0.03,0.4975
unsw_nb15,concept,1.0,rf,1,dual,0.2,0.23809523809523808,0.03,0.4975
unsw_nb15,concept,1.0,xgb,1,ks,0.4,0.23809523809523808,0.03,0.49916666666666665
unsw_nb15,concept,1.0,xgb,1,cond_ks,0.3,0.23809523809523808,0.03,0.49916666666666665
unsw_nb15,concept,1.0,xgb,1,random,0.3,0.23809523809523808,0.03,0.49916666666666665
unsw_nb15,concept,1.0,xgb,1,domain_shap,0.2,0.23809523809523808,0.03,0.49916666666666665
unsw_nb15,concept,1.0,xgb,1,perm_domain,0.2,0.23809523809523808,0.03,0.49916666666666665
unsw_nb15,concept,1.0,xgb,1,aux_shap,0.7,0.23809523809523808,0.03,0.49916666666666665
unsw_nb15,concept,1.0,xgb,1,dual,0.4,0.23809523809523808,0.03,0.49916666666666665
unsw_nb15,concept,1.0,mlp,1,ks,0.4,0.23809523809523808,0.03,0.5020833333333333
unsw_nb15,concept,1.0,mlp,1,cond_ks,0.3,0.23809523809523808,0.03,0.5020833333333333
unsw_nb15,concept,1.0,mlp,1,random,0.3,0.23809523809523808,0.03,0.5020833333333333
unsw_nb15,concept,1.0,mlp,1,domain_shap,0.2,0.23809523809523808,0.03,0.5020833333333333
unsw_nb15,concept,1.0,mlp,1,perm_domain,0.5,0.23809523809523808,0.03,0.5020833333333333
unsw_nb15,concept,1.0,mlp,1,aux_shap,0.6,0.23809523809523808,0.03,0.5020833333333333
unsw_nb15,concept,1.0,mlp,1,dual,0.4,0.23809523809523808,0.03,0.5020833333333333
unsw_nb15,concept,1.0,rf,7,ks,0.2,0.23809523809523808,0.027,0.5033333333333333
unsw_nb15,concept,1.0,rf,7,cond_ks,0.2,0.23809523809523808,0.027,0.5033333333333333
unsw_nb15,concept,1.0,rf,7,random,0.4,0.23809523809523808,0.027,0.5033333333333333
unsw_nb15,concept,1.0,rf,7,domain_shap,0.1,0.23809523809523808,0.027,0.5033333333333333
unsw_nb15,concept,1.0,rf,7,perm_domain,0.1,0.23809523809523808,0.027,0.5033333333333333
unsw_nb15,concept,1.0,rf,7,aux_shap,0.6,0.23809523809523808,0.027,0.5033333333333333
unsw_nb15,concept,1.0,rf,7,dual,0.3,0.23809523809523808,0.027,0.5033333333333333
unsw_nb15,concept,1.0,xgb,7,ks,0.2,0.23809523809523808,0.027,0.4845833333333333
unsw_nb15,concept,1.0,xgb,7,cond_ks,0.2,0.23809523809523808,0.027,0.4845833333333333
unsw_nb15,concept,1.0,xgb,7,random,0.4,0.23809523809523808,0.027,0.4845833333333333
unsw_nb15,concept,1.0,xgb,7,domain_shap,0.3,0.23809523809523808,0.027,0.4845833333333333
unsw_nb15,concept,1.0,xgb,7,perm_domain,0.2,0.23809523809523808,0.027,0.4845833333333333
unsw_nb15,concept,1.0,xgb,7,aux_shap,0.5,0.23809523809523808,0.027,0.4845833333333333
unsw_nb15,concept,1.0,xgb,7,dual,0.5,0.23809523809523808,0.027,0.4845833333333333
unsw_nb15,concept,1.0,mlp,7,ks,0.2,0.23809523809523808,0.027,0.49541666666666667
unsw_nb15,concept,1.0,mlp,7,cond_ks,0.2,0.23809523809523808,0.027,0.49541666666666667
unsw_nb15,concept,1.0,mlp,7,random,0.4,0.23809523809523808,0.027,0.49541666666666667
unsw_nb15,concept,1.0,mlp,7,domain_shap,0.0,0.23809523809523808,0.027,0.49541666666666667
unsw_nb15,concept,1.0,mlp,7,perm_domain,0.2,0.23809523809523808,0.027,0.49541666666666667
unsw_nb15,concept,1.0,mlp,7,aux_shap,0.5,0.23809523809523808,0.027,0.49541666666666667
unsw_nb15,concept,1.0,mlp,7,dual,0.5,0.23809523809523808,0.027,0.49541666666666667
unsw_nb15,concept,1.0,rf,13,ks,0.3,0.23809523809523808,0.01925,0.5025
unsw_nb15,concept,1.0,rf,13,cond_ks,0.1,0.23809523809523808,0.01925,0.5025
unsw_nb15,concept,1.0,rf,13,random,0.4,0.23809523809523808,0.01925,0.5025
unsw_nb15,concept,1.0,rf,13,domain_shap,0.3,0.23809523809523808,0.01925,0.5025
unsw_nb15,concept,1.0,rf,13,perm_domain,0.4,0.23809523809523808,0.01925,0.5025
unsw_nb15,concept,1.0,rf,13,aux_shap,0.5,0.23809523809523808,0.01925,0.5025
unsw_nb15,concept,1.0,rf,13,dual,0.5,0.23809523809523808,0.01925,0.5025
unsw_nb15,concept,1.0,xgb,13,ks,0.3,0.23809523809523808,0.01925,0.5108333333333334
unsw_nb15,concept,1.0,xgb,13,cond_ks,0.1,0.23809523809523808,0.01925,0.5108333333333334
unsw_nb15,concept,1.0,xgb,13,random,0.4,0.23809523809523808,0.01925,0.5108333333333334
unsw_nb15,concept,1.0,xgb,13,domain_shap,0.4,0.23809523809523808,0.01925,0.5108333333333334
unsw_nb15,concept,1.0,xgb,13,perm_domain,0.4,0.23809523809523808,0.01925,0.5108333333333334
unsw_nb15,concept,1.0,xgb,13,aux_shap,0.6,0.23809523809523808,0.01925,0.5108333333333334
unsw_nb15,concept,1.0,xgb,13,dual,0.5,0.23809523809523808,0.01925,0.5108333333333334
unsw_nb15,concept,1.0,mlp,13,ks,0.3,0.23809523809523808,0.01925,0.4945833333333333
unsw_nb15,concept,1.0,mlp,13,cond_ks,0.1,0.23809523809523808,0.01925,0.4945833333333333
unsw_nb15,concept,1.0,mlp,13,random,0.4,0.23809523809523808,0.01925,0.4945833333333333
unsw_nb15,concept,1.0,mlp,13,domain_shap,0.5,0.23809523809523808,0.01925,0.4945833333333333
unsw_nb15,concept,1.0,mlp,13,perm_domain,0.3,0.23809523809523808,0.01925,0.4945833333333333
unsw_nb15,concept,1.0,mlp,13,aux_shap,0.7,0.23809523809523808,0.01925,0.4945833333333333
unsw_nb15,concept,1.0,mlp,13,dual,0.5,0.23809523809523808,0.01925,0.4945833333333333
unsw_nb15,concept,1.0,rf,99,ks,0.2,0.23809523809523808,0.025,0.4945833333333333
unsw_nb15,concept,1.0,rf,99,cond_ks,0.1,0.23809523809523808,0.025,0.4945833333333333
unsw_nb15,concept,1.0,rf,99,random,0.3,0.23809523809523808,0.025,0.4945833333333333
unsw_nb15,concept,1.0,rf,99,domain_shap,0.3,0.23809523809523808,0.025,0.4945833333333333
unsw_nb15,concept,1.0,rf,99,perm_domain,0.2,0.23809523809523808,0.025,0.4945833333333333
unsw_nb15,concept,1.0,rf,99,aux_shap,0.6,0.23809523809523808,0.025,0.4945833333333333
unsw_nb15,concept,1.0,rf,99,dual,0.3,0.23809523809523808,0.025,0.4945833333333333
unsw_nb15,concept,1.0,xgb,99,ks,0.2,0.23809523809523808,0.025,0.49
unsw_nb15,concept,1.0,xgb,99,cond_ks,0.1,0.23809523809523808,0.025,0.49
unsw_nb15,concept,1.0,xgb,99,random,0.3,0.23809523809523808,0.025,0.49
unsw_nb15,concept,1.0,xgb,99,domain_shap,0.3,0.23809523809523808,0.025,0.49
unsw_nb15,concept,1.0,xgb,99,perm_domain,0.3,0.23809523809523808,0.025,0.49
unsw_nb15,concept,1.0,xgb,99,aux_shap,0.7,0.23809523809523808,0.025,0.49
unsw_nb15,concept,1.0,xgb,99,dual,0.4,0.23809523809523808,0.025,0.49
unsw_nb15,concept,1.0,mlp,99,ks,0.2,0.23809523809523808,0.025,0.4920833333333333
unsw_nb15,concept,1.0,mlp,99,cond_ks,0.1,0.23809523809523808,0.025,0.4920833333333333
unsw_nb15,concept,1.0,mlp,99,random,0.3,0.23809523809523808,0.025,0.4920833333333333
unsw_nb15,concept,1.0,mlp,99,domain_shap,0.4,0.23809523809523808,0.025,0.4920833333333333
unsw_nb15,concept,1.0,mlp,99,perm_domain,0.3,0.23809523809523808,0.025,0.4920833333333333
unsw_nb15,concept,1.0,mlp,99,aux_shap,0.8,0.23809523809523808,0.025,0.4920833333333333
unsw_nb15,concept,1.0,mlp,99,dual,0.4,0.23809523809523808,0.025,0.4920833333333333
cse_cic_ids2018,covariate,0.1,rf,42,ks,1.0,0.12658227848101267,0.1,0.52625
cse_cic_ids2018,covariate,0.1,rf,42,cond_ks,0.2,0.12658227848101267,0.1,0.52625
cse_cic_ids2018,covariate,0.1,rf,42,random,0.0,0.12658227848101267,0.1,0.52625
cse_cic_ids2018,covariate,0.1,rf,42,domain_shap,0.8,0.12658227848101267,0.1,0.52625
cse_cic_ids2018,covariate,0.1,rf,42,perm_domain,0.0,0.12658227848101267,0.1,0.52625
cse_cic_ids2018,covariate,0.1,rf,42,aux_shap,0.1,0.12658227848101267,0.1,0.52625
cse_cic_ids2018,covariate,0.1,rf,42,dual,0.4,0.12658227848101267,0.1,0.52625
cse_cic_ids2018,covariate,0.1,xgb,42,ks,1.0,0.12658227848101267,0.1,0.53125
cse_cic_ids2018,covariate,0.1,xgb,42,cond_ks,0.2,0.12658227848101267,0.1,0.53125
cse_cic_ids2018,covariate,0.1,xgb,42,random,0.0,0.12658227848101267,0.1,0.53125
cse_cic_ids2018,covariate,0.1,xgb,42,domain_shap,0.4,0.12658227848101267,0.1,0.53125
cse_cic_ids2018,covariate,0.1,xgb,42,perm_domain,0.4,0.12658227848101267,0.1,0.53125
cse_cic_ids2018,covariate,0.1,xgb,42,aux_shap,0.0,0.12658227848101267,0.1,0.53125
cse_cic_ids2018,covariate,0.1,xgb,42,dual,0.1,0.12658227848101267,0.1,0.53125
cse_cic_ids2018,covariate,0.1,mlp,42,ks,1.0,0.12658227848101267,0.1,0.5258333333333334
cse_cic_ids2018,covariate,0.1,mlp,42,cond_ks,0.2,0.12658227848101267,0.1,0.5258333333333334
cse_cic_ids2018,covariate,0.1,mlp,42,random,0.0,0.12658227848101267,0.1,0.5258333333333334
cse_cic_ids2018,covariate,0.1,mlp,42,domain_shap,0.7,0.12658227848101267,0.1,0.5258333333333334
cse_cic_ids2018,covariate,0.1,mlp,42,perm_domain,0.0,0.12658227848101267,0.1,0.5258333333333334
cse_cic_ids2018,covariate,0.1,mlp,42,aux_shap,0.1,0.12658227848101267,0.1,0.5258333333333334
cse_cic_ids2018,covariate,0.1,mlp,42,dual,0.3,0.12658227848101267,0.1,0.5258333333333334
cse_cic_ids2018,covariate,0.1,rf,1,ks,1.0,0.12658227848101267,0.10175,0.54375
cse_cic_ids2018,covariate,0.1,rf,1,cond_ks,0.3,0.12658227848101267,0.10175,0.54375
cse_cic_ids2018,covariate,0.1,rf,1,random,0.0,0.12658227848101267,0.10175,0.54375
cse_cic_ids2018,covariate,0.1,rf,1,domain_shap,0.7,0.12658227848101267,0.10175,0.54375
cse_cic_ids2018,covariate,0.1,rf,1,perm_domain,0.1,0.12658227848101267,0.10175,0.54375
cse_cic_ids2018,covariate,0.1,rf,1,aux_shap,0.2,0.12658227848101267,0.10175,0.54375
cse_cic_ids2018,covariate,0.1,rf,1,dual,0.3,0.12658227848101267,0.10175,0.54375
cse_cic_ids2018,covariate,0.1,xgb,1,ks,1.0,0.12658227848101267,0.10175,0.5275
cse_cic_ids2018,covariate,0.1,xgb,1,cond_ks,0.3,0.12658227848101267,0.10175,0.5275
cse_cic_ids2018,covariate,0.1,xgb,1,random,0.0,0.12658227848101267,0.10175,0.5275
cse_cic_ids2018,covariate,0.1,xgb,1,domain_shap,0.4,0.12658227848101267,0.10175,0.5275
cse_cic_ids2018,covariate,0.1,xgb,1,perm_domain,0.1,0.12658227848101267,0.10175,0.5275
cse_cic_ids2018,covariate,0.1,xgb,1,aux_shap,0.1,0.12658227848101267,0.10175,0.5275
cse_cic_ids2018,covariate,0.1,xgb,1,dual,0.0,0.12658227848101267,0.10175,0.5275
cse_cic_ids2018,covariate,0.1,mlp,1,ks,1.0,0.12658227848101267,0.10175,0.5416666666666666
cse_cic_ids2018,covariate,0.1,mlp,1,cond_ks,0.3,0.12658227848101267,0.10175,0.5416666666666666
cse_cic_ids2018,covariate,0.1,mlp,1,random,0.0,0.12658227848101267,0.10175,0.5416666666666666
cse_cic_ids2018,covariate,0.1,mlp,1,domain_shap,0.7,0.12658227848101267,0.10175,0.5416666666666666
cse_cic_ids2018,covariate,0.1,mlp,1,perm_domain,0.4,0.12658227848101267,0.10175,0.5416666666666666
cse_cic_ids2018,covariate,0.1,mlp,1,aux_shap,0.2,0.12658227848101267,0.10175,0.5416666666666666
cse_cic_ids2018,covariate,0.1,mlp,1,dual,0.4,0.12658227848101267,0.10175,0.5416666666666666
cse_cic_ids2018,covariate,0.1,rf,7,ks,1.0,0.12658227848101267,0.10025,0.5195833333333333
cse_cic_ids2018,covariate,0.1,rf,7,cond_ks,0.1,0.12658227848101267,0.10025,0.5195833333333333
cse_cic_ids2018,covariate,0.1,rf,7,random,0.1,0.12658227848101267,0.10025,0.5195833333333333
cse_cic_ids2018,covariate,0.1,rf,7,domain_shap,1.0,0.12658227848101267,0.10025,0.5195833333333333
cse_cic_ids2018,covariate,0.1,rf,7,perm_domain,0.2,0.12658227848101267,0.10025,0.5195833333333333
cse_cic_ids2018,covariate,0.1,rf,7,aux_shap,0.1,0.12658227848101267,0.10025,0.5195833333333333
cse_cic_ids2018,covariate,0.1,rf,7,dual,0.4,0.12658227848101267,0.10025,0.5195833333333333
cse_cic_ids2018,covariate,0.1,xgb,7,ks,1.0,0.12658227848101267,0.10025,0.5220833333333333
cse_cic_ids2018,covariate,0.1,xgb,7,cond_ks,0.1,0.12658227848101267,0.10025,0.5220833333333333
cse_cic_ids2018,covariate,0.1,xgb,7,random,0.1,0.12658227848101267,0.10025,0.5220833333333333
cse_cic_ids2018,covariate,0.1,xgb,7,domain_shap,0.3,0.12658227848101267,0.10025,0.5220833333333333
cse_cic_ids2018,covariate,0.1,xgb,7,perm_domain,0.1,0.12658227848101267,0.10025,0.5220833333333333
cse_cic_ids2018,covariate,0.1,xgb,7,aux_shap,0.1,0.12658227848101267,0.10025,0.5220833333333333
cse_cic_ids2018,covariate,0.1,xgb,7,dual,0.2,0.12658227848101267,0.10025,0.5220833333333333
cse_cic_ids2018,covariate,0.1,mlp,7,ks,1.0,0.12658227848101267,0.10025,0.52375
cse_cic_ids2018,covariate,0.1,mlp,7,cond_ks,0.1,0.12658227848101267,0.10025,0.52375
cse_cic_ids2018,covariate,0.1,mlp,7,random,0.1,0.12658227848101267,0.10025,0.52375
cse_cic_ids2018,covariate,0.1,mlp,7,domain_shap,0.6,0.12658227848101267,0.10025,0.52375
cse_cic_ids2018,covariate,0.1,mlp,7,perm_domain,0.2,0.12658227848101267,0.10025,0.52375
cse_cic_ids2018,covariate,0.1,mlp,7,aux_shap,0.2,0.12658227848101267,0.10025,0.52375
cse_cic_ids2018,covariate,0.1,mlp,7,dual,0.2,0.12658227848101267,0.10025,0.52375
cse_cic_ids2018,covariate,0.1,rf,13,ks,1.0,0.12658227848101267,0.1065,0.5345833333333333
cse_cic_ids2018,covariate,0.1,rf,13,cond_ks,0.2,0.12658227848101267,0.1065,0.5345833333333333
cse_cic_ids2018,covariate,0.1,rf,13,random,0.0,0.12658227848101267,0.1065,0.5345833333333333
cse_cic_ids2018,covariate,0.1,rf,13,domain_shap,0.9,0.12658227848101267,0.1065,0.5345833333333333
cse_cic_ids2018,covariate,0.1,rf,13,perm_domain,0.0,0.12658227848101267,0.1065,0.5345833333333333
cse_cic_ids2018,covariate,0.1,rf,13,aux_shap,0.1,0.12658227848101267,0.1065,0.5345833333333333
cse_cic_ids2018,covariate,0.1,rf,13,dual,0.3,0.12658227848101267,0.1065,0.5345833333333333
cse_cic_ids2018,covariate,0.1,xgb,13,ks,1.0,0.12658227848101267,0.1065,0.5291666666666667
cse_cic_ids2018,covariate,0.1,xgb,13,cond_ks,0.2,0.12658227848101267,0.1065,0.5291666666666667
cse_cic_ids2018,covariate,0.1,xgb,13,random,0.0,0.12658227848101267,0.1065,0.5291666666666667
cse_cic_ids2018,covariate,0.1,xgb,13,domain_shap,0.3,0.12658227848101267,0.1065,0.5291666666666667
cse_cic_ids2018,covariate,0.1,xgb,13,perm_domain,0.3,0.12658227848101267,0.1065,0.5291666666666667
cse_cic_ids2018,covariate,0.1,xgb,13,aux_shap,0.0,0.12658227848101267,0.1065,0.5291666666666667
cse_cic_ids2018,covariate,0.1,xgb,13,dual,0.3,0.12658227848101267,0.1065,0.5291666666666667
cse_cic_ids2018,covariate,0.1,mlp,13,ks,1.0,0.12658227848101267,0.1065,0.5458333333333333
cse_cic_ids2018,covariate,0.1,mlp,13,cond_ks,0.2,0.12658227848101267,0.1065,0.5458333333333333
cse_cic_ids2018,covariate,0.1,mlp,13,random,0.0,0.12658227848101267,0.1065,0.5458333333333333
cse_cic_ids2018,covariate,0.1,mlp,13,domain_shap,0.7,0.12658227848101267,0.1065,0.5458333333333333
cse_cic_ids2018,covariate,0.1,mlp,13,perm_domain,0.6,0.12658227848101267,0.1065,0.5458333333333333
cse_cic_ids2018,covariate,0.1,mlp,13,aux_shap,0.1,0.12658227848101267,0.1065,0.5458333333333333
cse_cic_ids2018,covariate,0.1,mlp,13,dual,0.2,0.12658227848101267,0.1065,0.5458333333333333
cse_cic_ids2018,covariate,0.1,rf,99,ks,1.0,0.12658227848101267,0.11225,0.5479166666666667
cse_cic_ids2018,covariate,0.1,rf,99,cond_ks,0.1,0.12658227848101267,0.11225,0.5479166666666667
cse_cic_ids2018,covariate,0.1,rf,99,random,0.0,0.12658227848101267,0.11225,0.5479166666666667
cse_cic_ids2018,covariate,0.1,rf,99,domain_shap,0.8,0.12658227848101267,0.11225,0.5479166666666667
cse_cic_ids2018,covariate,0.1,rf,99,perm_domain,0.2,0.12658227848101267,0.11225,0.5479166666666667
cse_cic_ids2018,covariate,0.1,rf,99,aux_shap,0.0,0.12658227848101267,0.11225,0.5479166666666667
cse_cic_ids2018,covariate,0.1,rf,99,dual,0.3,0.12658227848101267,0.11225,0.5479166666666667
cse_cic_ids2018,covariate,0.1,xgb,99,ks,1.0,0.12658227848101267,0.11225,0.5320833333333334
cse_cic_ids2018,covariate,0.1,xgb,99,cond_ks,0.1,0.12658227848101267,0.11225,0.5320833333333334
cse_cic_ids2018,covariate,0.1,xgb,99,random,0.0,0.12658227848101267,0.11225,0.5320833333333334
cse_cic_ids2018,covariate,0.1,xgb,99,domain_shap,0.4,0.12658227848101267,0.11225,0.5320833333333334
cse_cic_ids2018,covariate,0.1,xgb,99,perm_domain,0.5,0.12658227848101267,0.11225,0.5320833333333334
cse_cic_ids2018,covariate,0.1,xgb,99,aux_shap,0.0,0.12658227848101267,0.11225,0.5320833333333334
cse_cic_ids2018,covariate,0.1,xgb,99,dual,0.1,0.12658227848101267,0.11225,0.5320833333333334
cse_cic_ids2018,covariate,0.1,mlp,99,ks,1.0,0.12658227848101267,0.11225,0.5441666666666667
cse_cic_ids2018,covariate,0.1,mlp,99,cond_ks,0.1,0.12658227848101267,0.11225,0.5441666666666667
cse_cic_ids2018,covariate,0.1,mlp,99,random,0.0,0.12658227848101267,0.11225,0.5441666666666667
cse_cic_ids2018,covariate,0.1,mlp,99,domain_shap,0.9,0.12658227848101267,0.11225,0.5441666666666667
cse_cic_ids2018,covariate,0.1,mlp,99,perm_domain,0.7,0.12658227848101267,0.11225,0.5441666666666667
cse_cic_ids2018,covariate,0.1,mlp,99,aux_shap,0.0,0.12658227848101267,0.11225,0.5441666666666667
cse_cic_ids2018,covariate,0.1,mlp,99,dual,0.1,0.12658227848101267,0.11225,0.5441666666666667
cse_cic_ids2018,covariate,0.25,rf,42,ks,1.0,0.12658227848101267,0.2555,0.605
cse_cic_ids2018,covariate,0.25,rf,42,cond_ks,0.2,0.12658227848101267,0.2555,0.605
cse_cic_ids2018,covariate,0.25,rf,42,random,0.0,0.12658227848101267,0.2555,0.605
cse_cic_ids2018,covariate,0.25,rf,42,domain_shap,1.0,0.12658227848101267,0.2555,0.605
cse_cic_ids2018,covariate,0.25,rf,42,perm_domain,0.3,0.12658227848101267,0.2555,0.605
cse_cic_ids2018,covariate,0.25,rf,42,aux_shap,0.0,0.12658227848101267,0.2555,0.605
cse_cic_ids2018,covariate,0.25,rf,42,dual,0.3,0.12658227848101267,0.2555,0.605
cse_cic_ids2018,covariate,0.25,xgb,42,ks,1.0,0.12658227848101267,0.2555,0.56875
cse_cic_ids2018,covariate,0.25,xgb,42,cond_ks,0.2,0.12658227848101267,0.2555,0.56875
cse_cic_ids2018,covariate,0.25,xgb,42,random,0.0,0.12658227848101267,0.2555,0.56875
cse_cic_ids2018,covariate,0.25,xgb,42,domain_shap,0.5,0.12658227848101267,0.2555,0.56875
cse_cic_ids2018,covariate,0.25,xgb,42,perm_domain,0.3,0.12658227848101267,0.2555,0.56875
cse_cic_ids2018,covariate,0.25,xgb,42,aux_shap,0.0,0.12658227848101267,0.2555,0.56875
cse_cic_ids2018,covariate,0.25,xgb,42,dual,0.1,0.12658227848101267,0.2555,0.56875
cse_cic_ids2018,covariate,0.25,mlp,42,ks,1.0,0.12658227848101267,0.2555,0.5941666666666666
cse_cic_ids2018,covariate,0.25,mlp,42,cond_ks,0.2,0.12658227848101267,0.2555,0.5941666666666666
cse_cic_ids2018,covariate,0.25,mlp,42,random,0.0,0.12658227848101267,0.2555,0.5941666666666666
cse_cic_ids2018,covariate,0.25,mlp,42,domain_shap,0.8,0.12658227848101267,0.2555,0.5941666666666666
cse_cic_ids2018,covariate,0.25,mlp,42,perm_domain,0.4,0.12658227848101267,0.2555,0.5941666666666666
cse_cic_ids2018,covariate,0.25,mlp,42,aux_shap,0.1,0.12658227848101267,0.2555,0.5941666666666666
cse_cic_ids2018,covariate,0.25,mlp,42,dual,0.2,0.12658227848101267,0.2555,0.5941666666666666
cse_cic_ids2018,covariate,0.25,rf,1,ks,1.0,0.12658227848101267,0.242,0.60375
cse_cic_ids2018,covariate,0.25,rf,1,cond_ks,0.3,0.12658227848101267,0.242,0.60375
cse_cic_ids2018,covariate,0.25,rf,1,random,0.0,0.12658227848101267,0.242,0.60375
cse_cic_ids2018,covariate,0.25,rf,1,domain_shap,1.0,0.12658227848101267,0.242,0.60375
cse_cic_ids2018,covariate,0.25,rf,1,perm_domain,0.4,0.12658227848101267,0.242,0.60375
cse_cic_ids2018,covariate,0.25,rf,1,aux_shap,0.2,0.12658227848101267,0.242,0.60375
cse_cic_ids2018,covariate,0.25,rf,1,dual,0.5,0.12658227848101267,0.242,0.60375
cse_cic_ids2018,covariate,0.25,xgb,1,ks,1.0,0.12658227848101267,0.242,0.5804166666666667
cse_cic_ids2018,covariate,0.25,xgb,1,cond_ks,0.3,0.12658227848101267,0.242,0.5804166666666667
cse_cic_ids2018,covariate,0.25,xgb,1,random,0.0,0.12658227848101267,0.242,0.5804166666666667
cse_cic_ids2018,covariate,0.25,xgb,1,domain_shap,0.4,0.12658227848101267,0.242,0.5804166666666667
cse_cic_ids2018,covariate,0.25,xgb,1,perm_domain,0.3,0.12658227848101267,0.242,0.5804166666666667
cse_cic_ids2018,covariate,0.25,xgb,1,aux_shap,0.0,0.12658227848101267,0.242,0.5804166666666667
cse_cic_ids2018,covariate,0.25,xgb,1,dual,0.2,0.12658227848101267,0.242,0.5804166666666667
cse_cic_ids2018,covariate,0.25,mlp,1,ks,1.0,0.12658227848101267,0.242,0.6095833333333334
cse_cic_ids2018,covariate,0.25,mlp,1,cond_ks,0.3,0.12658227848101267,0.242,0.6095833333333334
cse_cic_ids2018,covariate,0.25,mlp,1,random,0.0,0.12658227848101267,0.242,0.6095833333333334
cse_cic_ids2018,covariate,0.25,mlp,1,domain_shap,0.9,0.12658227848101267,0.242,0.6095833333333334
cse_cic_ids2018,covariate,0.25,mlp,1,perm_domain,0.6,0.12658227848101267,0.242,0.6095833333333334
cse_cic_ids2018,covariate,0.25,mlp,1,aux_shap,0.2,0.12658227848101267,0.242,0.6095833333333334
cse_cic_ids2018,covariate,0.25,mlp,1,dual,0.3,0.12658227848101267,0.242,0.6095833333333334
cse_cic_ids2018,covariate,0.25,rf,7,ks,1.0,0.12658227848101267,0.246,0.5975
cse_cic_ids2018,covariate,0.25,rf,7,cond_ks,0.5,0.12658227848101267,0.246,0.5975
cse_cic_ids2018,covariate,0.25,rf,7,random,0.1,0.12658227848101267,0.246,0.5975
cse_cic_ids2018,covariate,0.25,rf,7,domain_shap,1.0,0.12658227848101267,0.246,0.5975
cse_cic_ids2018,covariate,0.25,rf,7,perm_domain,0.4,0.12658227848101267,0.246,0.5975
cse_cic_ids2018,covariate,0.25,rf,7,aux_shap,0.0,0.12658227848101267,0.246,0.5975
cse_cic_ids2018,covariate,0.25,rf,7,dual,0.5,0.12658227848101267,0.246,0.5975
cse_cic_ids2018,covariate,0.25,xgb,7,ks,1.0,0.12658227848101267,0.246,0.5641666666666667
cse_cic_ids2018,covariate,0.25,xgb,7,cond_ks,0.5,0.12658227848101267,0.246,0.5641666666666667
cse_cic_ids2018,covariate,0.25,xgb,7,random,0.1,0.12658227848101267,0.246,0.5641666666666667
cse_cic_ids2018,covariate,0.25,xgb,7,domain_shap,0.4,0.12658227848101267,0.246,0.5641666666666667
cse_cic_ids2018,covariate,0.25,xgb,7,perm_domain,0.3,0.12658227848101267,0.246,0.5641666666666667
cse_cic_ids2018,covariate,0.25,xgb,7,aux_shap,0.0,0.12658227848101267,0.246,0.5641666666666667
cse_cic_ids2018,covariate,0.25,xgb,7,dual,0.1,0.12658227848101267,0.246,0.5641666666666667
cse_cic_ids2018,covariate,0.25,mlp,7,ks,1.0,0.12658227848101267,0.246,0.6091666666666666
cse_cic_ids2018,covariate,0.25,mlp,7,cond_ks,0.5,0.12658227848101267,0.246,0.6091666666666666
cse_cic_ids2018,covariate,0.25,mlp,7,random,0.1,0.12658227848101267,0.246,0.6091666666666666
cse_cic_ids2018,covariate,0.25,mlp,7,domain_shap,0.7,0.12658227848101267,0.246,0.6091666666666666
cse_cic_ids2018,covariate,0.25,mlp,7,perm_domain,0.7,0.12658227848101267,0.246,0.6091666666666666
cse_cic_ids2018,covariate,0.25,mlp,7,aux_shap,0.2,0.12658227848101267,0.246,0.6091666666666666
cse_cic_ids2018,covariate,0.25,mlp,7,dual,0.1,0.12658227848101267,0.246,0.6091666666666666
cse_cic_ids2018,covariate,0.25,rf,13,ks,1.0,0.12658227848101267,0.259,0.6175
cse_cic_ids2018,covariate,0.25,rf,13,cond_ks,0.3,0.12658227848101267,0.259,0.6175
cse_cic_ids2018,covariate,0.25,rf,13,random,0.0,0.12658227848101267,0.259,0.6175
cse_cic_ids2018,covariate,0.25,rf,13,domain_shap,1.0,0.12658227848101267,0.259,0.6175
cse_cic_ids2018,covariate,0.25,rf,13,perm_domain,0.2,0.12658227848101267,0.259,0.6175
cse_cic_ids2018,covariate,0.25,rf,13,aux_shap,0.1,0.12658227848101267,0.259,0.6175
cse_cic_ids2018,covariate,0.25,rf,13,dual,0.4,0.12658227848101267,0.259,0.6175
cse_cic_ids2018,covariate,0.25,xgb,13,ks,1.0,0.12658227848101267,0.259,0.59
cse_cic_ids2018,covariate,0.25,xgb,13,cond_ks,0.3,0.12658227848101267,0.259,0.59
cse_cic_ids2018,covariate,0.25,xgb,13,random,0.0,0.12658227848101267,0.259,0.59
cse_cic_ids2018,covariate,0.25,xgb,13,domain_shap,0.5,0.12658227848101267,0.259,0.59
cse_cic_ids2018,covariate,0.25,xgb,13,perm_domain,0.3,0.12658227848101267,0.259,0.59
cse_cic_ids2018,covariate,0.25,xgb,13,aux_shap,0.0,0.12658227848101267,0.259,0.59
cse_cic_ids2018,covariate,0.25,xgb,13,dual,0.2,0.12658227848101267,0.259,0.59
cse_cic_ids2018,covariate,0.25,mlp,13,ks,1.0,0.12658227848101267,0.259,0.6308333333333334
cse_cic_ids2018,covariate,0.25,mlp,13,cond_ks,0.3,0.12658227848101267,0.259,0.6308333333333334
cse_cic_ids2018,covariate,0.25,mlp,13,random,0.0,0.12658227848101267,0.259,0.6308333333333334
cse_cic_ids2018,covariate,0.25,mlp,13,domain_shap,0.9,0.12658227848101267,0.259,0.6308333333333334
cse_cic_ids2018,covariate,0.25,mlp,13,perm_domain,0.8,0.12658227848101267,0.259,0.6308333333333334
cse_cic_ids2018,covariate,0.25,mlp,13,aux_shap,0.0,0.12658227848101267,0.259,0.6308333333333334
cse_cic_ids2018,covariate,0.25,mlp,13,dual,0.3,0.12658227848101267,0.259,0.6308333333333334
cse_cic_ids2018,covariate,0.25,rf,99,ks,1.0,0.12658227848101267,0.25275,0.6129166666666667
cse_cic_ids2018,covariate,0.25,rf,99,cond_ks,0.2,0.12658227848101267,0.25275,0.6129166666666667
cse_cic_ids2018,covariate,0.25,rf,99,random,0.0,0.12658227848101267,0.25275,0.6129166666666667
cse_cic_ids2018,covariate,0.25,rf,99,domain_shap,1.0,0.12658227848101267,0.25275,0.6129166666666667
cse_cic_ids2018,covariate,0.25,rf,99,perm_domain,0.3,0.12658227848101267,0.25275,0.6129166666666667
cse_cic_ids2018,covariate,0.25,rf,99,aux_shap,0.0,0.12658227848101267,0.25275,0.6129166666666667
cse_cic_ids2018,covariate,0.25,rf,99,dual,0.3,0.12658227848101267,0.25275,0.6129166666666667
cse_cic_ids2018,covariate,0.25,xgb,99,ks,1.0,0.12658227848101267,0.25275,0.5870833333333333
cse_cic_ids2018,covariate,0.25,xgb,99,cond_ks,0.2,0.12658227848101267,0.25275,0.5870833333333333
cse_cic_ids2018,covariate,0.25,xgb,99,random,0.0,0.12658227848101267,0.25275,0.5870833333333333
cse_cic_ids2018,covariate,0.25,xgb,99,domain_shap,0.6,0.12658227848101267,0.25275,0.5870833333333333
cse_cic_ids2018,covariate,0.25,xgb,99,perm_domain,0.4,0.12658227848101267,0.25275,0.5870833333333333
cse_cic_ids2018,covariate,0.25,xgb,99,aux_shap,0.0,0.12658227848101267,0.25275,0.5870833333333333
cse_cic_ids2018,covariate,0.25,xgb,99,dual,0.1,0.12658227848101267,0.25275,0.5870833333333333
cse_cic_ids2018,covariate,0.25,mlp,99,ks,1.0,0.12658227848101267,0.25275,0.6104166666666667
cse_cic_ids2018,covariate,0.25,mlp,99,cond_ks,0.2,0.12658227848101267,0.25275,0.6104166666666667
cse_cic_ids2018,covariate,0.25,mlp,99,random,0.0,0.12658227848101267,0.25275,0.6104166666666667
cse_cic_ids2018,covariate,0.25,mlp,99,domain_shap,0.9,0.12658227848101267,0.25275,0.6104166666666667
cse_cic_ids2018,covariate,0.25,mlp,99,perm_domain,0.9,0.12658227848101267,0.25275,0.6104166666666667
cse_cic_ids2018,covariate,0.25,mlp,99,aux_shap,0.0,0.12658227848101267,0.25275,0.6104166666666667
cse_cic_ids2018,covariate,0.25,mlp,99,dual,0.1,0.12658227848101267,0.25275,0.6104166666666667
cse_cic_ids2018,covariate,0.5,rf,42,ks,1.0,0.12658227848101267,0.498,0.7366666666666667
cse_cic_ids2018,covariate,0.5,rf,42,cond_ks,0.4,0.12658227848101267,0.498,0.7366666666666667
cse_cic_ids2018,covariate,0.5,rf,42,random,0.0,0.12658227848101267,0.498,0.7366666666666667
cse_cic_ids2018,covariate,0.5,rf,42,domain_shap,1.0,0.12658227848101267,0.498,0.7366666666666667
cse_cic_ids2018,covariate,0.5,rf,42,perm_domain,0.3,0.12658227848101267,0.498,0.7366666666666667
cse_cic_ids2018,covariate,0.5,rf,42,aux_shap,0.0,0.12658227848101267,0.498,0.7366666666666667
cse_cic_ids2018,covariate,0.5,rf,42,dual,0.4,0.12658227848101267,0.498,0.7366666666666667
cse_cic_ids2018,covariate,0.5,xgb,42,ks,1.0,0.12658227848101267,0.498,0.7058333333333333
cse_cic_ids2018,covariate,0.5,xgb,42,cond_ks,0.4,0.12658227848101267,0.498,0.7058333333333333
cse_cic_ids2018,covariate,0.5,xgb,42,random,0.0,0.12658227848101267,0.498,0.7058333333333333
cse_cic_ids2018,covariate,0.5,xgb,42,domain_shap,0.5,0.12658227848101267,0.498,0.7058333333333333
cse_cic_ids2018,covariate,0.5,xgb,42,perm_domain,0.6,0.12658227848101267,0.498,0.7058333333333333
cse_cic_ids2018,covariate,0.5,xgb,42,aux_shap,0.0,0.12658227848101267,0.498,0.7058333333333333
cse_cic_ids2018,covariate,0.5,xgb,42,dual,0.1,0.12658227848101267,0.498,0.7058333333333333
cse_cic_ids2018,covariate,0.5,mlp,42,ks,1.0,0.12658227848101267,0.498,0.7366666666666667
cse_cic_ids2018,covariate,0.5,mlp,42,cond_ks,0.4,0.12658227848101267,0.498,0.7366666666666667
cse_cic_ids2018,covariate,0.5,mlp,42,random,0.0,0.12658227848101267,0.498,0.7366666666666667
cse_cic_ids2018,covariate,0.5,mlp,42,domain_shap,1.0,0.12658227848101267,0.498,0.7366666666666667
cse_cic_ids2018,covariate,0.5,mlp,42,perm_domain,0.9,0.12658227848101267,0.498,0.7366666666666667
cse_cic_ids2018,covariate,0.5,mlp,42,aux_shap,0.1,0.12658227848101267,0.498,0.7366666666666667
cse_cic_ids2018,covariate,0.5,mlp,42,dual,0.3,0.12658227848101267,0.498,0.7366666666666667
cse_cic_ids2018,covariate,0.5,rf,1,ks,1.0,0.12658227848101267,0.4985,0.7429166666666667
cse_cic_ids2018,covariate,0.5,rf,1,cond_ks,0.4,0.12658227848101267,0.4985,0.7429166666666667
cse_cic_ids2018,covariate,0.5,rf,1,random,0.0,0.12658227848101267,0.4985,0.7429166666666667
cse_cic_ids2018,covariate,0.5,rf,1,domain_shap,1.0,0.12658227848101267,0.4985,0.7429166666666667
cse_cic_ids2018,covariate,0.5,rf,1,perm_domain,0.4,0.12658227848101267,0.4985,0.7429166666666667
cse_cic_ids2018,covariate,0.5,rf,1,aux_shap,0.2,0.12658227848101267,0.4985,0.7429166666666667
cse_cic_ids2018,covariate,0.5,rf,1,dual,0.3,0.12658227848101267,0.4985,0.7429166666666667
cse_cic_ids2018,covariate,0.5,xgb,1,ks,1.0,0.12658227848101267,0.4985,0.7095833333333333
cse_cic_ids2018,covariate,0.5,xgb,1,cond_ks,0.4,0.12658227848101267,0.4985,0.7095833333333333
cse_cic_ids2018,covariate,0.5,xgb,1,random,0.0,0.12658227848101267,0.4985,0.7095833333333333
cse_cic_ids2018,covariate,0.5,xgb,1,domain_shap,0.4,0.12658227848101267,0.4985,0.7095833333333333
cse_cic_ids2018,covariate,0.5,xgb,1,perm_domain,0.3,0.12658227848101267,0.4985,0.7095833333333333
cse_cic_ids2018,covariate,0.5,xgb,1,aux_shap,0.0,0.12658227848101267,0.4985,0.7095833333333333
cse_cic_ids2018,covariate,0.5,xgb,1,dual,0.2,0.12658227848101267,0.4985,0.7095833333333333
cse_cic_ids2018,covariate,0.5,mlp,1,ks,1.0,0.12658227848101267,0.4985,0.7458333333333333
cse_cic_ids2018,covariate,0.5,mlp,1,cond_ks,0.4,0.12658227848101267,0.4985,0.7458333333333333
cse_cic_ids2018,covariate,0.5,mlp,1,random,0.0,0.12658227848101267,0.4985,0.7458333333333333
cse_cic_ids2018,covariate,0.5,mlp,1,domain_shap,1.0,0.12658227848101267,0.4985,0.7458333333333333
cse_cic_ids2018,covariate,0.5,mlp,1,perm_domain,0.9,0.12658227848101267,0.4985,0.7458333333333333
cse_cic_ids2018,covariate,0.5,mlp,1,aux_shap,0.1,0.12658227848101267,0.4985,0.7458333333333333
cse_cic_ids2018,covariate,0.5,mlp,1,dual,0.4,0.12658227848101267,0.4985,0.7458333333333333
cse_cic_ids2018,covariate,0.5,rf,7,ks,1.0,0.12658227848101267,0.49475,0.7316666666666667
cse_cic_ids2018,covariate,0.5,rf,7,cond_ks,0.5,0.12658227848101267,0.49475,0.7316666666666667
cse_cic_ids2018,covariate,0.5,rf,7,random,0.1,0.12658227848101267,0.49475,0.7316666666666667
cse_cic_ids2018,covariate,0.5,rf,7,domain_shap,1.0,0.12658227848101267,0.49475,0.7316666666666667
cse_cic_ids2018,covariate,0.5,rf,7,perm_domain,0.4,0.12658227848101267,0.49475,0.7316666666666667
cse_cic_ids2018,covariate,0.5,rf,7,aux_shap,0.0,0.12658227848101267,0.49475,0.7316666666666667
cse_cic_ids2018,covariate,0.5,rf,7,dual,0.5,0.12658227848101267,0.49475,0.7316666666666667
cse_cic_ids2018,covariate,0.5,xgb,7,ks,1.0,0.12658227848101267,0.49475,0.6920833333333334
cse_cic_ids2018,covariate,0.5,xgb,7,cond_ks,0.5,0.12658227848101267,0.49475,0.6920833333333334
cse_cic_ids2018,covariate,0.5,xgb,7,random,0.1,0.12658227848101267,0.49475,0.6920833333333334
cse_cic_ids2018,covariate,0.5,xgb,7,domain_shap,0.6,0.12658227848101267,0.49475,0.6920833333333334
cse_cic_ids2018,covariate,0.5,xgb,7,perm_domain,0.4,0.12658227848101267,0.49475,0.6920833333333334
cse_cic_ids2018,covariate,0.5,xgb,7,aux_shap,0.0,0.12658227848101267,0.49475,0.6920833333333334
cse_cic_ids2018,covariate,0.5,xgb,7,dual,0.1,0.12658227848101267,0.49475,0.6920833333333334
cse_cic_ids2018,covariate,0.5,mlp,7,ks,1.0,0.12658227848101267,0.49475,0.7316666666666667
cse_cic_ids2018,covariate,0.5,mlp,7,cond_ks,0.5,0.12658227848101267,0.49475,0.7316666666666667
cse_cic_ids2018,covariate,0.5,mlp,7,random,0.1,0.12658227848101267,0.49475,0.7316666666666667
cse_cic_ids2018,covariate,0.5,mlp,7,domain_shap,0.8,0.12658227848101267,0.49475,0.7316666666666667
cse_cic_ids2018,covariate,0.5,mlp,7,perm_domain,0.9,0.12658227848101267,0.49475,0.7316666666666667
cse_cic_ids2018,covariate,0.5,mlp,7,aux_shap,0.1,0.12658227848101267,0.49475,0.7316666666666667
cse_cic_ids2018,covariate,0.5,mlp,7,dual,0.2,0.12658227848101267,0.49475,0.7316666666666667
cse_cic_ids2018,covariate,0.5,rf,13,ks,1.0,0.12658227848101267,0.50425,0.7554166666666666
cse_cic_ids2018,covariate,0.5,rf,13,cond_ks,0.4,0.12658227848101267,0.50425,0.7554166666666666
cse_cic_ids2018,covariate,0.5,rf,13,random,0.0,0.12658227848101267,0.50425,0.7554166666666666
cse_cic_ids2018,covariate,0.5,rf,13,domain_shap,1.0,0.12658227848101267,0.50425,0.7554166666666666
cse_cic_ids2018,covariate,0.5,rf,13,perm_domain,0.3,0.12658227848101267,0.50425,0.7554166666666666
cse_cic_ids2018,covariate,0.5,rf,13,aux_shap,0.1,0.12658227848101267,0.50425,0.7554166666666666
cse_cic_ids2018,covariate,0.5,rf,13,dual,0.4,0.12658227848101267,0.50425,0.7554166666666666
cse_cic_ids2018,covariate,0.5,xgb,13,ks,1.0,0.12658227848101267,0.50425,0.7233333333333334
cse_cic_ids2018,covariate,0.5,xgb,13,cond_ks,0.4,0.12658227848101267,0.50425,0.7233333333333334
cse_cic_ids2018,covariate,0.5,xgb,13,random,0.0,0.12658227848101267,0.50425,0.7233333333333334
cse_cic_ids2018,covariate,0.5,xgb,13,domain_shap,0.6,0.12658227848101267,0.50425,0.7233333333333334
cse_cic_ids2018,covariate,0.5,xgb,13,perm_domain,0.6,0.12658227848101267,0.50425,0.7233333333333334
cse_cic_ids2018,covariate,0.5,xgb,13,aux_shap,0.0,0.12658227848101267,0.50425,0.7233333333333334
cse_cic_ids2018,covariate,0.5,xgb,13,dual,0.3,0.12658227848101267,0.50425,0.7233333333333334
cse_cic_ids2018,covariate,0.5,mlp,13,ks,1.0,0.12658227848101267,0.50425,0.7558333333333334
cse_cic_ids2018,covariate,0.5,mlp,13,cond_ks,0.4,0.12658227848101267,0.50425,0.7558333333333334
cse_cic_ids2018,covariate,0.5,mlp,13,random,0.0,0.12658227848101267,0.50425,0.7558333333333334
cse_cic_ids2018,covariate,0.5,mlp,13,domain_shap,0.9,0.12658227848101267,0.50425,0.7558333333333334
cse_cic_ids2018,covariate,0.5,mlp,13,perm_domain,0.9,0.12658227848101267,0.50425,0.7558333333333334
cse_cic_ids2018,covariate,0.5,mlp,13,aux_shap,0.1,0.12658227848101267,0.50425,0.7558333333333334
cse_cic_ids2018,covariate,0.5,mlp,13,dual,0.2,0.12658227848101267,0.50425,0.7558333333333334
cse_cic_ids2018,covariate,0.5,rf,99,ks,1.0,0.12658227848101267,0.504,0.7508333333333334
cse_cic_ids2018,covariate,0.5,rf,99,cond_ks,0.4,0.12658227848101267,0.504,0.7508333333333334
cse_cic_ids2018,covariate,0.5,rf,99,random,0.0,0.12658227848101267,0.504,0.7508333333333334
cse_cic_ids2018,covariate,0.5,rf,99,domain_shap,1.0,0.12658227848101267,0.504,0.7508333333333334
cse_cic_ids2018,covariate,0.5,rf,99,perm_domain,0.5,0.12658227848101267,0.504,0.7508333333333334
cse_cic_ids2018,covariate,0.5,rf,99,aux_shap,0.0,0.12658227848101267,0.504,0.7508333333333334
cse_cic_ids2018,covariate,0.5,rf,99,dual,0.4,0.12658227848101267,0.504,0.7508333333333334
cse_cic_ids2018,covariate,0.5,xgb,99,ks,1.0,0.12658227848101267,0.504,0.705
cse_cic_ids2018,covariate,0.5,xgb,99,cond_ks,0.4,0.12658227848101267,0.504,0.705
cse_cic_ids2018,covariate,0.5,xgb,99,random,0.0,0.12658227848101267,0.504,0.705
cse_cic_ids2018,covariate,0.5,xgb,99,domain_shap,0.7,0.12658227848101267,0.504,0.705
cse_cic_ids2018,covariate,0.5,xgb,99,perm_domain,0.5,0.12658227848101267,0.504,0.705
cse_cic_ids2018,covariate,0.5,xgb,99,aux_shap,0.1,0.12658227848101267,0.504,0.705
cse_cic_ids2018,covariate,0.5,xgb,99,dual,0.1,0.12658227848101267,0.504,0.705
cse_cic_ids2018,covariate,0.5,mlp,99,ks,1.0,0.12658227848101267,0.504,0.74875
cse_cic_ids2018,covariate,0.5,mlp,99,cond_ks,0.4,0.12658227848101267,0.504,0.74875
cse_cic_ids2018,covariate,0.5,mlp,99,random,0.0,0.12658227848101267,0.504,0.74875
cse_cic_ids2018,covariate,0.5,mlp,99,domain_shap,0.9,0.12658227848101267,0.504,0.74875
cse_cic_ids2018,covariate,0.5,mlp,99,perm_domain,0.9,0.12658227848101267,0.504,0.74875
cse_cic_ids2018,covariate,0.5,mlp,99,aux_shap,0.0,0.12658227848101267,0.504,0.74875
cse_cic_ids2018,covariate,0.5,mlp,99,dual,0.2,0.12658227848101267,0.504,0.74875
cse_cic_ids2018,dependency,0.1,rf,42,ks,0.2,0.12658227848101267,0.0215,0.5175
cse_cic_ids2018,dependency,0.1,rf,42,cond_ks,0.3,0.12658227848101267,0.0215,0.5175
cse_cic_ids2018,dependency,0.1,rf,42,random,0.0,0.12658227848101267,0.0215,0.5175
cse_cic_ids2018,dependency,0.1,rf,42,domain_shap,0.6,0.12658227848101267,0.0215,0.5175
cse_cic_ids2018,dependency,0.1,rf,42,perm_domain,0.4,0.12658227848101267,0.0215,0.5175
cse_cic_ids2018,dependency,0.1,rf,42,aux_shap,0.0,0.12658227848101267,0.0215,0.5175
cse_cic_ids2018,dependency,0.1,rf,42,dual,0.3,0.12658227848101267,0.0215,0.5175
cse_cic_ids2018,dependency,0.1,xgb,42,ks,0.2,0.12658227848101267,0.0215,0.5091666666666667
cse_cic_ids2018,dependency,0.1,xgb,42,cond_ks,0.3,0.12658227848101267,0.0215,0.5091666666666667
cse_cic_ids2018,dependency,0.1,xgb,42,random,0.0,0.12658227848101267,0.0215,0.5091666666666667
cse_cic_ids2018,dependency,0.1,xgb,42,domain_shap,0.5,0.12658227848101267,0.0215,0.5091666666666667
cse_cic_ids2018,dependency,0.1,xgb,42,perm_domain,0.7,0.12658227848101267,0.0215,0.5091666666666667
cse_cic_ids2018,dependency,0.1,xgb,42,aux_shap,0.0,0.12658227848101267,0.0215,0.5091666666666667
cse_cic_ids2018,dependency,0.1,xgb,42,dual,0.1,0.12658227848101267,0.0215,0.5091666666666667
cse_cic_ids2018,dependency,0.1,mlp,42,ks,0.2,0.12658227848101267,0.0215,0.4975
cse_cic_ids2018,dependency,0.1,mlp,42,cond_ks,0.3,0.12658227848101267,0.0215,0.4975
cse_cic_ids2018,dependency,0.1,mlp,42,random,0.0,0.12658227848101267,0.0215,0.4975
cse_cic_ids2018,dependency,0.1,mlp,42,domain_shap,0.4,0.12658227848101267,0.0215,0.4975
cse_cic_ids2018,dependency,0.1,mlp,42,perm_domain,0.1,0.12658227848101267,0.0215,0.4975
cse_cic_ids2018,dependency,0.1,mlp,42,aux_shap,0.0,0.12658227848101267,0.0215,0.4975
cse_cic_ids2018,dependency,0.1,mlp,42,dual,0.3,0.12658227848101267,0.0215,0.4975
cse_cic_ids2018,dependency,0.1,rf,1,ks,0.1,0.12658227848101267,0.01975,0.52125
cse_cic_ids2018,dependency,0.1,rf,1,cond_ks,0.0,0.12658227848101267,0.01975,0.52125
cse_cic_ids2018,dependency,0.1,rf,1,random,0.0,0.12658227848101267,0.01975,0.52125
cse_cic_ids2018,dependency,0.1,rf,1,domain_shap,0.5,0.12658227848101267,0.01975,0.52125
cse_cic_ids2018,dependency,0.1,rf,1,perm_domain,0.4,0.12658227848101267,0.01975,0.52125
cse_cic_ids2018,dependency,0.1,rf,1,aux_shap,0.0,0.12658227848101267,0.01975,0.52125
cse_cic_ids2018,dependency,0.1,rf,1,dual,0.3,0.12658227848101267,0.01975,0.52125
cse_cic_ids2018,dependency,0.1,xgb,1,ks,0.1,0.12658227848101267,0.01975,0.5329166666666667
cse_cic_ids2018,dependency,0.1,xgb,1,cond_ks,0.0,0.12658227848101267,0.01975,0.5329166666666667
cse_cic_ids2018,dependency,0.1,xgb,1,random,0.0,0.12658227848101267,0.01975,0.5329166666666667
cse_cic_ids2018,dependency,0.1,xgb,1,domain_shap,0.4,0.12658227848101267,0.01975,0.5329166666666667
cse_cic_ids2018,dependency,0.1,xgb,1,perm_domain,0.6,0.12658227848101267,0.01975,0.5329166666666667
cse_cic_ids2018,dependency,0.1,xgb,1,aux_shap,0.0,0.12658227848101267,0.01975,0.5329166666666667
cse_cic_ids2018,dependency,0.1,xgb,1,dual,0.1,0.12658227848101267,0.01975,0.5329166666666667
cse_cic_ids2018,dependency,0.1,mlp,1,ks,0.1,0.12658227848101267,0.01975,0.4945833333333333
cse_cic_ids2018,dependency,0.1,mlp,1,cond_ks,0.0,0.12658227848101267,0.01975,0.4945833333333333
cse_cic_ids2018,dependency,0.1,mlp,1,random,0.0,0.12658227848101267,0.01975,0.4945833333333333
cse_cic_ids2018,dependency,0.1,mlp,1,domain_shap,0.4,0.12658227848101267,0.01975,0.4945833333333333
cse_cic_ids2018,dependency,0.1,mlp,1,perm_domain,0.2,0.12658227848101267,0.01975,0.4945833333333333
cse_cic_ids2018,dependency,0.1,mlp,1,aux_shap,0.1,0.12658227848101267,0.01975,0.4945833333333333
cse_cic_ids2018,dependency,0.1,mlp,1,dual,0.3,0.12658227848101267,0.01975,0.4945833333333333
cse_cic_ids2018,dependency,0.1,rf,7,ks,0.1,0.12658227848101267,0.02775,0.5191666666666667
cse_cic_ids2018,dependency,0.1,rf,7,cond_ks,0.4,0.12658227848101267,0.02775,0.5191666666666667
cse_cic_ids2018,dependency,0.1,rf,7,random,0.1,0.12658227848101267,0.02775,0.5191666666666667
cse_cic_ids2018,dependency,0.1,rf,7,domain_shap,0.5,0.12658227848101267,0.02775,0.5191666666666667
cse_cic_ids2018,dependency,0.1,rf,7,perm_domain,0.7,0.12658227848101267,0.02775,0.5191666666666667
cse_cic_ids2018,dependency,0.1,rf,7,aux_shap,0.1,0.12658227848101267,0.02775,0.5191666666666667
cse_cic_ids2018,dependency,0.1,rf,7,dual,0.2,0.12658227848101267,0.02775,0.5191666666666667
cse_cic_ids2018,dependency,0.1,xgb,7,ks,0.1,0.12658227848101267,0.02775,0.5133333333333333
cse_cic_ids2018,dependency,0.1,xgb,7,cond_ks,0.4,0.12658227848101267,0.02775,0.5133333333333333
cse_cic_ids2018,dependency,0.1,xgb,7,random,0.1,0.12658227848101267,0.02775,0.5133333333333333
cse_cic_ids2018,dependency,0.1,xgb,7,domain_shap,0.3,0.12658227848101267,0.02775,0.5133333333333333
cse_cic_ids2018,dependency,0.1,xgb,7,perm_domain,0.6,0.12658227848101267,0.02775,0.5133333333333333
cse_cic_ids2018,dependency,0.1,xgb,7,aux_shap,0.0,0.12658227848101267,0.02775,0.5133333333333333
cse_cic_ids2018,dependency,0.1,xgb,7,dual,0.1,0.12658227848101267,0.02775,0.5133333333333333
cse_cic_ids2018,dependency,0.1,mlp,7,ks,0.1,0.12658227848101267,0.02775,0.5125
cse_cic_ids2018,dependency,0.1,mlp,7,cond_ks,0.4,0.12658227848101267,0.02775,0.5125
cse_cic_ids2018,dependency,0.1,mlp,7,random,0.1,0.12658227848101267,0.02775,0.5125
cse_cic_ids2018,dependency,0.1,mlp,7,domain_shap,0.4,0.12658227848101267,0.02775,0.5125
cse_cic_ids2018,dependency,0.1,mlp,7,perm_domain,0.2,0.12658227848101267,0.02775,0.5125
cse_cic_ids2018,dependency,0.1,mlp,7,aux_shap,0.1,0.12658227848101267,0.02775,0.5125
cse_cic_ids2018,dependency,0.1,mlp,7,dual,0.2,0.12658227848101267,0.02775,0.5125
cse_cic_ids2018,dependency,0.1,rf,13,ks,0.5,0.12658227848101267,0.02875,0.5245833333333333
cse_cic_ids2018,dependency,0.1,rf,13,cond_ks,0.3,0.12658227848101267,0.02875,0.5245833333333333
cse_cic_ids2018,dependency,0.1,rf,13,random,0.0,0.12658227848101267,0.02875,0.5245833333333333
cse_cic_ids2018,dependency,0.1,rf,13,domain_shap,0.3,0.12658227848101267,0.02875,0.5245833333333333
cse_cic_ids2018,dependency,0.1,rf,13,perm_domain,0.1,0.12658227848101267,0.02875,0.5245833333333333
cse_cic_ids2018,dependency,0.1,rf,13,aux_shap,0.0,0.12658227848101267,0.02875,0.5245833333333333
cse_cic_ids2018,dependency,0.1,rf,13,dual,0.1,0.12658227848101267,0.02875,0.5245833333333333
cse_cic_ids2018,dependency,0.1,xgb,13,ks,0.5,0.12658227848101267,0.02875,0.5366666666666666
cse_cic_ids2018,dependency,0.1,xgb,13,cond_ks,0.3,0.12658227848101267,0.02875,0.5366666666666666
cse_cic_ids2018,dependency,0.1,xgb,13,random,0.0,0.12658227848101267,0.02875,0.5366666666666666
cse_cic_ids2018,dependency,0.1,xgb,13,domain_shap,0.3,0.12658227848101267,0.02875,0.5366666666666666
cse_cic_ids2018,dependency,0.1,xgb,13,perm_domain,0.4,0.12658227848101267,0.02875,0.5366666666666666
cse_cic_ids2018,dependency,0.1,xgb,13,aux_shap,0.0,0.12658227848101267,0.02875,0.5366666666666666
cse_cic_ids2018,dependency,0.1,xgb,13,dual,0.2,0.12658227848101267,0.02875,0.5366666666666666
cse_cic_ids2018,dependency,0.1,mlp,13,ks,0.5,0.12658227848101267,0.02875,0.52125
cse_cic_ids2018,dependency,0.1,mlp,13,cond_ks,0.3,0.12658227848101267,0.02875,0.52125
cse_cic_ids2018,dependency,0.1,mlp,13,random,0.0,0.12658227848101267,0.02875,0.52125
cse_cic_ids2018,dependency,0.1,mlp,13,domain_shap,0.3,0.12658227848101267,0.02875,0.52125
cse_cic_ids2018,dependency,0.1,mlp,13,perm_domain,0.2,0.12658227848101267,0.02875,0.52125
cse_cic_ids2018,dependency,0.1,mlp,13,aux_shap,0.1,0.12658227848101267,0.02875,0.52125
cse_cic_ids2018,dependency,0.1,mlp,13,dual,0.1,0.12658227848101267,0.02875,0.52125
cse_cic_ids2018,dependency,0.1,rf,99,ks,0.3,0.12658227848101267,0.0295,0.5404166666666667
cse_cic_ids2018,dependency,0.1,rf,99,cond_ks,0.3,0.12658227848101267,0.0295,0.5404166666666667
cse_cic_ids2018,dependency,0.1,rf,99,random,0.0,0.12658227848101267,0.0295,0.5404166666666667
cse_cic_ids2018,dependency,0.1,rf,99,domain_shap,0.5,0.12658227848101267,0.0295,0.5404166666666667
cse_cic_ids2018,dependency,0.1,rf,99,perm_domain,0.7,0.12658227848101267,0.0295,0.5404166666666667
cse_cic_ids2018,dependency,0.1,rf,99,aux_shap,0.0,0.12658227848101267,0.0295,0.5404166666666667
cse_cic_ids2018,dependency,0.1,rf,99,dual,0.3,0.12658227848101267,0.0295,0.5404166666666667
cse_cic_ids2018,dependency,0.1,xgb,99,ks,0.3,0.12658227848101267,0.0295,0.52875
cse_cic_ids2018,dependency,0.1,xgb,99,cond_ks,0.3,0.12658227848101267,0.0295,0.52875
cse_cic_ids2018,dependency,0.1,xgb,99,random,0.0,0.12658227848101267,0.0295,0.52875
cse_cic_ids2018,dependency,0.1,xgb,99,domain_shap,0.3,0.12658227848101267,0.0295,0.52875
cse_cic_ids2018,dependency,0.1,xgb,99,perm_domain,0.5,0.12658227848101267,0.0295,0.52875
cse_cic_ids2018,dependency,0.1,xgb,99,aux_shap,0.1,0.12658227848101267,0.0295,0.52875
cse_cic_ids2018,dependency,0.1,xgb,99,dual,0.1,0.12658227848101267,0.0295,0.52875
cse_cic_ids2018,dependency,0.1,mlp,99,ks,0.3,0.12658227848101267,0.0295,0.5175
cse_cic_ids2018,dependency,0.1,mlp,99,cond_ks,0.3,0.12658227848101267,0.0295,0.5175
cse_cic_ids2018,dependency,0.1,mlp,99,random,0.0,0.12658227848101267,0.0295,0.5175
cse_cic_ids2018,dependency,0.1,mlp,99,domain_shap,0.1,0.12658227848101267,0.0295,0.5175
cse_cic_ids2018,dependency,0.1,mlp,99,perm_domain,0.2,0.12658227848101267,0.0295,0.5175
cse_cic_ids2018,dependency,0.1,mlp,99,aux_shap,0.0,0.12658227848101267,0.0295,0.5175
cse_cic_ids2018,dependency,0.1,mlp,99,dual,0.1,0.12658227848101267,0.0295,0.5175
cse_cic_ids2018,dependency,0.25,rf,42,ks,0.6,0.12658227848101267,0.0215,0.5958333333333333
cse_cic_ids2018,dependency,0.25,rf,42,cond_ks,0.3,0.12658227848101267,0.0215,0.5958333333333333
cse_cic_ids2018,dependency,0.25,rf,42,random,0.0,0.12658227848101267,0.0215,0.5958333333333333
cse_cic_ids2018,dependency,0.25,rf,42,domain_shap,0.7,0.12658227848101267,0.0215,0.5958333333333333
cse_cic_ids2018,dependency,0.25,rf,42,perm_domain,0.8,0.12658227848101267,0.0215,0.5958333333333333
cse_cic_ids2018,dependency,0.25,rf,42,aux_shap,0.0,0.12658227848101267,0.0215,0.5958333333333333
cse_cic_ids2018,dependency,0.25,rf,42,dual,0.4,0.12658227848101267,0.0215,0.5958333333333333
cse_cic_ids2018,dependency,0.25,xgb,42,ks,0.6,0.12658227848101267,0.0215,0.5758333333333333
cse_cic_ids2018,dependency,0.25,xgb,42,cond_ks,0.3,0.12658227848101267,0.0215,0.5758333333333333
cse_cic_ids2018,dependency,0.25,xgb,42,random,0.0,0.12658227848101267,0.0215,0.5758333333333333
cse_cic_ids2018,dependency,0.25,xgb,42,domain_shap,0.6,0.12658227848101267,0.0215,0.5758333333333333
cse_cic_ids2018,dependency,0.25,xgb,42,perm_domain,0.7,0.12658227848101267,0.0215,0.5758333333333333
cse_cic_ids2018,dependency,0.25,xgb,42,aux_shap,0.0,0.12658227848101267,0.0215,0.5758333333333333
cse_cic_ids2018,dependency,0.25,xgb,42,dual,0.1,0.12658227848101267,0.0215,0.5758333333333333
cse_cic_ids2018,dependency,0.25,mlp,42,ks,0.6,0.12658227848101267,0.0215,0.6066666666666667
cse_cic_ids2018,dependency,0.25,mlp,42,cond_ks,0.3,0.12658227848101267,0.0215,0.6066666666666667
cse_cic_ids2018,dependency,0.25,mlp,42,random,0.0,0.12658227848101267,0.0215,0.6066666666666667
cse_cic_ids2018,dependency,0.25,mlp,42,domain_shap,0.4,0.12658227848101267,0.0215,0.6066666666666667
cse_cic_ids2018,dependency,0.25,mlp,42,perm_domain,0.4,0.12658227848101267,0.0215,0.6066666666666667
cse_cic_ids2018,dependency,0.25,mlp,42,aux_shap,0.0,0.12658227848101267,0.0215,0.6066666666666667
cse_cic_ids2018,dependency,0.25,mlp,42,dual,0.5,0.12658227848101267,0.0215,0.6066666666666667
cse_cic_ids2018,dependency,0.25,rf,1,ks,0.1,0.12658227848101267,0.01975,0.5908333333333333
cse_cic_ids2018,dependency,0.25,rf,1,cond_ks,0.2,0.12658227848101267,0.01975,0.5908333333333333
cse_cic_ids2018,dependency,0.25,rf,1,random,0.0,0.12658227848101267,0.01975,0.5908333333333333
cse_cic_ids2018,dependency,0.25,rf,1,domain_shap,0.7,0.12658227848101267,0.01975,0.5908333333333333
cse_cic_ids2018,dependency,0.25,rf,1,perm_domain,0.7,0.12658227848101267,0.01975,0.5908333333333333
cse_cic_ids2018,dependency,0.25,rf,1,aux_shap,0.0,0.12658227848101267,0.01975,0.5908333333333333
cse_cic_ids2018,dependency,0.25,rf,1,dual,0.4,0.12658227848101267,0.01975,0.5908333333333333
cse_cic_ids2018,dependency,0.25,xgb,1,ks,0.1,0.12658227848101267,0.01975,0.5775
cse_cic_ids2018,dependency,0.25,xgb,1,cond_ks,0.2,0.12658227848101267,0.01975,0.5775
cse_cic_ids2018,dependency,0.25,xgb,1,random,0.0,0.12658227848101267,0.01975,0.5775
cse_cic_ids2018,dependency,0.25,xgb,1,domain_shap,0.6,0.12658227848101267,0.01975,0.5775
cse_cic_ids2018,dependency,0.25,xgb,1,perm_domain,0.6,0.12658227848101267,0.01975,0.5775
cse_cic_ids2018,dependency,0.25,xgb,1,aux_shap,0.0,0.12658227848101267,0.01975,0.5775
cse_cic_ids2018,dependency,0.25,xgb,1,dual,0.1,0.12658227848101267,0.01975,0.5775
cse_cic_ids2018,dependency,0.25,mlp,1,ks,0.1,0.12658227848101267,0.01975,0.5904166666666667
cse_cic_ids2018,dependency,0.25,mlp,1,cond_ks,0.2,0.12658227848101267,0.01975,0.5904166666666667
cse_cic_ids2018,dependency,0.25,mlp,1,random,0.0,0.12658227848101267,0.01975,0.5904166666666667
cse_cic_ids2018,dependency,0.25,mlp,1,domain_shap,0.3,0.12658227848101267,0.01975,0.5904166666666667
cse_cic_ids2018,dependency,0.25,mlp,1,perm_domain,0.5,0.12658227848101267,0.01975,0.5904166666666667
cse_cic_ids2018,dependency,0.25,mlp,1,aux_shap,0.0,0.12658227848101267,0.01975,0.5904166666666667
cse_cic_ids2018,dependency,0.25,mlp,1,dual,0.5,0.12658227848101267,0.01975,0.5904166666666667
cse_cic_ids2018,dependency,0.25,rf,7,ks,0.0,0.12658227848101267,0.02775,0.5695833333333333
cse_cic_ids2018,dependency,0.25,rf,7,cond_ks,0.3,0.12658227848101267,0.02775,0.5695833333333333
cse_cic_ids2018,dependency,0.25,rf,7,random,0.1,0.12658227848101267,0.02775,0.5695833333333333
cse_cic_ids2018,dependency,0.25,rf,7,domain_shap,0.6,0.12658227848101267,0.02775,0.5695833333333333
cse_cic_ids2018,dependency,0.25,rf,7,perm_domain,0.7,0.12658227848101267,0.02775,0.5695833333333333
cse_cic_ids2018,dependency,0.25,rf,7,aux_shap,0.0,0.12658227848101267,0.02775,0.5695833333333333
cse_cic_ids2018,dependency,0.25,rf,7,dual,0.3,0.12658227848101267,0.02775,0.5695833333333333
cse_cic_ids2018,dependency,0.25,xgb,7,ks,0.0,0.12658227848101267,0.02775,0.5645833333333333
cse_cic_ids2018,dependency,0.25,xgb,7,cond_ks,0.3,0.12658227848101267,0.02775,0.5645833333333333
cse_cic_ids2018,dependency,0.25,xgb,7,random,0.1,0.12658227848101267,0.02775,0.5645833333333333
cse_cic_ids2018,dependency,0.25,xgb,7,domain_shap,0.3,0.12658227848101267,0.02775,0.5645833333333333
cse_cic_ids2018,dependency,0.25,xgb,7,perm_domain,0.5,0.12658227848101267,0.02775,0.5645833333333333
cse_cic_ids2018,dependency,0.25,xgb,7,aux_shap,0.0,0.12658227848101267,0.02775,0.5645833333333333
cse_cic_ids2018,dependency,0.25,xgb,7,dual,0.1,0.12658227848101267,0.02775,0.5645833333333333
cse_cic_ids2018,dependency,0.25,mlp,7,ks,0.0,0.12658227848101267,0.02775,0.5595833333333333
cse_cic_ids2018,dependency,0.25,mlp,7,cond_ks,0.3,0.12658227848101267,0.02775,0.5595833333333333
cse_cic_ids2018,dependency,0.25,mlp,7,random,0.1,0.12658227848101267,0.02775,0.5595833333333333
cse_cic_ids2018,dependency,0.25,mlp,7,domain_shap,0.5,0.12658227848101267,0.02775,0.5595833333333333
cse_cic_ids2018,dependency,0.25,mlp,7,perm_domain,0.6,0.12658227848101267,0.02775,0.5595833333333333
cse_cic_ids2018,dependency,0.25,mlp,7,aux_shap,0.0,0.12658227848101267,0.02775,0.5595833333333333
cse_cic_ids2018,dependency,0.25,mlp,7,dual,0.1,0.12658227848101267,0.02775,0.5595833333333333
cse_cic_ids2018,dependency,0.25,rf,13,ks,0.5,0.12658227848101267,0.0295,0.59125
cse_cic_ids2018,dependency,0.25,rf,13,cond_ks,0.3,0.12658227848101267,0.0295,0.59125
cse_cic_ids2018,dependency,0.25,rf,13,random,0.0,0.12658227848101267,0.0295,0.59125
cse_cic_ids2018,dependency,0.25,rf,13,domain_shap,0.6,0.12658227848101267,0.0295,0.59125
cse_cic_ids2018,dependency,0.25,rf,13,perm_domain,0.7,0.12658227848101267,0.0295,0.59125
cse_cic_ids2018,dependency,0.25,rf,13,aux_shap,0.0,0.12658227848101267,0.0295,0.59125
cse_cic_ids2018,dependency,0.25,rf,13,dual,0.2,0.12658227848101267,0.0295,0.59125
cse_cic_ids2018,dependency,0.25,xgb,13,ks,0.5,0.12658227848101267,0.0295,0.5779166666666666
cse_cic_ids2018,dependency,0.25,xgb,13,cond_ks,0.3,0.12658227848101267,0.0295,0.5779166666666666
cse_cic_ids2018,dependency,0.25,xgb,13,random,0.0,0.12658227848101267,0.0295,0.5779166666666666
cse_cic_ids2018,dependency,0.25,xgb,13,domain_shap,0.3,0.12658227848101267,0.0295,0.5779166666666666
cse_cic_ids2018,dependency,0.25,xgb,13,perm_domain,0.5,0.12658227848101267,0.0295,0.5779166666666666
cse_cic_ids2018,dependency,0.25,xgb,13,aux_shap,0.0,0.12658227848101267,0.0295,0.5779166666666666
cse_cic_ids2018,dependency,0.25,xgb,13,dual,0.1,0.12658227848101267,0.0295,0.5779166666666666
cse_cic_ids2018,dependency,0.25,mlp,13,ks,0.5,0.12658227848101267,0.0295,0.6008333333333333
cse_cic_ids2018,dependency,0.25,mlp,13,cond_ks,0.3,0.12658227848101267,0.0295,0.6008333333333333
cse_cic_ids2018,dependency,0.25,mlp,13,random,0.0,0.12658227848101267,0.0295,0.6008333333333333
cse_cic_ids2018,dependency,0.25,mlp,13,domain_shap,0.4,0.12658227848101267,0.0295,0.6008333333333333
cse_cic_ids2018,dependency,0.25,mlp,13,perm_domain,0.4,0.12658227848101267,0.0295,0.6008333333333333
cse_cic_ids2018,dependency,0.25,mlp,13,aux_shap,0.0,0.12658227848101267,0.0295,0.6008333333333333
cse_cic_ids2018,dependency,0.25,mlp,13,dual,0.2,0.12658227848101267,0.0295,0.6008333333333333
cse_cic_ids2018,dependency,0.25,rf,99,ks,0.2,0.12658227848101267,0.0295,0.58875
cse_cic_ids2018,dependency,0.25,rf,99,cond_ks,0.4,0.12658227848101267,0.0295,0.58875
cse_cic_ids2018,dependency,0.25,rf,99,random,0.0,0.12658227848101267,0.0295,0.58875
cse_cic_ids2018,dependency,0.25,rf,99,domain_shap,0.7,0.12658227848101267,0.0295,0.58875
cse_cic_ids2018,dependency,0.25,rf,99,perm_domain,0.9,0.12658227848101267,0.0295,0.58875
cse_cic_ids2018,dependency,0.25,rf,99,aux_shap,0.0,0.12658227848101267,0.0295,0.58875
cse_cic_ids2018,dependency,0.25,rf,99,dual,0.3,0.12658227848101267,0.0295,0.58875
cse_cic_ids2018,dependency,0.25,xgb,99,ks,0.2,0.12658227848101267,0.0295,0.5754166666666667
cse_cic_ids2018,dependency,0.25,xgb,99,cond_ks,0.4,0.12658227848101267,0.0295,0.5754166666666667
cse_cic_ids2018,dependency,0.25,xgb,99,random,0.0,0.12658227848101267,0.0295,0.5754166666666667
cse_cic_ids2018,dependency,0.25,xgb,99,domain_shap,0.4,0.12658227848101267,0.0295,0.5754166666666667
cse_cic_ids2018,dependency,0.25,xgb,99,perm_domain,0.5,0.12658227848101267,0.0295,0.5754166666666667
cse_cic_ids2018,dependency,0.25,xgb,99,aux_shap,0.0,0.12658227848101267,0.0295,0.5754166666666667
cse_cic_ids2018,dependency,0.25,xgb,99,dual,0.1,0.12658227848101267,0.0295,0.5754166666666667
cse_cic_ids2018,dependency,0.25,mlp,99,ks,0.2,0.12658227848101267,0.0295,0.5820833333333333
cse_cic_ids2018,dependency,0.25,mlp,99,cond_ks,0.4,0.12658227848101267,0.0295,0.5820833333333333
cse_cic_ids2018,dependency,0.25,mlp,99,random,0.0,0.12658227848101267,0.0295,0.5820833333333333
cse_cic_ids2018,dependency,0.25,mlp,99,domain_shap,0.6,0.12658227848101267,0.0295,0.5820833333333333
cse_cic_ids2018,dependency,0.25,mlp,99,perm_domain,0.6,0.12658227848101267,0.0295,0.5820833333333333
cse_cic_ids2018,dependency,0.25,mlp,99,aux_shap,0.0,0.12658227848101267,0.0295,0.5820833333333333
cse_cic_ids2018,dependency,0.25,mlp,99,dual,0.1,0.12658227848101267,0.0295,0.5820833333333333
cse_cic_ids2018,dependency,0.5,rf,42,ks,0.4,0.12658227848101267,0.0215,0.7158333333333333
cse_cic_ids2018,dependency,0.5,rf,42,cond_ks,0.3,0.12658227848101267,0.0215,0.7158333333333333
cse_cic_ids2018,dependency,0.5,rf,42,random,0.0,0.12658227848101267,0.0215,0.7158333333333333
cse_cic_ids2018,dependency,0.5,rf,42,domain_shap,0.8,0.12658227848101267,0.0215,0.7158333333333333
cse_cic_ids2018,dependency,0.5,rf,42,perm_domain,0.8,0.12658227848101267,0.0215,0.7158333333333333
cse_cic_ids2018,dependency,0.5,rf,42,aux_shap,0.0,0.12658227848101267,0.0215,0.7158333333333333
cse_cic_ids2018,dependency,0.5,rf,42,dual,0.4,0.12658227848101267,0.0215,0.7158333333333333
cse_cic_ids2018,dependency,0.5,xgb,42,ks,0.4,0.12658227848101267,0.0215,0.70125
cse_cic_ids2018,dependency,0.5,xgb,42,cond_ks,0.3,0.12658227848101267,0.0215,0.70125
cse_cic_ids2018,dependency,0.5,xgb,42,random,0.0,0.12658227848101267,0.0215,0.70125
cse_cic_ids2018,dependency,0.5,xgb,42,domain_shap,0.5,0.12658227848101267,0.0215,0.70125
cse_cic_ids2018,dependency,0.5,xgb,42,perm_domain,0.7,0.12658227848101267,0.0215,0.70125
cse_cic_ids2018,dependency,0.5,xgb,42,aux_shap,0.0,0.12658227848101267,0.0215,0.70125
cse_cic_ids2018,dependency,0.5,xgb,42,dual,0.1,0.12658227848101267,0.0215,0.70125
cse_cic_ids2018,dependency,0.5,mlp,42,ks,0.4,0.12658227848101267,0.0215,0.7091666666666666
cse_cic_ids2018,dependency,0.5,mlp,42,cond_ks,0.3,0.12658227848101267,0.0215,0.7091666666666666
cse_cic_ids2018,dependency,0.5,mlp,42,random,0.0,0.12658227848101267,0.0215,0.7091666666666666
cse_cic_ids2018,dependency,0.5,mlp,42,domain_shap,0.3,0.12658227848101267,0.0215,0.7091666666666666
cse_cic_ids2018,dependency,0.5,mlp,42,perm_domain,0.6,0.12658227848101267,0.0215,0.7091666666666666
cse_cic_ids2018,dependency,0.5,mlp,42,aux_shap,0.0,0.12658227848101267,0.0215,0.7091666666666666
cse_cic_ids2018,dependency,0.5,mlp,42,dual,0.3,0.12658227848101267,0.0215,0.7091666666666666
cse_cic_ids2018,dependency,0.5,rf,1,ks,0.0,0.12658227848101267,0.01975,0.7129166666666666
cse_cic_ids2018,dependency,0.5,rf,1,cond_ks,0.2,0.12658227848101267,0.01975,0.7129166666666666
cse_cic_ids2018,dependency,0.5,rf,1,random,0.0,0.12658227848101267,0.01975,0.7129166666666666
cse_cic_ids2018,dependency,0.5,rf,1,domain_shap,0.8,0.12658227848101267,0.01975,0.7129166666666666
cse_cic_ids2018,dependency,0.5,rf,1,perm_domain,0.8,0.12658227848101267,0.01975,0.7129166666666666
cse_cic_ids2018,dependency,0.5,rf,1,aux_shap,0.0,0.12658227848101267,0.01975,0.7129166666666666
cse_cic_ids2018,dependency,0.5,rf,1,dual,0.4,0.12658227848101267,0.01975,0.7129166666666666
cse_cic_ids2018,dependency,0.5,xgb,1,ks,0.0,0.12658227848101267,0.01975,0.69625
cse_cic_ids2018,dependency,0.5,xgb,1,cond_ks,0.2,0.12658227848101267,0.01975,0.69625
cse_cic_ids2018,dependency,0.5,xgb,1,random,0.0,0.12658227848101267,0.01975,0.69625
cse_cic_ids2018,dependency,0.5,xgb,1,domain_shap,0.6,0.12658227848101267,0.01975,0.69625
cse_cic_ids2018,dependency,0.5,xgb,1,perm_domain,0.6,0.12658227848101267,0.01975,0.69625
cse_cic_ids2018,dependency,0.5,xgb,1,aux_shap,0.0,0.12658227848101267,0.01975,0.69625
cse_cic_ids2018,dependency,0.5,xgb,1,dual,0.0,0.12658227848101267,0.01975,0.69625
cse_cic_ids2018,dependency,0.5,mlp,1,ks,0.0,0.12658227848101267,0.01975,0.6920833333333334
cse_cic_ids2018,dependency,0.5,mlp,1,cond_ks,0.2,0.12658227848101267,0.01975,0.6920833333333334
cse_cic_ids2018,dependency,0.5,mlp,1,random,0.0,0.12658227848101267,0.01975,0.6920833333333334
cse_cic_ids2018,dependency,0.5,mlp,1,domain_shap,0.5,0.12658227848101267,0.01975,0.6920833333333334
cse_cic_ids2018,dependency,0.5,mlp,1,perm_domain,0.3,0.12658227848101267,0.01975,0.6920833333333334
cse_cic_ids2018,dependency,0.5,mlp,1,aux_shap,0.0,0.12658227848101267,0.01975,0.6920833333333334
cse_cic_ids2018,dependency,0.5,mlp,1,dual,0.5,0.12658227848101267,0.01975,0.6920833333333334
cse_cic_ids2018,dependency,0.5,rf,7,ks,0.1,0.12658227848101267,0.02775,0.7120833333333333
cse_cic_ids2018,dependency,0.5,rf,7,cond_ks,0.4,0.12658227848101267,0.02775,0.7120833333333333
cse_cic_ids2018,dependency,0.5,rf,7,random,0.1,0.12658227848101267,0.02775,0.7120833333333333
cse_cic_ids2018,dependency,0.5,rf,7,domain_shap,0.9,0.12658227848101267,0.02775,0.7120833333333333
cse_cic_ids2018,dependency,0.5,rf,7,perm_domain,0.9,0.12658227848101267,0.02775,0.7120833333333333
cse_cic_ids2018,dependency,0.5,rf,7,aux_shap,0.0,0.12658227848101267,0.02775,0.7120833333333333
cse_cic_ids2018,dependency,0.5,rf,7,dual,0.4,0.12658227848101267,0.02775,0.7120833333333333
cse_cic_ids2018,dependency,0.5,xgb,7,ks,0.1,0.12658227848101267,0.02775,0.68125
cse_cic_ids2018,dependency,0.5,xgb,7,cond_ks,0.4,0.12658227848101267,0.02775,0.68125
cse_cic_ids2018,dependency,0.5,xgb,7,random,0.1,0.12658227848101267,0.02775,0.68125
cse_cic_ids2018,dependency,0.5,xgb,7,domain_shap,0.4,0.12658227848101267,0.02775,0.68125
cse_cic_ids2018,dependency,0.5,xgb,7,perm_domain,0.7,0.12658227848101267,0.02775,0.68125
cse_cic_ids2018,dependency,0.5,xgb,7,aux_shap,0.0,0.12658227848101267,0.02775,0.68125
cse_cic_ids2018,dependency,0.5,xgb,7,dual,0.1,0.12658227848101267,0.02775,0.68125
cse_cic_ids2018,dependency,0.5,mlp,7,ks,0.1,0.12658227848101267,0.02775,0.6970833333333334
cse_cic_ids2018,dependency,0.5,mlp,7,cond_ks,0.4,0.12658227848101267,0.02775,0.6970833333333334
cse_cic_ids2018,dependency,0.5,mlp,7,random,0.1,0.12658227848101267,0.02775,0.6970833333333334
cse_cic_ids2018,dependency,0.5,mlp,7,domain_shap,0.5,0.12658227848101267,0.02775,0.6970833333333334
cse_cic_ids2018,dependency,0.5,mlp,7,perm_domain,0.5,0.12658227848101267,0.02775,0.6970833333333334
cse_cic_ids2018,dependency,0.5,mlp,7,aux_shap,0.0,0.12658227848101267,0.02775,0.6970833333333334
cse_cic_ids2018,dependency,0.5,mlp,7,dual,0.2,0.12658227848101267,0.02775,0.6970833333333334
cse_cic_ids2018,dependency,0.5,rf,13,ks,0.2,0.12658227848101267,0.0295,0.7304166666666667
cse_cic_ids2018,dependency,0.5,rf,13,cond_ks,0.3,0.12658227848101267,0.0295,0.7304166666666667
cse_cic_ids2018,dependency,0.5,rf,13,random,0.0,0.12658227848101267,0.0295,0.7304166666666667
cse_cic_ids2018,dependency,0.5,rf,13,domain_shap,0.7,0.12658227848101267,0.0295,0.7304166666666667
cse_cic_ids2018,dependency,0.5,rf,13,perm_domain,0.8,0.12658227848101267,0.0295,0.7304166666666667
cse_cic_ids2018,dependency,0.5,rf,13,aux_shap,0.0,0.12658227848101267,0.0295,0.7304166666666667
cse_cic_ids2018,dependency,0.5,rf,13,dual,0.2,0.12658227848101267,0.0295,0.7304166666666667
cse_cic_ids2018,dependency,0.5,xgb,13,ks,0.2,0.12658227848101267,0.0295,0.7170833333333333
cse_cic_ids2018,dependency,0.5,xgb,13,cond_ks,0.3,0.12658227848101267,0.0295,0.7170833333333333
cse_cic_ids2018,dependency,0.5,xgb,13,random,0.0,0.12658227848101267,0.0295,0.7170833333333333
cse_cic_ids2018,dependency,0.5,xgb,13,domain_shap,0.4,0.12658227848101267,0.0295,0.7170833333333333
cse_cic_ids2018,dependency,0.5,xgb,13,perm_domain,0.7,0.12658227848101267,0.0295,0.7170833333333333
cse_cic_ids2018,dependency,0.5,xgb,13,aux_shap,0.0,0.12658227848101267,0.0295,0.7170833333333333
cse_cic_ids2018,dependency,0.5,xgb,13,dual,0.2,0.12658227848101267,0.0295,0.7170833333333333
cse_cic_ids2018,dependency,0.5,mlp,13,ks,0.2,0.12658227848101267,0.0295,0.72875
cse_cic_ids2018,dependency,0.5,mlp,13,cond_ks,0.3,0.12658227848101267,0.0295,0.72875
cse_cic_ids2018,dependency,0.5,mlp,13,random,0.0,0.12658227848101267,0.0295,0.72875
cse_cic_ids2018,dependency,0.5,mlp,13,domain_shap,0.4,0.12658227848101267,0.0295,0.72875
cse_cic_ids2018,dependency,0.5,mlp,13,perm_domain,0.5,0.12658227848101267,0.0295,0.72875
cse_cic_ids2018,dependency,0.5,mlp,13,aux_shap,0.0,0.12658227848101267,0.0295,0.72875
cse_cic_ids2018,dependency,0.5,mlp,13,dual,0.2,0.12658227848101267,0.0295,0.72875
cse_cic_ids2018,dependency,0.5,rf,99,ks,0.1,0.12658227848101267,0.03025,0.7129166666666666
cse_cic_ids2018,dependency,0.5,rf,99,cond_ks,0.4,0.12658227848101267,0.03025,0.7129166666666666
cse_cic_ids2018,dependency,0.5,rf,99,random,0.0,0.12658227848101267,0.03025,0.7129166666666666
cse_cic_ids2018,dependency,0.5,rf,99,domain_shap,0.8,0.12658227848101267,0.03025,0.7129166666666666
cse_cic_ids2018,dependency,0.5,rf,99,perm_domain,0.8,0.12658227848101267,0.03025,0.7129166666666666
cse_cic_ids2018,dependency,0.5,rf,99,aux_shap,0.0,0.12658227848101267,0.03025,0.7129166666666666
cse_cic_ids2018,dependency,0.5,rf,99,dual,0.3,0.12658227848101267,0.03025,0.7129166666666666
cse_cic_ids2018,dependency,0.5,xgb,99,ks,0.1,0.12658227848101267,0.03025,0.6979166666666666
cse_cic_ids2018,dependency,0.5,xgb,99,cond_ks,0.4,0.12658227848101267,0.03025,0.6979166666666666
cse_cic_ids2018,dependency,0.5,xgb,99,random,0.0,0.12658227848101267,0.03025,0.6979166666666666
cse_cic_ids2018,dependency,0.5,xgb,99,domain_shap,0.5,0.12658227848101267,0.03025,0.6979166666666666
cse_cic_ids2018,dependency,0.5,xgb,99,perm_domain,0.5,0.12658227848101267,0.03025,0.6979166666666666
cse_cic_ids2018,dependency,0.5,xgb,99,aux_shap,0.0,0.12658227848101267,0.03025,0.6979166666666666
cse_cic_ids2018,dependency,0.5,xgb,99,dual,0.1,0.12658227848101267,0.03025,0.6979166666666666
cse_cic_ids2018,dependency,0.5,mlp,99,ks,0.1,0.12658227848101267,0.03025,0.70625
cse_cic_ids2018,dependency,0.5,mlp,99,cond_ks,0.4,0.12658227848101267,0.03025,0.70625
cse_cic_ids2018,dependency,0.5,mlp,99,random,0.0,0.12658227848101267,0.03025,0.70625
cse_cic_ids2018,dependency,0.5,mlp,99,domain_shap,0.5,0.12658227848101267,0.03025,0.70625
cse_cic_ids2018,dependency,0.5,mlp,99,perm_domain,0.6,0.12658227848101267,0.03025,0.70625
cse_cic_ids2018,dependency,0.5,mlp,99,aux_shap,0.0,0.12658227848101267,0.03025,0.70625
cse_cic_ids2018,dependency,0.5,mlp,99,dual,0.1,0.12658227848101267,0.03025,0.70625
cse_cic_ids2018,concept,1.0,rf,42,ks,0.1,0.12658227848101267,0.0215,0.49416666666666664
cse_cic_ids2018,concept,1.0,rf,42,cond_ks,0.2,0.12658227848101267,0.0215,0.49416666666666664
cse_cic_ids2018,concept,1.0,rf,42,random,0.0,0.12658227848101267,0.0215,0.49416666666666664
cse_cic_ids2018,concept,1.0,rf,42,domain_shap,0.2,0.12658227848101267,0.0215,0.49416666666666664
cse_cic_ids2018,concept,1.0,rf,42,perm_domain,0.0,0.12658227848101267,0.0215,0.49416666666666664
cse_cic_ids2018,concept,1.0,rf,42,aux_shap,0.0,0.12658227848101267,0.0215,0.49416666666666664
cse_cic_ids2018,concept,1.0,rf,42,dual,0.1,0.12658227848101267,0.0215,0.49416666666666664
cse_cic_ids2018,concept,1.0,xgb,42,ks,0.1,0.12658227848101267,0.0215,0.49916666666666665
cse_cic_ids2018,concept,1.0,xgb,42,cond_ks,0.2,0.12658227848101267,0.0215,0.49916666666666665
cse_cic_ids2018,concept,1.0,xgb,42,random,0.0,0.12658227848101267,0.0215,0.49916666666666665
cse_cic_ids2018,concept,1.0,xgb,42,domain_shap,0.0,0.12658227848101267,0.0215,0.49916666666666665
cse_cic_ids2018,concept,1.0,xgb,42,perm_domain,0.1,0.12658227848101267,0.0215,0.49916666666666665
cse_cic_ids2018,concept,1.0,xgb,42,aux_shap,0.6,0.12658227848101267,0.0215,0.49916666666666665
cse_cic_ids2018,concept,1.0,xgb,42,dual,0.4,0.12658227848101267,0.0215,0.49916666666666665
cse_cic_ids2018,concept,1.0,mlp,42,ks,0.1,0.12658227848101267,0.0215,0.49541666666666667
cse_cic_ids2018,concept,1.0,mlp,42,cond_ks,0.2,0.12658227848101267,0.0215,0.49541666666666667
cse_cic_ids2018,concept,1.0,mlp,42,random,0.0,0.12658227848101267,0.0215,0.49541666666666667
cse_cic_ids2018,concept,1.0,mlp,42,domain_shap,0.1,0.12658227848101267,0.0215,0.49541666666666667
cse_cic_ids2018,concept,1.0,mlp,42,perm_domain,0.3,0.12658227848101267,0.0215,0.49541666666666667
cse_cic_ids2018,concept,1.0,mlp,42,aux_shap,0.2,0.12658227848101267,0.0215,0.49541666666666667
cse_cic_ids2018,concept,1.0,mlp,42,dual,0.3,0.12658227848101267,0.0215,0.49541666666666667
cse_cic_ids2018,concept,1.0,rf,1,ks,0.3,0.12658227848101267,0.01975,0.48583333333333334
cse_cic_ids2018,concept,1.0,rf,1,cond_ks,0.1,0.12658227848101267,0.01975,0.48583333333333334
cse_cic_ids2018,concept,1.0,rf,1,random,0.0,0.12658227848101267,0.01975,0.48583333333333334
cse_cic_ids2018,concept,1.0,rf,1,domain_shap,0.1,0.12658227848101267,0.01975,0.48583333333333334
cse_cic_ids2018,concept,1.0,rf,1,perm_domain,0.4,0.12658227848101267,0.01975,0.48583333333333334
cse_cic_ids2018,concept,1.0,rf,1,aux_shap,0.2,0.12658227848101267,0.01975,0.48583333333333334
cse_cic_ids2018,concept,1.0,rf,1,dual,0.3,0.12658227848101267,0.01975,0.48583333333333334
cse_cic_ids2018,concept,1.0,xgb,1,ks,0.3,0.12658227848101267,0.01975,0.485
cse_cic_ids2018,concept,1.0,xgb,1,cond_ks,0.1,0.12658227848101267,0.01975,0.485
cse_cic_ids2018,concept,1.0,xgb,1,random,0.0,0.12658227848101267,0.01975,0.485
cse_cic_ids2018,concept,1.0,xgb,1,domain_shap,0.2,0.12658227848101267,0.01975,0.485
cse_cic_ids2018,concept,1.0,xgb,1,perm_domain,0.2,0.12658227848101267,0.01975,0.485
cse_cic_ids2018,concept,1.0,xgb,1,aux_shap,0.3,0.12658227848101267,0.01975,0.485
cse_cic_ids2018,concept,1.0,xgb,1,dual,0.3,0.12658227848101267,0.01975,0.485
cse_cic_ids2018,concept,1.0,mlp,1,ks,0.3,0.12658227848101267,0.01975,0.48375
cse_cic_ids2018,concept,1.0,mlp,1,cond_ks,0.1,0.12658227848101267,0.01975,0.48375
cse_cic_ids2018,concept,1.0,mlp,1,random,0.0,0.12658227848101267,0.01975,0.48375
cse_cic_ids2018,concept,1.0,mlp,1,domain_shap,0.2,0.12658227848101267,0.01975,0.48375
cse_cic_ids2018,concept,1.0,mlp,1,perm_domain,0.1,0.12658227848101267,0.01975,0.48375
cse_cic_ids2018,concept,1.0,mlp,1,aux_shap,0.5,0.12658227848101267,0.01975,0.48375
cse_cic_ids2018,concept,1.0,mlp,1,dual,0.5,0.12658227848101267,0.01975,0.48375
cse_cic_ids2018,concept,1.0,rf,7,ks,0.1,0.12658227848101267,0.02775,0.4841666666666667
cse_cic_ids2018,concept,1.0,rf,7,cond_ks,0.1,0.12658227848101267,0.02775,0.4841666666666667
cse_cic_ids2018,concept,1.0,rf,7,random,0.1,0.12658227848101267,0.02775,0.4841666666666667
cse_cic_ids2018,concept,1.0,rf,7,domain_shap,0.1,0.12658227848101267,0.02775,0.4841666666666667
cse_cic_ids2018,concept,1.0,rf,7,perm_domain,0.1,0.12658227848101267,0.02775,0.4841666666666667
cse_cic_ids2018,concept,1.0,rf,7,aux_shap,0.3,0.12658227848101267,0.02775,0.4841666666666667
cse_cic_ids2018,concept,1.0,rf,7,dual,0.2,0.12658227848101267,0.02775,0.4841666666666667
cse_cic_ids2018,concept,1.0,xgb,7,ks,0.1,0.12658227848101267,0.02775,0.4891666666666667
cse_cic_ids2018,concept,1.0,xgb,7,cond_ks,0.1,0.12658227848101267,0.02775,0.4891666666666667
cse_cic_ids2018,concept,1.0,xgb,7,random,0.1,0.12658227848101267,0.02775,0.4891666666666667
cse_cic_ids2018,concept,1.0,xgb,7,domain_shap,0.2,0.12658227848101267,0.02775,0.4891666666666667
cse_cic_ids2018,concept,1.0,xgb,7,perm_domain,0.2,0.12658227848101267,0.02775,0.4891666666666667
cse_cic_ids2018,concept,1.0,xgb,7,aux_shap,0.5,0.12658227848101267,0.02775,0.4891666666666667
cse_cic_ids2018,concept,1.0,xgb,7,dual,0.3,0.12658227848101267,0.02775,0.4891666666666667
cse_cic_ids2018,concept,1.0,mlp,7,ks,0.1,0.12658227848101267,0.02775,0.49375
cse_cic_ids2018,concept,1.0,mlp,7,cond_ks,0.1,0.12658227848101267,0.02775,0.49375
cse_cic_ids2018,concept,1.0,mlp,7,random,0.1,0.12658227848101267,0.02775,0.49375
cse_cic_ids2018,concept,1.0,mlp,7,domain_shap,0.3,0.12658227848101267,0.02775,0.49375
cse_cic_ids2018,concept,1.0,mlp,7,perm_domain,0.2,0.12658227848101267,0.02775,0.49375
cse_cic_ids2018,concept,1.0,mlp,7,aux_shap,0.4,0.12658227848101267,0.02775,0.49375
cse_cic_ids2018,concept,1.0,mlp,7,dual,0.1,0.12658227848101267,0.02775,0.49375
cse_cic_ids2018,concept,1.0,rf,13,ks,0.4,0.12658227848101267,0.02875,0.49625
cse_cic_ids2018,concept,1.0,rf,13,cond_ks,0.2,0.12658227848101267,0.02875,0.49625
cse_cic_ids2018,concept,1.0,rf,13,random,0.0,0.12658227848101267,0.02875,0.49625
cse_cic_ids2018,concept,1.0,rf,13,domain_shap,0.0,0.12658227848101267,0.02875,0.49625
cse_cic_ids2018,concept,1.0,rf,13,perm_domain,0.3,0.12658227848101267,0.02875,0.49625
cse_cic_ids2018,concept,1.0,rf,13,aux_shap,0.5,0.12658227848101267,0.02875,0.49625
cse_cic_ids2018,concept,1.0,rf,13,dual,0.3,0.12658227848101267,0.02875,0.49625
cse_cic_ids2018,concept,1.0,xgb,13,ks,0.4,0.12658227848101267,0.02875,0.50625
cse_cic_ids2018,concept,1.0,xgb,13,cond_ks,0.2,0.12658227848101267,0.02875,0.50625
cse_cic_ids2018,concept,1.0,xgb,13,random,0.0,0.12658227848101267,0.02875,0.50625
cse_cic_ids2018,concept,1.0,xgb,13,domain_shap,0.0,0.12658227848101267,0.02875,0.50625
cse_cic_ids2018,concept,1.0,xgb,13,perm_domain,0.2,0.12658227848101267,0.02875,0.50625
cse_cic_ids2018,concept,1.0,xgb,13,aux_shap,0.4,0.12658227848101267,0.02875,0.50625
cse_cic_ids2018,concept,1.0,xgb,13,dual,0.2,0.12658227848101267,0.02875,0.50625
cse_cic_ids2018,concept,1.0,mlp,13,ks,0.4,0.12658227848101267,0.02875,0.49375
cse_cic_ids2018,concept,1.0,mlp,13,cond_ks,0.2,0.12658227848101267,0.02875,0.49375
cse_cic_ids2018,concept,1.0,mlp,13,random,0.0,0.12658227848101267,0.02875,0.49375
cse_cic_ids2018,concept,1.0,mlp,13,domain_shap,0.1,0.12658227848101267,0.02875,0.49375
cse_cic_ids2018,concept,1.0,mlp,13,perm_domain,0.2,0.12658227848101267,0.02875,0.49375
cse_cic_ids2018,concept,1.0,mlp,13,aux_shap,0.6,0.12658227848101267,0.02875,0.49375
cse_cic_ids2018,concept,1.0,mlp,13,dual,0.3,0.12658227848101267,0.02875,0.49375
cse_cic_ids2018,concept,1.0,rf,99,ks,0.2,0.12658227848101267,0.0295,0.49333333333333335
cse_cic_ids2018,concept,1.0,rf,99,cond_ks,0.1,0.12658227848101267,0.0295,0.49333333333333335
cse_cic_ids2018,concept,1.0,rf,99,random,0.0,0.12658227848101267,0.0295,0.49333333333333335
cse_cic_ids2018,concept,1.0,rf,99,domain_shap,0.0,0.12658227848101267,0.0295,0.49333333333333335
cse_cic_ids2018,concept,1.0,rf,99,perm_domain,0.3,0.12658227848101267,0.0295,0.49333333333333335
cse_cic_ids2018,concept,1.0,rf,99,aux_shap,0.2,0.12658227848101267,0.0295,0.49333333333333335
cse_cic_ids2018,concept,1.0,rf,99,dual,0.2,0.12658227848101267,0.0295,0.49333333333333335
cse_cic_ids2018,concept,1.0,xgb,99,ks,0.2,0.12658227848101267,0.0295,0.49625
cse_cic_ids2018,concept,1.0,xgb,99,cond_ks,0.1,0.12658227848101267,0.0295,0.49625
cse_cic_ids2018,concept,1.0,xgb,99,random,0.0,0.12658227848101267,0.0295,0.49625
cse_cic_ids2018,concept,1.0,xgb,99,domain_shap,0.1,0.12658227848101267,0.0295,0.49625
cse_cic_ids2018,concept,1.0,xgb,99,perm_domain,0.2,0.12658227848101267,0.0295,0.49625
cse_cic_ids2018,concept,1.0,xgb,99,aux_shap,0.5,0.12658227848101267,0.0295,0.49625
cse_cic_ids2018,concept,1.0,xgb,99,dual,0.4,0.12658227848101267,0.0295,0.49625
cse_cic_ids2018,concept,1.0,mlp,99,ks,0.2,0.12658227848101267,0.0295,0.5104166666666666
cse_cic_ids2018,concept,1.0,mlp,99,cond_ks,0.1,0.12658227848101267,0.0295,0.5104166666666666
cse_cic_ids2018,concept,1.0,mlp,99,random,0.0,0.12658227848101267,0.0295,0.5104166666666666
cse_cic_ids2018,concept,1.0,mlp,99,domain_shap,0.3,0.12658227848101267,0.0295,0.5104166666666666
cse_cic_ids2018,concept,1.0,mlp,99,perm_domain,0.2,0.12658227848101267,0.0295,0.5104166666666666
cse_cic_ids2018,concept,1.0,mlp,99,aux_shap,0.2,0.12658227848101267,0.0295,0.5104166666666666
cse_cic_ids2018,concept,1.0,mlp,99,dual,0.2,0.12658227848101267,0.0295,0.5104166666666666
